model,threshold,scene_index,scene_name,scene_type,valid_pixels,iou,dice,precision,recall,fpr,fnr,gt_flood_percent,pred_flood_percent,area_ratio,tp,fp,fn,tn
baseline,0.5,0,sample_00,flood,244464,0.24896239856284458,0.39867076678900903,0.7685982023331421,0.26913547177392355,0.005271619084132427,0.7308645282260765,6.108465868185091,2.1389652464166504,0.35016406616219115,4019,1210,10914,228321
baseline,0.5,1,sample_01,flood,262144,0.1311897106109325,0.23194997157475838,0.5795454545454546,0.14498933901918976,0.0005676217798011023,0.8550106609808102,0.5367279052734375,0.13427734375,0.2501776830135039,204,148,1203,260589
baseline,0.5,2,sample_02,no_flood,27394,0.0,0.0,0.0,0.0,0.018288676352485947,0.0,0.0,1.8288676352485946,nan,0,501,0,26893
baseline,0.5,3,sample_03,flood,262144,0.40037118272313144,0.5718072289156626,0.49396336386344714,0.6787757437070938,0.009398874145556896,0.3212242562929062,1.3336181640625,1.83258056640625,1.374141876430206,2373,2431,1123,256217
baseline,0.5,4,sample_04,flood,171624,0.799929201973495,0.8888451846844079,0.8642730793134771,0.9148553933351888,0.04298161283241107,0.0851446066648111,23.027665128420267,24.37537873490887,1.058525847018041,36156,5678,3365,126425
baseline,0.5,5,sample_05,flood,117511,0.6530232637876944,0.7900956726905027,0.8769367129405806,0.7189042285153485,0.9264298093587522,0.2810957714846515,90.1796427568483,73.92839819250963,0.8197903199932057,76183,10691,29788,849
baseline,0.5,6,sample_06,flood,262144,0.6850073254110369,0.8130615399478311,0.6959973536222296,0.9774680603948896,0.0071284793999356185,0.022531939605110338,1.6422271728515625,2.306365966796875,1.4044134727061557,4208,1838,97,256001
baseline,0.5,7,sample_07,no_flood,262144,1.0,1.0,0.0,0.0,0.0,0.0,0.0,0.0,nan,0,0,0,262144
baseline,0.5,9,sample_09,no_flood,262144,1.0,1.0,0.0,0.0,0.0,0.0,0.0,0.0,nan,0,0,0,262144
baseline,0.5,10,sample_10,flood,262144,0.06539833531510107,0.12276785714285714,0.7051282051282052,0.06723716381418093,0.00017657807053910054,0.9327628361858191,0.62408447265625,0.05950927734375,0.09535452322738386,110,46,1526,260462
baseline,0.5,11,sample_11,flood,261992,0.6941330845045781,0.8194552020186373,0.7146811576798366,0.960226860180875,0.3442288049029622,0.03977313981912499,47.311749977098536,63.56682646798375,1.3435737739304414,119023,47517,4930,90522
baseline,0.5,12,sample_12,flood,246049,0.785193674397803,0.8796733773579736,0.7945044688313158,0.9852945045116145,0.22014998863722446,0.014705495488385551,46.34808513751326,57.477982027970036,1.2401371460640658,112362,29062,1677,102948
baseline,0.5,13,sample_13,flood,262087,0.6089630237292255,0.7569633543445666,0.6796150742250283,0.8541790968445816,0.32634269333057025,0.14582090315541843,44.764524757046324,56.26261508583028,1.2568571964337465,100214,47243,17108,97522
baseline,0.5,14,sample_14,flood,262144,0.11027864298341611,0.19865039047691258,0.16326021934197407,0.2536302032913843,0.026126648481004284,0.7463697967086157,1.9702911376953125,3.0609130859375,1.5535333978702808,1310,6714,3855,250265
baseline,0.5,15,sample_15,flood,188716,0.15793973071169054,0.2727943890734588,0.17394783918651727,0.6318399452804377,0.09595445895399961,0.36816005471956226,3.0988363466796667,11.256067318086437,3.6323529411764706,3695,17547,2153,165321
baseline,0.5,16,sample_16,flood,183120,0.41344887348353554,0.5850213350335965,0.4452407614781635,0.8527309122104662,0.04219138571250128,0.14726908778953388,3.8193534294451728,7.314875491480996,1.9152130397483558,5964,7431,1030,168695
baseline,0.5,17,sample_17,flood,242000,0.40445915345758576,0.5759642812848815,0.4505763185469787,0.7980478416277151,0.06224170374408666,0.20195215837228486,6.011570247933884,10.647520661157024,1.771171295023371,11610,14157,2938,213295
baseline,0.5,18,sample_18,no_flood,260175,0.0,0.0,0.0,0.0,0.006991448063803209,0.0,0.0,0.699144806380321,nan,0,1819,0,258356
baseline,0.5,19,sample_19,flood,151793,0.8512980021533676,0.9196768982229402,0.8554555426991449,0.9943234415663808,0.5159438946549736,0.005676558433619199,75.43562614876839,87.68125012352348,1.1623321048678672,113856,19238,650,18049
baseline,0.5,20,sample_20,flood,262142,0.5514239943040228,0.7108617583955759,0.6133240942387646,0.845289093836121,0.08661466209594089,0.15471090616387895,13.98059067223108,19.268182893241068,1.3782095009413626,30979,19531,5670,205962
baseline,0.5,21,sample_21,flood,224355,0.4840085287846482,0.6522988505747126,0.5103672245815638,0.9035824856258293,0.03641244525360989,0.09641751437417072,4.031111408259232,7.136903568006062,1.770455550641309,8172,7840,872,207471
baseline,0.5,22,sample_22,flood,155332,0.043577753457367426,0.08351606444846983,0.047900262467191604,0.32565055762081785,0.0565372401566366,0.6743494423791822,0.8658872608348569,5.886745808976901,6.798513011152417,438,8706,907,145281
baseline,0.5,23,sample_23,flood,262144,0.34330708661417325,0.511137162954279,0.4823008849557522,0.543640897755611,0.0017907569391831394,0.456359102244389,0.305938720703125,0.3448486328125,1.1271820448877805,436,468,366,260874
baseline,0.5,24,sample_24,flood,262119,0.724747668048159,0.8404100860369128,0.7398774238922938,0.9725589176180554,0.3703656607882251,0.027441082381944648,51.99623071963497,68.34834559875476,1.31448654359757,132552,46602,3740,79225
baseline,0.5,25,sample_25,flood,203133,0.21493767788791834,0.3538250262541401,0.24079164376030787,0.666869671132765,0.034551086069982834,0.3331303288672351,1.6166747894236781,4.477362122353335,2.7694884287454324,2190,6905,1094,192944
baseline,0.5,26,sample_26,flood,261859,0.21725239616613418,0.3569553805774278,0.2918454935622318,0.4594594594594595,0.0012616463337704492,0.5405405405405406,0.11303793262786462,0.17795836690738145,1.5743243243243243,136,330,160,261233
baseline,0.5,27,sample_27,flood,262135,0.8647557291949283,0.9274734654584165,0.8708356860530774,0.991990995056618,0.40900046141423463,0.008009004943381937,73.54340320827055,83.77515402369008,1.1391253378150563,191239,28365,1544,40987
baseline,0.5,28,sample_28,flood,262111,0.8906035978449457,0.9421367851622875,0.8950991189427313,0.9943923327895595,0.004530267178749361,0.005607667210440457,3.7419261305324842,4.157017446806887,1.1109298531810767,9753,1143,55,251160
baseline,0.5,29,sample_29,flood,205495,0.005458673494034104,0.010858076294801575,0.00546448087431694,0.837037037037037,0.10014608492403584,0.16296296296296298,0.06569502907613324,10.063018564928587,153.17777777777778,113,20566,22,184794
baseline,0.5,30,sample_30,flood,258487,0.2423800773081554,0.3901866775476895,0.2451451643914632,0.9555333499875094,0.046281888055830625,0.04446665001249063,1.5486272036891604,6.036280354524599,3.8978266300274793,3825,11778,178,242706
baseline,0.5,31,sample_31,flood,50135,0.15199207572088927,0.2638769465940575,0.1520422767807993,0.9978323699421965,0.15798650284096735,0.002167630057803468,2.760546524384163,18.11708387354144,6.562861271676301,1381,7702,3,41049
baseline,0.5,32,sample_32,flood,241255,0.2909367859862909,0.45073746312684365,0.6773049645390071,0.33775419982316535,0.0007579417301061119,0.6622458001768347,0.4687985741228161,0.23377753828936187,0.4986737400530504,382,182,749,239942
baseline,0.5,33,sample_33,flood,236584,0.9037310832714768,0.9494314519658473,0.9055624283730144,0.9977672411630416,0.10634951838018479,0.0022327588369584306,50.54568356270923,55.692269975991614,1.1018204928794226,119316,12443,267,104558
baseline,0.5,34,sample_34,flood,209501,0.18851251840942562,0.31722428748451054,0.20094191522762953,0.7529411764705882,0.0024315557657489813,0.24705882352941178,0.08114519739762578,0.3040558278958096,3.7470588235294118,128,509,42,208822
baseline,0.5,35,sample_35,flood,257239,0.5480888419255857,0.7080844807896775,0.8122628440643257,0.6275915024315332,0.2922267405749376,0.37240849756846683,66.82812481777647,51.63447222233021,0.7726458338180887,107888,24936,64020,60395
baseline,0.5,36,sample_36,flood,73010,0.0948872963126076,0.17332797016126084,0.0949367088607595,0.9945446915652539,0.3199059849632577,0.005455308434746118,3.263936447062046,34.19257635940282,10.475870751154007,2370,22594,13,48033
baseline,0.5,37,sample_37,flood,191444,0.18300881777919642,0.3093955261005573,0.1832537605625362,0.9927493101022672,0.47276585165613455,0.007250689897732807,9.653475690019013,52.29623284093521,5.417347546128457,18347,81771,134,91192
baseline,0.5,38,sample_38,flood,262144,0.032475050609084774,0.06290718713237065,0.03249697917407065,0.9796443111206342,0.5286608124220804,0.02035568887936576,1.7803192138671875,53.668975830078125,30.14570387829441,4572,136118,95,121359
baseline,0.5,39,sample_39,no_flood,76982,0.0,0.0,0.0,0.0,0.23797770907484866,0.0,0.0,23.797770907484868,nan,0,18320,0,58662
baseline,0.5,40,sample_40,flood,247105,0.015141661656257285,0.029831622970833183,0.01518339423916922,0.8463648834019204,0.32582934047637463,0.15363511659807957,0.5900325772444912,32.890066975577184,55.742798353909464,1234,80039,224,165608
baseline,0.5,41,sample_41,flood,262144,0.2759446803876729,0.4325339250661432,0.28285985377016243,0.9186151894145369,0.050068776862917774,0.08138481058546311,2.1045684814453125,6.8347930908203125,3.2475983324270437,5068,12849,449,243778
baseline,0.5,42,sample_42,flood,262142,0.38319187421733686,0.5540690071421386,0.41422877340753556,0.8364464692482916,0.030478523382259145,0.16355353075170842,2.511997314432636,5.072441653760176,2.0192862566438876,5508,7789,1077,247768
baseline,0.5,43,sample_43,flood,261199,0.827450155189647,0.9055789049455927,0.838231767433185,0.9846933984411682,0.026481775513408825,0.015306601558831815,12.230904406219013,14.367972312298287,1.1747268914139042,31458,6071,489,223181
baseline,0.5,44,sample_44,flood,261391,0.3082158172082009,0.4712002609262883,0.30990175468703074,0.9826554210311522,0.277351748158302,0.017344578968847776,11.249048360502083,35.66916994081663,3.170861107332336,28894,64342,510,167645
baseline,0.5,45,sample_45,flood,262144,0.0597941119876852,0.1128409967772684,0.0599773215276605,0.951396861844623,0.1501285010268523,0.04860313815537696,0.9967803955078125,15.811538696289062,15.862610026789131,2486,38963,127,220568
baseline,0.5,46,sample_46,no_flood,215331,0.0,0.0,0.0,0.0,0.07035679953188348,0.0,0.0,7.035679953188347,nan,0,15150,0,200181
baseline,0.5,47,sample_47,flood,253937,0.7395437543429086,0.8502732426207494,0.7429929446713702,0.9937619198982836,0.08498484781508932,0.006238080101716465,19.822239374333005,26.512481442247488,1.3375119198982834,50022,17303,314,186298
baseline,0.5,48,sample_48,flood,255656,0.43604743083003955,0.6072883408565452,0.43687628702677017,0.9956678700361011,0.014057717706792785,0.004332129963898917,1.0834871859060613,2.469333792283381,2.279061371841155,2758,3555,12,249331
baseline,0.5,49,sample_49,flood,259578,0.5855000948946669,0.7385683504907828,0.6635122056135069,0.8327709542448374,0.012408345197070219,0.16722904575516265,2.854248048756058,3.58235289585404,1.2550951545417735,6170,3129,1239,249040
baseline,0.5,51,sample_51,flood,175465,0.3263589254352681,0.492112533307178,0.3316441193319526,0.9534427060239438,0.1899698142511805,0.04655729397605625,8.997235915994644,25.866127147864248,2.8748970672071956,15052,30334,735,129344
baseline,0.5,52,sample_52,flood,262144,0.22643610401519618,0.369258705404828,0.2323877386394192,0.8983887733887734,0.13669992019154031,0.10161122661122661,4.4036865234375,17.02423095703125,3.865904365904366,10371,34257,1173,216343
baseline,0.5,53,sample_53,flood,262143,0.0,0.0,0.0,0.0,0.0007973416857100347,1.0,0.008392365998710627,0.07972747698775096,9.5,0,209,22,261912
baseline,0.5,54,sample_54,flood,262144,0.5070646579956957,0.6729169253694275,0.507644171319369,0.9977537192517307,0.1118312424464228,0.0022462807482692593,10.35919189453125,20.360565185546875,1.9654588304610399,27095,26279,61,208709
baseline,0.5,55,sample_55,flood,203209,0.07942536327608983,0.14716230686859416,0.14813674160763782,0.14620060790273556,0.013835603419384852,0.8537993920972644,1.6190227795028764,1.5978622994060303,0.9869300911854103,481,2766,2809,197153
baseline,0.5,56,sample_56,flood,222316,0.0,0.0,0.0,0.0,0.001737058911112214,1.0,0.30452149193040534,0.1731769193400385,0.568685376661743,0,385,677,221254
baseline,0.5,57,sample_57,flood,184172,0.4924184754654871,0.6598932987772095,0.5061647456910225,0.9477310525065337,0.14693741426396004,0.05226894749346638,13.712182090654387,25.67436961101579,1.872376653203453,23934,23351,1320,135567
baseline,0.5,58,sample_58,flood,220577,0.0,0.0,0.0,0.0,0.03493754675492485,1.0,0.005440277091446524,3.493564605557243,642.1666666666666,0,7706,12,212859
baseline,0.5,59,sample_59,flood,241360,0.7084581982753348,0.8293538571684267,0.7600551144937996,0.912557113596975,0.015992757996378996,0.08744288640302506,5.259363606231355,6.314633742127942,1.2006459744761304,11584,3657,1110,225009
baseline,0.5,60,sample_60,flood,255044,0.6111679760982627,0.7586645032237017,0.6158703166815344,0.9876612200192234,0.13104176275635143,0.01233877998077654,17.540894904408653,28.13004814855476,1.6036837517044058,44185,27559,552,182748
baseline,0.5,61,sample_61,flood,261969,0.06087551299589603,0.11476466795615732,0.062324929971988796,0.7235772357723578,0.01023219205037387,0.2764227642276423,0.09390424057808366,1.0902053296382397,11.609756097560975,178,2678,68,259045
baseline,0.5,62,sample_62,flood,261984,0.08534798534798535,0.1572730340870739,0.08766931842614492,0.7632194665418811,0.06531920707185382,0.23678053345811886,0.8156986686209845,7.101197019665323,8.70566214319139,1631,16973,506,242874
baseline,0.5,63,sample_63,flood,171596,0.8171250870418434,0.8993603058687255,0.8232616356011927,0.9909603001717735,0.32897060351095875,0.00903969982822651,60.72810555024593,73.09844052308911,1.2037003272332953,103265,22169,942,45220
baseline,0.5,64,sample_64,flood,262045,0.5636747403033501,0.7209616242748773,0.5915785619479152,0.9227814664096523,0.23237331388990157,0.07721853359034768,26.726325631093896,41.689404491594956,1.5598629256800172,64627,44618,5408,147392
baseline,0.5,65,sample_65,flood,262062,0.33559551466149595,0.5025406434470574,0.36489846251765223,0.8069141449683321,0.13342052263439827,0.19308585503166784,8.675809541253596,19.185154658058018,2.211338845883181,18346,31931,4390,207395
baseline,0.5,66,sample_66,flood,262057,0.695676997242008,0.8205300872436386,0.7018622864920357,0.9874906866397396,0.5885411413008592,0.012509313360260382,58.38653422728643,82.14739541397482,1.4069578970759318,151092,64181,1914,44870
baseline,0.5,67,sample_67,flood,262144,0.09296976507356815,0.17012321483076034,0.09537447314384524,0.786658743128807,0.19663447044590526,0.21334125687119299,2.5676727294921875,21.178436279296875,8.248105779230427,5295,50223,1436,205190
baseline,0.5,68,sample_68,flood,190233,0.17035728841190056,0.2911201392919327,0.1711594895243295,0.9732246798603027,0.06471948672038197,0.02677532013969732,1.354654555203356,7.702659370351096,5.686069072564998,2508,12145,69,175511
baseline,0.5,69,sample_69,flood,262144,0.9857307073338953,0.9928140847027224,0.9857760338432299,0.9999533560333971,0.7612797374897456,4.664396660291991e-05,98.13995361328125,99.5513916015625,1.014381889702567,257256,3712,12,1164
baseline,0.5,70,sample_70,flood,239783,0.07982560443915973,0.1478490676846278,0.07997141041931385,0.9776699029126213,0.04852295049695711,0.02233009708737864,0.42955505602982696,5.251414820900564,12.225242718446601,1007,11585,23,227168
baseline,0.5,71,sample_71,flood,259388,0.2856610661997541,0.44438005273680853,0.29597035664659566,0.8913169824479833,0.07273162270470722,0.10868301755201674,3.3166530448594385,9.988125896340618,3.011507613623155,7668,18240,935,232545
baseline,0.5,72,sample_72,flood,260855,0.2807290249873703,0.4383894165124253,0.29746144818924874,0.8330738626535201,0.14012861789152076,0.16692613734647985,6.648521209100841,18.6199229456978,2.800611197601338,14448,34123,2895,209389
baseline,0.5,73,sample_73,flood,99126,0.12948945079722982,0.2292884642806217,0.29385964912280704,0.187982230535422,0.020369218441944566,0.8120177694645779,4.3147105703851665,2.7601234792082803,0.6397007248071078,804,1932,3473,92917
baseline,0.5,74,sample_74,flood,218207,0.3481580454285169,0.516494407475577,0.3527364146199961,0.9640591966173362,0.01547280586182188,0.035940803382663845,0.8670665927307557,2.3697681559253367,2.733086680761099,1824,3347,68,212968
baseline,0.5,75,sample_75,flood,262104,0.7115851100694888,0.8314925222042847,0.7280165697918514,0.969256949792562,0.16053040231720614,0.030743050207437957,30.715288587736165,40.893309525989686,1.3313666062156857,78031,29152,2475,152446
baseline,0.5,76,sample_76,flood,262099,0.9152342433434446,0.9557413110426749,0.9353109594644049,0.9770841298041244,0.013807712101161594,0.02291587019587559,16.965726691059483,17.72345564080748,1.0446623338655632,43448,3005,1019,214627
baseline,0.5,77,sample_77,flood,262137,0.3868363102520186,0.5578687367678193,0.5108514190317195,0.6144180322559751,0.036818296054284994,0.38558196774402487,5.889668379511477,7.083700507749764,1.2027333376514022,9486,9083,5953,237615
baseline,0.5,78,sample_78,flood,262120,0.10138594081658135,0.18410611041831992,0.10774946921443737,0.6319066147859922,0.02577874901757816,0.3680933852140078,0.49023348084846635,2.875019075232718,5.8645914396887155,812,6724,473,254111
baseline,0.5,79,sample_79,flood,262127,0.23889220960350668,0.3856545513026697,0.2622484689413823,0.7284325637910085,0.01294912104913602,0.2715674362089915,0.6279398917318705,1.7441927004848794,2.777642770352369,1199,3373,447,257108
baseline,0.5,80,sample_80,flood,262027,0.6148660958280197,0.7615072202166066,0.6695100178536004,0.8828145435521841,0.006452262552090595,0.11718545644781585,1.459009949356364,1.9238475424288337,1.3185979597174993,3375,1666,448,256538
baseline,0.5,81,sample_81,flood,262136,0.28871595330739297,0.44806763285024154,0.38080574801129075,0.5441877521085442,0.009301913194993235,0.4558122478914558,1.0402996917630543,1.4866328928495132,1.4290429042904291,1484,2413,1243,256996
baseline,0.5,82,sample_82,flood,262127,0.0597836839675526,0.11282242758019852,0.06045953246406776,0.8424721189591078,0.10837195884219636,0.1575278810408922,0.8209760917417893,11.43987456461944,13.934479553903346,1813,28174,339,231801
baseline,0.5,83,sample_83,flood,262070,0.5309287038597674,0.6936034349884399,0.6005719733079123,0.8207399687337155,0.008112859754019642,0.17926003126628454,1.4644942191017667,2.0013736787881102,1.3665971860343928,3150,2095,688,256137
baseline,0.5,84,sample_84,flood,262091,0.3858647752549629,0.5568577571848218,0.39073523161920953,0.9687071962912233,0.05675376088677751,0.03129280370877673,3.6212613176339516,8.977797787791264,2.479190812348541,9194,14336,297,238264
baseline,0.5,85,sample_85,flood,262061,0.30045630045630045,0.4620782726045884,0.3237518910741301,0.8067860508953817,0.013757073775001058,0.19321394910461828,0.8097351380022209,2.0178508057284374,2.4919886899151744,1712,3576,410,256363
baseline,0.5,86,sample_86,flood,262136,0.2694908955778521,0.4245653064808852,0.27946480870610724,0.883054892601432,0.19347281720163076,0.11694510739856802,7.83219397564623,24.748222296823023,3.159807120939068,18130,46744,2401,194861
baseline,0.5,87,sample_87,flood,262132,0.08941418293936279,0.1641509433962264,0.18995633187772926,0.14451827242524917,0.007158790067998857,0.8554817275747508,1.1482764408771153,0.8736056643217921,0.760797342192691,435,1855,2575,257267
baseline,0.5,88,sample_88,flood,262126,0.08822465951548752,0.1621442020157271,0.08912156814999696,0.897608828939301,0.11560510538352185,0.10239117106069896,1.2444396969396396,12.533667015099608,10.071735131820969,2928,29926,334,228938
baseline,0.5,89,sample_89,flood,262133,0.14858815426997246,0.2587318243141958,0.1707558369608231,0.533704390847248,0.01608730365889235,0.46629560915275203,0.6168624324293394,1.9280289013592338,3.1255411255411256,863,4191,754,256325
baseline,0.7,0,sample_00,flood,244464,0.1523878247179218,0.26447315990208914,0.8819286256643888,0.15556150806937655,0.0013549368059216401,0.8444384919306235,6.108465868185091,1.07745925780483,0.17638786580057592,2323,311,12610,229220
baseline,0.7,1,sample_01,flood,262144,0.07666214382632293,0.14240705734089476,0.6277777777777778,0.08031272210376687,0.0002569639138288774,0.9196872778962332,0.5367279052734375,0.06866455078125,0.1279317697228145,113,67,1294,260670
baseline,0.7,2,sample_02,no_flood,27394,0.0,0.0,0.0,0.0,0.015952398335401914,0.0,0.0,1.5952398335401914,nan,0,437,0,26957
baseline,0.7,3,sample_03,flood,262144,0.4001980198019802,0.5716306038749823,0.5653146853146853,0.5780892448512586,0.006008165537719217,0.42191075514874143,1.3336181640625,1.3637542724609375,1.0225972540045767,2021,1554,1475,257094
baseline,0.7,4,sample_04,flood,171624,0.759141512682199,0.8630818012187325,0.891044293566117,0.8368209306444675,0.03061247662808566,0.1631790693555325,23.027665128420267,21.626345965599217,0.93914627666304,33072,4044,6449,128059
baseline,0.7,5,sample_05,flood,117511,0.6410526947854208,0.7812700918409484,0.8757177341864116,0.7052118032291853,0.9190641247833622,0.29478819677081464,90.1796427568483,72.6212865178579,0.8052957884704306,74732,10606,31239,934
baseline,0.7,6,sample_06,flood,262144,0.7400035861574323,0.8505770816158286,0.7644008149657344,0.9586527293844367,0.004933311097235096,0.0413472706155633,1.6422271728515625,2.0595550537109375,1.2541231126596981,4127,1272,178,256567
baseline,0.7,7,sample_07,no_flood,262144,1.0,1.0,0.0,0.0,0.0,0.0,0.0,0.0,nan,0,0,0,262144
baseline,0.7,9,sample_09,no_flood,262144,1.0,1.0,0.0,0.0,0.0,0.0,0.0,0.0,nan,0,0,0,262144
baseline,0.7,10,sample_10,flood,262144,0.009151921903599756,0.018137847642079808,0.8333333333333334,0.009168704156479218,1.1515961122115252e-05,0.9908312958435208,0.62408447265625,0.006866455078125,0.011002444987775062,15,3,1621,260505
baseline,0.7,11,sample_11,flood,261992,0.7344853051619686,0.8469201819999062,0.7661009204256153,0.9468024170451703,0.25957157035330597,0.05319758295482965,47.311749977098536,58.47125103056582,1.2358716610328109,117359,35831,6594,102208
baseline,0.7,12,sample_12,flood,246049,0.827135042607822,0.9053901581650733,0.8453873303718128,0.9745613342803777,0.15397318384970834,0.025438665719622236,46.34808513751326,53.43000784396604,1.1527986039863556,111138,20326,2901,111684
baseline,0.7,13,sample_13,flood,262087,0.6144112478031635,0.7611582843457435,0.7950248294426138,0.7300591534409574,0.15254377784685524,0.26994084655904266,44.764524757046324,41.10657911304261,0.9182847206832478,85652,22083,31670,122682
baseline,0.7,14,sample_14,flood,262144,0.12053033346725593,0.2151308712800287,0.2810743285446596,0.17424975798644723,0.008957930414547493,0.8257502420135527,1.9702911376953125,1.221466064453125,0.6199419167473379,900,2302,4265,254677
baseline,0.7,15,sample_15,flood,188716,0.22467711802453091,0.36691649532400344,0.29970744392675264,0.4729822161422709,0.035342432793052915,0.5270177838577291,3.0988363466796667,4.890417346700863,1.5781463748290014,2766,6463,3082,176405
baseline,0.7,16,sample_16,flood,183120,0.5195638229634381,0.6838328408611228,0.5913025341537178,0.8106948813268516,0.022251115678548313,0.18930511867314842,3.8193534294451728,5.236456968108344,1.3710323134114957,5670,3919,1324,172207
baseline,0.7,17,sample_17,flood,242000,0.49352382835673325,0.6608851080732183,0.637361935772202,0.6862111630464669,0.02497230184830206,0.31378883695353316,6.011570247933884,6.472314049586777,1.076642837503437,9983,5680,4565,221772
baseline,0.7,18,sample_18,no_flood,260175,0.0,0.0,0.0,0.0,0.0021639281253002787,0.0,0.0,0.21639281253002787,nan,0,563,0,259612
baseline,0.7,19,sample_19,flood,151793,0.8620603395997575,0.9259209503222156,0.867207576808986,0.9931619303791941,0.4670260412476198,0.006838069620805897,75.43562614876839,86.39199436074128,1.145241297399263,113723,17414,783,19873
baseline,0.7,20,sample_20,flood,262142,0.5969752619639191,0.7476324476432707,0.7414334397724528,0.7539359873393544,0.042733033841405275,0.2460640126606456,13.98059067223108,14.21634076187715,1.0168626701956398,27631,9636,9018,215857
baseline,0.7,21,sample_21,flood,224355,0.5363734290843806,0.698233149481163,0.6047773279352227,0.8258513931888545,0.022669533837100752,0.17414860681114552,4.031111408259232,5.504668939849791,1.365546218487395,7469,4881,1575,210430
baseline,0.7,22,sample_22,flood,155332,0.04193019442492387,0.08048561151079137,0.05768611021592008,0.13308550185873605,0.018988615922123295,0.866914498141264,0.8658872608348569,1.9976566322457703,2.3070631970260225,179,2924,1166,151063
baseline,0.7,23,sample_23,flood,262144,0.2971086739780658,0.45810914681014603,0.5971943887775552,0.371571072319202,0.0007691071469568612,0.628428927680798,0.305938720703125,0.1903533935546875,0.6221945137157108,298,201,504,261141
baseline,0.7,24,sample_24,flood,262119,0.7486443181105416,0.8562568274827581,0.7706150622457784,0.963314060986705,0.31059311594490846,0.036685939013294984,51.99623071963497,64.99834044842228,1.2500586975024213,131292,39081,5000,86746
baseline,0.7,25,sample_25,flood,203133,0.23039859833552342,0.3745105019579922,0.3068248104219327,0.4805115712545676,0.017838468043372746,0.5194884287454324,1.6166747894236781,2.5318387460432326,1.5660779537149818,1578,3565,1706,196284
baseline,0.7,26,sample_26,flood,261859,0.18157894736842106,0.30734966592427615,0.45098039215686275,0.23310810810810811,0.00032114633950520527,0.7668918918918919,0.11303793262786462,0.058428390851565155,0.5168918918918919,69,84,227,261479
baseline,0.7,27,sample_27,flood,262135,0.890963801690913,0.9423382942541861,0.9036432543612402,0.9844955208706162,0.29181566501326567,0.015504479129383814,73.54340320827055,80.12360043489042,1.0894736569095822,189794,20238,2989,49114
baseline,0.7,28,sample_28,flood,262111,0.9015461997019374,0.9482243448444772,0.9125106062034506,0.986847471451876,0.003678117184496419,0.01315252854812398,3.7419261305324842,4.046758815921499,1.0814641109298533,9679,928,129,251375
baseline,0.7,29,sample_29,flood,205495,0.007274314395868189,0.014443561782335523,0.007292882147024504,0.7407407407407407,0.06628359953252824,0.25925925925925924,0.06569502907613324,6.672668434755104,101.57037037037037,100,13612,35,191748
baseline,0.7,30,sample_30,flood,258487,0.3667397431882242,0.5366636113657195,0.38651116734514246,0.877591806145391,0.021911004228163656,0.12240819385460905,1.5486272036891604,3.5162309903399396,2.2705470896827378,3513,5576,490,248908
baseline,0.7,31,sample_31,flood,50135,0.17384712571067593,0.29620062426003657,0.17402301757936006,0.9942196531791907,0.13396648273881562,0.005780346820809248,2.760546524384163,15.771417173631196,5.713150289017341,1376,6531,8,42220
baseline,0.7,32,sample_32,flood,241255,0.22920203735144312,0.3729281767955801,0.8517350157728707,0.23872679045092837,0.0001957322050274025,0.7612732095490716,0.4687985741228161,0.13139624049242501,0.28028293545534927,270,47,861,240077
baseline,0.7,33,sample_33,flood,236584,0.9159436593672466,0.9561279684703706,0.9209820875170448,0.9940627012200731,0.08717019512653738,0.005937298779926913,50.54568356270923,54.55652115104994,1.079350743834826,118873,10199,710,106802
baseline,0.7,34,sample_34,flood,209501,0.40293040293040294,0.5744125326370757,0.5164319248826291,0.6470588235294118,0.0004920437011240571,0.35294117647058826,0.08114519739762578,0.10167015909231937,1.2529411764705882,110,103,60,209228
baseline,0.7,35,sample_35,flood,257239,0.4509103566456035,0.62155508723237,0.8502347654869491,0.48981431928706054,0.17381725281550667,0.5101856807129395,66.82812481777647,38.499216681762874,0.5760930265025479,84203,14832,87705,70499
baseline,0.7,36,sample_36,flood,73010,0.1567858567061013,0.27107153116920424,0.1570363466915191,0.9899286613512379,0.17929403769096805,0.010071338648762064,3.263936447062046,20.575263662511986,6.303818715904322,2359,12663,24,57964
baseline,0.7,37,sample_37,flood,191444,0.25366078796100755,0.404672125660992,0.2548870806807482,0.9813862886207456,0.3065395489208675,0.01861371137925437,9.653475690019013,37.16857148826811,3.850278664574428,18137,53020,344,119943
baseline,0.7,38,sample_38,flood,262144,0.04440258069743652,0.08502962654072559,0.044530218384966985,0.9393614741804157,0.36533748645510083,0.060638525819584316,1.7803192138671875,37.555694580078125,21.09492179130062,4384,94066,283,163411
baseline,0.7,39,sample_39,no_flood,76982,0.0,0.0,0.0,0.0,0.14652775973604218,0.0,0.0,14.65277597360422,nan,0,11280,0,65702
baseline,0.7,40,sample_40,flood,247105,0.01904433537500507,0.037376853418250575,0.019246930534773606,0.6440329218106996,0.19478357154779014,0.3559670781893004,0.5900325772444912,19.74342890674005,33.46159122085048,939,47848,519,197799
baseline,0.7,41,sample_41,flood,262144,0.34782927544734527,0.5161325425757658,0.3687606904058467,0.8597063621533442,0.03163735694217678,0.1402936378466558,2.1045684814453125,4.906463623046875,2.3313394961029545,4743,8119,774,248508
baseline,0.7,42,sample_42,flood,262142,0.46743566992014196,0.6370782440440198,0.5292876519642319,0.8,0.018332505077145216,0.2,2.511997314432636,3.796797155740019,1.5114654517843584,5268,4685,1317,250872
baseline,0.7,43,sample_43,flood,261199,0.8635022202609152,0.9267520165766299,0.8789937671963614,0.9799981218893793,0.018800272189555597,0.020001878110620715,12.230904406219013,13.636346234097374,1.1149090681441136,31308,4310,639,224942
baseline,0.7,44,sample_44,flood,261391,0.35306521876381086,0.5218746500429281,0.35961775902870663,0.9509250442116719,0.21462840590205487,0.04907495578832812,11.249048360502083,29.745477082225477,2.6442660862467693,27961,49791,1443,182196
baseline,0.7,45,sample_45,flood,262144,0.08955168580955909,0.16438262998605774,0.09020676270806897,0.9249904324531191,0.0939271223861504,0.07500956754688098,0.9967803955078125,10.221099853515625,10.254114045158822,2417,24377,196,235154
baseline,0.7,46,sample_46,no_flood,215331,0.0,0.0,0.0,0.0,0.04582712196571789,0.0,0.0,4.58271219657179,nan,0,9868,0,205463
baseline,0.7,47,sample_47,flood,253937,0.7935504419141651,0.8848933638769023,0.7999839460587574,0.9899674189446916,0.061193216143339176,0.010032581055308328,19.822239374333005,24.529706186967633,1.2374841068022886,49831,12459,505,191142
baseline,0.7,48,sample_48,flood,255656,0.532308291163877,0.6947796265718278,0.5359592396629433,0.9873646209386282,0.009363903102583773,0.01263537906137184,1.0834871859060613,1.9960415558406608,1.8422382671480144,2735,2368,35,250518
baseline,0.7,49,sample_49,flood,259578,0.6343856655290102,0.7762986165492038,0.7514845230574858,0.802807396409772,0.007800324385630272,0.1971926035902281,2.854248048756058,3.0491798226352,1.068295316506951,5948,1967,1461,250202
baseline,0.7,51,sample_51,flood,175465,0.42821618558972585,0.599651775284861,0.4598120732779017,0.8617216697282575,0.10008892896955122,0.13827833027174258,8.997235915994644,16.86148234690679,1.8740736048647622,13604,15982,2183,143696
baseline,0.7,52,sample_52,flood,262144,0.31198767132270966,0.47559543148476746,0.33422319013663987,0.8242376992376992,0.07563447725458898,0.17576230076230076,4.4036865234375,10.860061645507812,2.466129591129591,9515,18954,2029,231646
baseline,0.7,53,sample_53,flood,262143,0.0,0.0,0.0,0.0,0.00010300586370416715,1.0,0.008392365998710627,0.010299721907508497,1.2272727272727273,0,27,22,262094
baseline,0.7,54,sample_54,flood,262144,0.6051907911183837,0.7540421917032423,0.6125270276487096,0.980593607305936,0.07168451154952593,0.019406392694063926,10.35919189453125,16.584014892578125,1.6008985122993078,26629,16845,527,218143
baseline,0.7,55,sample_55,flood,203209,0.04979747438646653,0.09487063095778484,0.18727598566308243,0.0635258358662614,0.004536837419154758,0.9364741641337386,1.6190227795028764,0.5491882741414013,0.339209726443769,209,907,3081,199012
baseline,0.7,56,sample_56,flood,222316,0.0,0.0,0.0,0.0,0.0002301039077057738,1.0,0.30452149193040534,0.0229403191853038,0.07533234859675036,0,51,677,221588
baseline,0.7,57,sample_57,flood,184172,0.5657443402698377,0.7226522564626844,0.6122246968572136,0.8816821097647898,0.08874388049182598,0.11831789023521026,13.712182090654387,19.747301435614535,1.440128296507484,22266,14103,2988,144815
baseline,0.7,58,sample_58,flood,220577,0.0,0.0,0.0,0.0,0.00996531634665518,1.0,0.005440277091446524,0.9964774205832884,183.16666666666666,0,2198,12,218367
baseline,0.7,59,sample_59,flood,241360,0.7599200685127034,0.8635847526358476,0.8898545879993315,0.8388214904679376,0.00576386520077318,0.1611785095320624,5.259363606231355,4.9577394763009615,0.9426500708996376,10648,1318,2046,227348
baseline,0.7,60,sample_60,flood,255044,0.6742653465346534,0.8054462190598743,0.6983150399501239,0.9514048773945504,0.08743408445748359,0.048595122605449625,17.540894904408653,23.898229325136054,1.3624293090730268,42563,18388,2174,191919
baseline,0.7,61,sample_61,flood,261969,0.19291338582677164,0.3234323432343234,0.22171945701357465,0.5975609756097561,0.0019715500739331277,0.4024390243902439,0.09390424057808366,0.25308338009459136,2.6951219512195124,147,516,99,261207
baseline,0.7,62,sample_62,flood,261984,0.12180082777261593,0.21715232286725397,0.12939698492462312,0.6747777257838091,0.037337356213464075,0.32522227421619093,0.8156986686209845,4.2536948821302065,5.214787084698175,1442,9702,695,250145
baseline,0.7,63,sample_63,flood,171596,0.8423269497095001,0.9144163579025091,0.8522227933739035,0.9864020651203854,0.26449420528572914,0.013597934879614613,60.72810555024593,70.28951723816407,1.1574462368171043,102790,17824,1417,49565
baseline,0.7,64,sample_64,flood,262045,0.6075071239068488,0.7558375510403678,0.6608095253364116,0.8827871778396515,0.16527785011197332,0.1172128221603484,26.726325631093896,35.70417294739453,1.3359177554080104,61826,31735,8209,160275
baseline,0.7,65,sample_65,flood,262062,0.3750085712326575,0.5454636124871173,0.43843193843193845,0.7216308937368051,0.08780909721467789,0.27836910626319494,8.675809541253596,14.279826911188955,1.645935960591133,16407,21015,6329,218311
baseline,0.7,66,sample_66,flood,262057,0.731420267008227,0.8448789481621005,0.7481343377591897,0.9703606394520476,0.45835434796563074,0.029639360547952368,58.38653422728643,75.72970765902075,1.2970406389291924,148471,49984,4535,59067
baseline,0.7,67,sample_67,flood,262144,0.10365940481275808,0.18784672945426398,0.10981772470144563,0.64893775070569,0.13862645989045194,0.3510622492943099,2.5676727294921875,15.172958374023438,5.909225969395335,4368,35407,2363,220006
baseline,0.7,68,sample_68,flood,190233,0.26461211477151964,0.4184873949579832,0.2670814115628017,0.9662398137369034,0.0364123715735175,0.033760186263096625,1.354654555203356,4.900832137431466,3.6177726038028717,2490,6833,87,180823
baseline,0.7,69,sample_69,flood,262144,0.9889941219917523,0.9944666110942417,0.9896679819074199,0.9993120014926069,0.5504511894995898,0.0006879985073930687,98.13995361328125,99.09629821777344,1.0097447020227934,257091,2684,177,2192
baseline,0.7,70,sample_70,flood,239783,0.10229799851742032,0.18560860793544048,0.10299605501652628,0.9378640776699029,0.03523725356330601,0.062135922330097085,0.42955505602982696,3.911453272333735,9.105825242718447,966,8413,64,230340
baseline,0.7,71,sample_71,flood,259388,0.3626286199215021,0.5322486473862442,0.4001053370786517,0.7947227711263513,0.04087565045756325,0.20527722887364871,3.3166530448594385,6.587814393880981,1.986283854469371,6837,10251,1766,240534
baseline,0.7,72,sample_72,flood,260855,0.27373923406099343,0.42981989836058604,0.3404635181567069,0.5827711468604048,0.08040260849567989,0.41722885313959523,6.648521209100841,11.380268731670851,1.711699244652021,10107,19579,7236,223933
baseline,0.7,73,sample_73,flood,99126,0.11192842942345925,0.20132308242445915,0.4278115501519757,0.13163432312368484,0.007938934516969077,0.8683656768763152,4.3147105703851665,1.3276032524262051,0.3076923076923077,563,753,3714,94096
baseline,0.7,74,sample_74,flood,218207,0.5411463336535383,0.7022646997714523,0.578568983224923,0.8932346723044398,0.005690775027159467,0.10676532769556026,0.8670665927307557,1.3386371656271339,1.5438689217758985,1690,1231,202,215084
baseline,0.7,75,sample_75,flood,262104,0.724720692368214,0.8403919493458387,0.8233793785681084,0.8581223759719773,0.08160332162248483,0.14187762402802276,30.715288587736165,32.01133901046913,1.0421956127493603,69084,14819,11422,166779
baseline,0.7,76,sample_76,flood,262099,0.9234881966152851,0.9602223691731767,0.9571434955534701,0.9633211145343739,0.008813042199676518,0.03667888546562619,16.965726691059483,17.075227299608162,1.006454224481076,42836,1918,1631,215714
baseline,0.7,77,sample_77,flood,262137,0.35368378528505784,0.522550080202932,0.6161154116819142,0.45365632489150853,0.017689644828900113,0.5463436751084915,5.889668379511477,4.336663652975353,0.7363171189843902,7004,4364,8435,242334
baseline,0.7,78,sample_78,flood,262120,0.16107767268558326,0.27746235497408045,0.2031814895155459,0.43735408560311284,0.00844978626334656,0.5626459143968872,0.49023348084846635,1.0552418739508622,2.1525291828793773,562,2204,723,258631
baseline,0.7,79,sample_79,flood,262127,0.30275498241500587,0.46479190101237344,0.36906037870668096,0.6275820170109356,0.0067797651268230695,0.3724179829890644,0.6279398917318705,1.067803011517318,1.7004860267314703,1033,1766,613,258715
baseline,0.7,80,sample_80,flood,262027,0.6675888486912109,0.8006636038795304,0.7817094443060055,0.820559769814282,0.0033926662638843704,0.17944023018571803,1.459009949356364,1.5315215607551893,1.0496991891184932,3137,876,686,257328
baseline,0.7,81,sample_81,flood,262136,0.2912565141864505,0.45112107623318387,0.5804962492787075,0.3689035570223689,0.0028025241992374974,0.6310964429776311,1.0402996917630543,0.6611072115237892,0.6354968830216355,1006,727,1721,258682
baseline,0.7,82,sample_82,flood,262127,0.11386171557862514,0.20444497550483928,0.1173042643630879,0.7950743494423792,0.049523992691604964,0.20492565055762083,0.8209760917417893,5.564478287242443,6.7778810408921935,1711,12875,441,247100
baseline,0.7,83,sample_83,flood,262070,0.5859424920127796,0.7389202256244963,0.7624722838137472,0.7167795726941115,0.003318721149973667,0.2832204273058885,1.4644942191017667,1.3767314076391803,0.9400729546638874,2751,857,1087,257375
baseline,0.7,84,sample_84,flood,262091,0.5019264641127257,0.6683768827646864,0.5124185210159586,0.9608049731324413,0.034350752177355504,0.03919502686755874,3.6212613176339516,6.7900080506389004,1.8750395111157938,9119,8677,372,243923
baseline,0.7,85,sample_85,flood,262061,0.4123867069486405,0.5839572192513369,0.5346650998824912,0.6432610744580585,0.0045703030326345795,0.3567389255419416,0.8097351380022209,0.9742006632043685,1.20311027332705,1365,1188,757,258751
baseline,0.7,86,sample_86,flood,262136,0.28798182260813115,0.4471830542219534,0.30162507649418646,0.8642540548438946,0.17004614970716667,0.1357459451561054,7.83219397564623,22.441785943174537,2.865325605182407,17744,41084,2787,200521
baseline,0.7,87,sample_87,flood,262132,0.10341726618705036,0.18744906275468623,0.5141579731743666,0.11461794019933555,0.0012580946426779664,0.8853820598006644,1.1482764408771153,0.25597790426197486,0.22292358803986712,345,326,2665,258796
baseline,0.7,88,sample_88,flood,262126,0.18630696626047757,0.3140957130982069,0.1947717231222386,0.8108522378908645,0.04224225848321899,0.1891477621091355,1.2444396969396396,5.1807146181607315,4.163090128755365,2645,10935,617,247929
baseline,0.7,89,sample_89,flood,262133,0.24968671679197996,0.3995988969666583,0.3360033726812816,0.49288806431663573,0.0060456939305071474,0.5071119356833642,0.6168624324293394,0.9048841618567673,1.4669140383426098,797,1575,820,258941
baseline,0.8,0,sample_00,flood,244464,0.09014647137150467,0.16538414559667766,0.9396252602359473,0.0906716667782763,0.00037903376885910835,0.9093283332217237,6.108465868185091,0.5894528437724982,0.09649768968057322,1354,87,13579,229444
baseline,0.8,1,sample_01,flood,262144,0.05386740331491713,0.10222804718217562,0.6554621848739496,0.05543710021321962,0.00015724657413408914,0.9445628997867804,0.5367279052734375,0.0453948974609375,0.0845771144278607,78,41,1329,260696
baseline,0.8,2,sample_02,no_flood,27394,0.0,0.0,0.0,0.0,0.01416368547857195,0.0,0.0,1.416368547857195,nan,0,388,0,27006
baseline,0.8,3,sample_03,flood,262144,0.4136962626917261,0.5852689486552567,0.6282808398950132,0.5477688787185355,0.004380470755621539,0.45223112128146453,1.3336181640625,1.1627197265625,0.8718535469107551,1915,1133,1581,257515
baseline,0.8,4,sample_04,flood,171624,0.6844954063100919,0.8127008286825639,0.9172260219500556,0.7295614989499254,0.019696751777022476,0.27043850105007466,23.027665128420267,18.316202862070572,0.7953999139697883,28833,2602,10688,129501
baseline,0.8,5,sample_05,flood,117511,0.6313951293184822,0.7740554301915177,0.8744622186304105,0.6943314680431438,0.9153379549393414,0.3056685319568561,90.1796427568483,71.60350945868898,0.7940096818941031,73579,10563,32392,977
baseline,0.8,6,sample_06,flood,262144,0.7597681809684053,0.8634866673749071,0.7956147220046985,0.9440185830429733,0.0040490383533910695,0.055981416957026714,1.6422271728515625,1.94854736328125,1.186527293844367,4064,1044,241,256795
baseline,0.8,7,sample_07,no_flood,262144,1.0,1.0,0.0,0.0,0.0,0.0,0.0,0.0,nan,0,0,0,262144
baseline,0.8,9,sample_09,no_flood,262144,1.0,1.0,0.0,0.0,0.0,0.0,0.0,0.0,nan,0,0,0,262144
baseline,0.8,10,sample_10,flood,262144,0.0012224938875305623,0.002442002442002442,1.0,0.0012224938875305623,0.0,0.9987775061124694,0.62408447265625,0.000762939453125,0.0012224938875305623,2,0,1634,260508
baseline,0.8,11,sample_11,flood,261992,0.7577408369107113,0.8621758350252205,0.7984120437203547,0.9370083822093859,0.21243996261925976,0.06299161779061418,47.311749977098536,55.52459617087545,1.173589989754181,116145,29325,7808,108714
baseline,0.8,12,sample_12,flood,246049,0.8505092246370666,0.9192164116921642,0.8756359884113188,0.9673620428099159,0.11868797818347095,0.032637957190084096,46.34808513751326,51.203215619652994,1.1047536369136874,110317,15668,3722,116342
baseline,0.8,13,sample_13,flood,262087,0.5635004583597771,0.7208190510553851,0.8746503539026586,0.6130052334600501,0.07119814872379374,0.3869947665399499,44.764524757046324,31.37355153059862,0.7008574691873647,71919,10307,45403,134458
baseline,0.8,14,sample_14,flood,262144,0.1103778254413463,0.1988112927191679,0.42747603833865816,0.12952565343659245,0.003486666225644897,0.8704743465634075,1.9702911376953125,0.5970001220703125,0.30300096805421106,669,896,4496,256083
baseline,0.8,15,sample_15,flood,188716,0.24534022007635303,0.394013163826526,0.4167461377074194,0.37363201094391246,0.01672244460485159,0.6263679890560876,3.0988363466796667,2.778248797134318,0.896545827633379,2185,3058,3663,179810
baseline,0.8,16,sample_16,flood,183120,0.5718713262797905,0.727631221104161,0.6936738397718434,0.765084358021161,0.013416531346876669,0.23491564197883902,3.8193534294451728,4.212538226299694,1.1029453817557906,5351,2363,1643,173763
baseline,0.8,17,sample_17,flood,242000,0.4942321137264041,0.661519865871252,0.7643030903685016,0.5831042067638164,0.011501327752668695,0.41689579323618364,6.011570247933884,4.586363636363636,0.7629227385207589,8483,2616,6065,224836
baseline,0.8,18,sample_18,no_flood,260175,0.0,0.0,0.0,0.0,0.0008071490343038339,0.0,0.0,0.0807149034303834,nan,0,210,0,259965
baseline,0.8,19,sample_19,flood,151793,0.8684570633519101,0.9295980950120903,0.8745005965898156,0.9921052171938588,0.4372301338268029,0.007894782806141164,75.43562614876839,85.58036273082422,1.1344820358758494,113602,16303,904,20984
baseline,0.8,20,sample_20,flood,262142,0.5947409491830027,0.7458778173190984,0.816829593062908,0.6862670195639717,0.025011862895965728,0.31373298043602826,13.98059067223108,11.745923964873999,0.8401593495047613,25151,5640,11498,219853
baseline,0.8,21,sample_21,flood,224355,0.5383451461336306,0.6999016410415696,0.6580356273727246,0.7474568774878373,0.016315933695909637,0.25254312251216277,4.031111408259232,4.578903969156025,1.1358911985846971,6760,3513,2284,211798
baseline,0.8,22,sample_22,flood,155332,0.032038446135362435,0.06208769887466046,0.06493506493506493,0.05947955390334572,0.0074811510062537745,0.9405204460966543,0.8658872608348569,0.7931398552777277,0.9159851301115242,80,1152,1265,152835
baseline,0.8,23,sample_23,flood,262144,0.22812846068660023,0.3715058611361587,0.6710097719869706,0.256857855361596,0.0003864667753365322,0.743142144638404,0.305938720703125,0.1171112060546875,0.3827930174563591,206,101,596,261241
baseline,0.8,24,sample_24,flood,262119,0.7597750339086105,0.8634910932008,0.7889918282598929,0.953526252457958,0.27622052500655664,0.04647374754204209,51.99623071963497,62.83939737294893,1.208537551727174,129958,34756,6334,91071
baseline,0.8,25,sample_25,flood,203133,0.19812762705387849,0.33072875139531177,0.3471710746568463,0.3157734470158344,0.009757366811943016,0.6842265529841657,1.6166747894236781,1.470465163218187,0.9095615103532277,1037,1950,2247,197899
baseline,0.8,26,sample_26,flood,261859,0.12084592145015106,0.215633423180593,0.5333333333333333,0.13513513513513514,0.00013381097479383552,0.8648648648648649,0.11303793262786462,0.028641368064492724,0.2533783783783784,40,35,256,261528
baseline,0.8,27,sample_27,flood,262135,0.9056164277860298,0.9504708445845913,0.9279840678401644,0.9740744775213582,0.210130926289076,0.02592552247864179,73.54340320827055,77.19610124554141,1.0496672424435765,187785,14573,4998,54779
baseline,0.8,28,sample_28,flood,262111,0.9094096465460059,0.9525558312655087,0.9279636433958616,0.9784869494290375,0.002952798817295078,0.02151305057096248,3.7419261305324842,3.945656611130399,1.0544453507340945,9597,745,211,251558
baseline,0.8,29,sample_29,flood,205495,0.0077645705521472395,0.015409493008655949,0.007804972056272885,0.6,0.05014121542656798,0.4,0.06569502907613324,5.050244531497117,76.87407407407407,81,10297,54,195063
baseline,0.8,30,sample_30,flood,258487,0.41424398386423705,0.5858168584636569,0.48312783906554185,0.7439420434673994,0.01251945112462866,0.25605795653260055,1.5486272036891604,2.384646036357728,1.539845116162878,2978,3186,1025,251298
baseline,0.8,31,sample_31,flood,50135,0.19170984455958548,0.3217391304347826,0.19211338759472354,0.9891618497109826,0.11808988533568542,0.01083815028901734,2.760546524384163,14.213623217313254,5.148843930635838,1369,5757,15,42994
baseline,0.8,32,sample_32,flood,241255,0.145979020979021,0.2547673531655225,0.9277777777777778,0.14765694076038904,5.413869500757942e-05,0.852343059239611,0.4687985741228161,0.07460985264554103,0.15915119363395225,167,13,964,240111
baseline,0.8,33,sample_33,flood,236584,0.9227540932359033,0.9598253843089755,0.9337883473185546,0.98735606231655,0.07155494397483782,0.012643937683449989,50.54568356270923,53.44528793155919,1.0573660135638008,118071,8372,1512,108629
baseline,0.8,34,sample_34,flood,209501,0.4527363184079602,0.6232876712328768,0.7459016393442623,0.5352941176470588,0.00014809082266840554,0.4647058823529412,0.08114519739762578,0.05823361225006086,0.7176470588235294,91,31,79,209300
baseline,0.8,35,sample_35,flood,257239,0.3519572521108704,0.5206632851169577,0.875469052822564,0.3705063173325267,0.10617477821659185,0.6294936826674733,66.82812481777647,28.28225891097384,0.42320892570444657,63693,9060,108215,76271
baseline,0.8,36,sample_36,flood,73010,0.20717202201313686,0.3432352941176471,0.20807702594276545,0.9794376835921108,0.12577342942500744,0.020562316407889216,3.263936447062046,15.36364881523079,4.70709190096517,2334,8883,49,61744
baseline,0.8,37,sample_37,flood,191444,0.3293774031351671,0.49553633506688544,0.3334643385173956,0.9641253178940533,0.20591109081132958,0.035874682105946645,9.653475690019013,27.910511690102588,2.8912396515340077,17818,35615,663,137348
baseline,0.8,38,sample_38,flood,262144,0.05350112767405549,0.10156823997365154,0.05397509256142713,0.8590100707092351,0.27290204561960874,0.14098992929076495,1.7803192138671875,28.333663940429688,15.914934647525177,4009,70266,658,187211
baseline,0.8,39,sample_39,no_flood,76982,0.0,0.0,0.0,0.0,0.0944116806526201,0.0,0.0,9.441168065262008,nan,0,7268,0,69714
baseline,0.8,40,sample_40,flood,247105,0.021453700213594672,0.04200621175312894,0.021988989407939218,0.46844993141289437,0.1236652594983859,0.5315500685871056,0.5900325772444912,12.569960138402703,21.30384087791495,683,30378,775,215269
baseline,0.8,41,sample_41,flood,262144,0.3933184855233853,0.5645780051150895,0.4361355329447792,0.8002537611020483,0.02224239850054749,0.1997462388979518,2.1045684814453125,3.8616180419921875,1.834874025738626,4415,5708,1102,250919
baseline,0.8,42,sample_42,flood,262142,0.5190495698484228,0.6833872707659115,0.6145264944828422,0.7696279422930904,0.012439494907202699,0.23037205770690963,2.511997314432636,3.1460048370730367,1.2523917995444191,5068,3179,1517,252378
baseline,0.8,43,sample_43,flood,261199,0.8821518379340547,0.9373864745177513,0.9005999769239644,0.9773061633330203,0.015031493727426588,0.022693836666979685,12.230904406219013,13.27263886921466,1.0851723166494507,31222,3446,725,225806
baseline,0.8,44,sample_44,flood,261391,0.39859572100855495,0.5699941949216314,0.4167216825426766,0.9016120255747517,0.15995292839684982,0.09838797442524827,11.249048360502083,24.338251890845516,2.1635831859610937,26511,37107,2893,194880
baseline,0.8,45,sample_45,flood,262144,0.12839573654003827,0.22757217593489634,0.13027563640397094,0.8989667049368542,0.06042438090247408,0.1010332950631458,0.9967803955078125,6.8782806396484375,6.900497512437811,2349,15682,264,243849
baseline,0.8,46,sample_46,no_flood,215331,0.0,0.0,0.0,0.0,0.029600939948265695,0.0,0.0,2.960093994826569,nan,0,6374,0,208957
baseline,0.8,47,sample_47,flood,253937,0.8265268763521385,0.9050256933561719,0.8358465163244698,0.9866894469167197,0.04790742678081149,0.013310553083280356,19.822239374333005,23.399504601535025,1.1804672600127146,49666,9754,670,193847
baseline,0.8,48,sample_48,flood,255656,0.5733925549915397,0.7288614061029708,0.5806382523024202,0.9787003610108304,0.0077426192039100625,0.021299638989169676,1.0834871859060613,1.8262821916950902,1.6855595667870036,2711,1958,59,250928
baseline,0.8,49,sample_49,flood,259578,0.6502397145724161,0.7880548611580299,0.788961038961039,0.787150762586044,0.00618632742327566,0.212849237413956,2.854248048756058,2.8476989575387743,0.9977054933189364,5832,1560,1577,250609
baseline,0.8,51,sample_51,flood,175465,0.4610594355982973,0.6311302940383059,0.5496405581919842,0.7409894216760626,0.060027054447074735,0.2590105783239374,8.997235915994644,12.129484512580856,1.3481345410781023,11698,9585,4089,150093
baseline,0.8,52,sample_52,flood,262144,0.3904207657844903,0.5615865001328727,0.4554418103448276,0.7322418572418572,0.04033120510774142,0.26775814275814275,4.4036865234375,7.080078125,1.6077616077616077,8453,10107,3091,240493
baseline,0.8,53,sample_53,flood,262143,0.0,0.0,0.0,0.0,1.5260127956172912e-05,1.0,0.008392365998710627,0.0015258847270382958,0.18181818181818182,0,4,22,262117
baseline,0.8,54,sample_54,flood,262144,0.6593361527617583,0.7946987132949227,0.6844583987441131,0.9472676388275151,0.05046640679524061,0.0527323611724849,10.35919189453125,14.336776733398438,1.383966710855796,25724,11859,1432,223129
baseline,0.8,55,sample_55,flood,203209,0.03145514223194748,0.060991779368867675,0.2390852390852391,0.034954407294832825,0.0018307414502873663,0.9650455927051672,1.6190227795028764,0.23670211457169713,0.14620060790273556,115,366,3175,199553
baseline,0.8,56,sample_56,flood,222316,0.0,0.0,0.0,0.0,4.060657194807773e-05,1.0,0.30452149193040534,0.004048291620935965,0.013293943870014771,0,9,677,221630
baseline,0.8,57,sample_57,flood,184172,0.565490960652251,0.7224455137277102,0.6900616416134963,0.7580185317177477,0.05410337406712896,0.2419814682822523,13.712182090654387,15.06255022478987,1.09847944880019,19143,8598,6111,150320
baseline,0.8,58,sample_58,flood,220577,0.0,0.0,0.0,0.0,0.003581710606850588,1.0,0.005440277091446524,0.35815157518689617,65.83333333333333,0,790,12,219775
baseline,0.8,59,sample_59,flood,241360,0.7263933328372647,0.8415154519201758,0.929094889121538,0.7690247360957932,0.0032580269913323363,0.23097526390420672,5.259363606231355,4.353248259860789,0.8277138805734993,9762,745,2932,227921
baseline,0.8,60,sample_60,flood,255044,0.6807774181824475,0.810074446286438,0.7509736540664376,0.8792721908040324,0.06202361309894583,0.12072780919596754,17.540894904408653,20.537632722196953,1.1708429264367302,39336,13044,5401,197263
baseline,0.8,61,sample_61,flood,261969,0.2516703786191537,0.40213523131672596,0.3575949367088608,0.45934959349593496,0.0007756291957527616,0.540650406504065,0.09390424057808366,0.12062495944176602,1.2845528455284554,113,203,133,261520
baseline,0.8,62,sample_62,flood,261984,0.14756039791567976,0.25717234262125904,0.164967562557924,0.5830603649976602,0.024271975431696343,0.4169396350023397,0.8156986686209845,2.883000488579455,3.5343940102948057,1246,6307,891,253540
baseline,0.8,63,sample_63,flood,171596,0.8628424715381238,0.9263719125167749,0.8779917670009711,0.9803947911368718,0.2106723649260265,0.019605208863128196,60.72810555024593,67.81102123592625,1.1166332396096232,102164,14197,2043,53192
baseline,0.8,64,sample_64,flood,262045,0.6290699785355018,0.7723056551579471,0.7138979107082263,0.8411222959948597,0.12295192958700067,0.15887770400514029,26.726325631093896,31.489248029918524,1.1782108945527237,58908,23608,11127,168402
baseline,0.8,65,sample_65,flood,262062,0.3916418068058819,0.5628485791250901,0.4948628994596037,0.6524894440534834,0.063273526486884,0.34751055594651653,8.675809541253596,11.439277728171197,1.3185256861365235,14835,15143,7901,224183
baseline,0.8,66,sample_66,flood,262057,0.7589873761510056,0.8629821753602489,0.7907386750102027,0.9497536044338131,0.3526515116780222,0.050246395566186944,58.38653422728643,70.12787294367256,1.2010966890187313,145318,38457,7688,70594
baseline,0.8,67,sample_67,flood,262144,0.11316696821766292,0.2033243375858685,0.12810604011284152,0.4924974000891398,0.08833536272625121,0.5075025999108602,2.5676727294921875,9.871292114257812,3.8444510473926607,3315,22562,3416,232851
baseline,0.8,68,sample_68,flood,190233,0.36209737827715355,0.5316761988561373,0.37099002302379125,0.9379123011253395,0.021837830924670672,0.06208769887466046,1.354654555203356,3.4247475464299044,2.5281334885525806,2417,4098,160,183558
baseline,0.8,69,sample_69,flood,262144,0.9890154880074157,0.9944774125396135,0.9936284477004982,0.9953278293452742,0.33675143560295323,0.0046721706547258116,98.13995361328125,98.30780029296875,1.0017102787754404,256066,1642,1202,3234
baseline,0.8,70,sample_70,flood,239783,0.1328631063768533,0.23456162642947903,0.13494152046783625,0.8961165048543689,0.024782934664695312,0.10388349514563107,0.42955505602982696,2.852579207033026,6.640776699029126,923,5917,107,232836
baseline,0.8,71,sample_71,flood,259388,0.42596936663446944,0.5974453261079931,0.5117281392457522,0.7176566314076485,0.02349024064437666,0.2823433685923515,3.3166530448594385,4.651333138001758,1.4024177612460769,6174,5891,2429,244894
baseline,0.8,72,sample_72,flood,260855,0.23901679072182794,0.385816871105647,0.37428168708663123,0.39808568298448943,0.04739807483820099,0.6019143170155106,6.648521209100841,7.071361484349543,1.063599146629764,6904,11542,10439,231970
baseline,0.8,73,sample_73,flood,99126,0.09555796316359697,0.17444620253164558,0.5661103979460848,0.10310965630114566,0.003563558919967527,0.8968903436988543,4.3147105703851665,0.7858684906079132,0.18213701192424597,441,338,3836,94511
baseline,0.8,74,sample_74,flood,218207,0.6220763233483791,0.7670123956488742,0.7355652595827268,0.8012684989429175,0.002519473915354922,0.19873150105708245,0.8670665927307557,0.944515987113154,1.089323467230444,1516,545,376,215770
baseline,0.8,75,sample_75,flood,262104,0.6685754221430665,0.8013727318173834,0.878436018957346,0.7367401187489131,0.04519873566889503,0.2632598812510869,30.715288587736165,25.760766718554468,0.8386952525277619,59312,8208,21194,173390
baseline,0.8,76,sample_76,flood,262099,0.921103159364636,0.9589314919135017,0.9686790114958354,0.9493781905682865,0.006272055580061756,0.050621809431713405,16.965726691059483,16.627686484877852,0.9800751118807205,42216,1365,2251,216267
baseline,0.8,77,sample_77,flood,262137,0.3142042914617792,0.4781665887155066,0.6959158415841584,0.3642075263941965,0.009959545679332625,0.6357924736058035,5.889668379511477,3.0823576984553878,0.5233499578988277,5623,2457,9816,244241
baseline,0.8,78,sample_78,flood,262120,0.19273229070837167,0.3231777863478596,0.32033639143730885,0.32607003891050584,0.0034082849310867022,0.6739299610894942,0.49023348084846635,0.49900808789867235,1.0178988326848248,419,889,866,259946
baseline,0.8,79,sample_79,flood,262127,0.32691609153650564,0.4927456884752258,0.4484304932735426,0.5467800729040098,0.004249830121966669,0.4532199270959903,0.6279398917318705,0.7656593941104884,1.2193195625759417,900,1107,746,259374
baseline,0.8,80,sample_80,flood,262027,0.6594104308390023,0.7947526646624761,0.8320457796852647,0.760659168192519,0.002273396229338043,0.23934083180748103,1.459009949356364,1.333832009678392,0.9142035051007062,2908,587,915,257617
baseline,0.8,81,sample_81,flood,262136,0.23084711441106986,0.37510282423910063,0.7434782608695653,0.2508250825082508,0.0009097602627510996,0.7491749174917491,1.0402996917630543,0.35096285897396773,0.3373670700403374,684,236,2043,259173
baseline,0.8,82,sample_82,flood,262127,0.18956605361221301,0.318714632174616,0.20364152892561985,0.7328066914498141,0.02372151168381575,0.26719330855018586,0.8209760917417893,2.9542931479778884,3.5985130111524164,1577,6167,575,253808
baseline,0.8,83,sample_83,flood,262070,0.558041958041958,0.7163375224416517,0.8411806043569923,0.6237623762376238,0.001750364013755073,0.37623762376237624,1.4644942191017667,1.0859693974892204,0.7415320479416363,2394,452,1444,257780
baseline,0.8,84,sample_84,flood,262091,0.5857651245551602,0.7387791741472173,0.6028501032163548,0.9538510167527131,0.023610451306413302,0.046148983247286904,3.6212613176339516,5.72968930638595,1.5822358023390581,9053,5964,438,246636
baseline,0.8,85,sample_85,flood,262061,0.4129223913850724,0.5844940867279895,0.6607248960190136,0.5240339302544769,0.0021966692185474285,0.4759660697455231,0.8097351380022209,0.6422168884343722,0.793119698397738,1112,571,1010,259368
baseline,0.8,86,sample_86,flood,262136,0.3033616216310026,0.46550645131223284,0.32032252153197727,0.8513954507817447,0.15351503487096707,0.14860454921825533,7.83219397564623,20.817438276314586,2.6579319078466708,17480,37090,3051,204515
baseline,0.8,87,sample_87,flood,262132,0.09728867623604466,0.17732558139534885,0.7093023255813954,0.10132890365448505,0.00048239825256056994,0.8986710963455149,1.1482764408771153,0.16403949155387362,0.14285714285714285,305,125,2705,258997
baseline,0.8,88,sample_88,flood,262126,0.3007328784432651,0.46240528463182434,0.338452787258248,0.7296137339055794,0.017970826379875147,0.2703862660944206,1.2444396969396396,2.6826793221580463,2.1557326793378295,2380,4652,882,254212
baseline,0.8,89,sample_89,flood,262133,0.27007844602166603,0.4252941176470588,0.40549635445877735,0.44712430426716143,0.004068847978627032,0.5528756957328386,0.6168624324293394,0.6801890643299394,1.1026592455163884,723,1060,894,259456
baseline,0.9,0,sample_00,flood,244464,0.03531772575250836,0.0682258689753198,0.9688073394495413,0.03535793209669859,7.406406977706715e-05,0.9646420679033014,6.108465868185091,0.22293671051770403,0.0364963503649635,528,17,14405,229514
baseline,0.9,1,sample_01,flood,262144,0.039492242595204514,0.07598371777476255,0.835820895522388,0.03980099502487562,4.218810525548733e-05,0.9601990049751243,0.5367279052734375,0.0255584716796875,0.047619047619047616,56,11,1351,260726
baseline,0.9,2,sample_02,no_flood,27394,0.0,0.0,0.0,0.0,0.011863911805504855,0.0,0.0,1.1863911805504854,nan,0,325,0,27069
baseline,0.9,3,sample_03,flood,262144,0.4375,0.6086956521739131,0.7862318840579711,0.4965675057208238,0.0018248739599764931,0.5034324942791762,1.3336181640625,0.84228515625,0.631578947368421,1736,472,1760,258176
baseline,0.9,4,sample_04,flood,171624,0.4841027928530716,0.6523844509751536,0.9591496047527863,0.49429417271830167,0.006298115864136318,0.5057058272816983,23.027665128420267,11.867221367640889,0.5153462716024392,19535,832,19986,131271
baseline,0.9,5,sample_05,flood,117511,0.607382665590493,0.7557412165663279,0.8708450288078002,0.6675128101084259,0.9090987868284228,0.3324871898915741,90.1796427568483,69.1237416071687,0.7665115927942551,70737,10491,35234,1049
baseline,0.9,6,sample_06,flood,262144,0.7842594423571287,0.8790867782334035,0.8406104281475202,0.9212543554006969,0.0029165486989943335,0.07874564459930314,1.6422271728515625,1.799774169921875,1.0959349593495935,3966,752,339,257087
baseline,0.9,7,sample_07,no_flood,262144,1.0,1.0,0.0,0.0,0.0,0.0,0.0,0.0,nan,0,0,0,262144
baseline,0.9,9,sample_09,no_flood,262144,1.0,1.0,0.0,0.0,0.0,0.0,0.0,0.0,nan,0,0,0,262144
baseline,0.9,10,sample_10,flood,262144,0.0,0.0,0.0,0.0,0.0,1.0,0.62408447265625,0.0,0.0,0,0,1636,260508
baseline,0.9,11,sample_11,flood,261992,0.7846903511197124,0.8793574197646092,0.8456158383982839,0.9159036086258501,0.1501532175689479,0.08409639137414988,47.311749977098536,51.24431280344438,1.0831202149201713,113529,20727,10424,117312
baseline,0.9,12,sample_12,flood,246049,0.8756793259799981,0.9337196543683994,0.9132326679131069,0.955146923420935,0.07839557609272024,0.04485307657906506,46.34808513751326,48.47530369966958,1.0458965792404353,108924,10349,5115,121661
baseline,0.9,13,sample_13,flood,262087,0.3733123651146839,0.5436670849220948,0.9525313753948604,0.3803890148480251,0.015362829413186889,0.6196109851519749,44.764524757046324,17.876506656186685,0.39934539131620667,44628,2224,72694,142541
baseline,0.9,14,sample_14,flood,262144,0.09795240730492528,0.17842741935483872,0.6747141041931385,0.10280735721200387,0.0009961903501842563,0.8971926427879962,1.9702911376953125,0.3002166748046875,0.15237173281703775,531,256,4634,256723
baseline,0.9,15,sample_15,flood,188716,0.20727114716106604,0.343371325734853,0.5753920386007237,0.24469904240766074,0.005774657129732922,0.7553009575923393,3.0988363466796667,1.3178532821806312,0.4252735978112175,1431,1056,4417,181812
baseline,0.9,16,sample_16,flood,183120,0.56644663096276,0.7232249344040709,0.814615797958087,0.6502716614240778,0.00587647479645254,0.3497283385759222,3.8193534294451728,3.0488204456094365,0.7982556476980269,4548,1035,2446,175091
baseline,0.9,17,sample_17,flood,242000,0.41891366346901737,0.5904709698049426,0.8801579735802806,0.4442535056365136,0.003868948173680601,0.5557464943634864,6.011570247933884,3.034297520661157,0.5047429199890019,6463,880,8085,226572
baseline,0.9,18,sample_18,no_flood,260175,0.0,0.0,0.0,0.0,0.0001806476410108581,0.0,0.0,0.018064764101085807,nan,0,47,0,260128
baseline,0.9,19,sample_19,flood,151793,0.8756543691726295,0.9337054668114464,0.8854668326794621,0.9875028382792168,0.39225467321050234,0.01249716172078319,75.43562614876839,84.12838536691416,1.1152341362024698,113075,14626,1431,22661
baseline,0.9,20,sample_20,flood,262142,0.5370713147205511,0.6988241984311495,0.9028089887640449,0.5700291958852902,0.009973702066139525,0.42997080411470984,13.98059067223108,8.827276819433742,0.6313951267428852,20891,2249,15758,223244
baseline,0.9,21,sample_21,flood,224355,0.4978895374943871,0.66478805683794,0.7261296660117879,0.6130030959752322,0.00971153354914519,0.38699690402476783,4.031111408259232,3.403088854716855,0.8442061034940291,5544,2091,3500,213220
baseline,0.9,22,sample_22,flood,155332,0.009026434558349452,0.017891373801916934,0.06363636363636363,0.010408921933085501,0.0013377752667432965,0.9895910780669145,0.8658872608348569,0.14163211701387995,0.16356877323420074,14,206,1331,153781
baseline,0.9,23,sample_23,flood,262144,0.11942098914354644,0.21336206896551724,0.7857142857142857,0.12344139650872818,0.00010331290033748881,0.8765586034912718,0.305938720703125,0.048065185546875,0.1571072319201995,99,27,703,261315
baseline,0.9,24,sample_24,flood,262119,0.772801014869299,0.8718418010678703,0.8207669387226325,0.9296950664749215,0.21990510780675054,0.07030493352507851,51.99623071963497,58.896913234065444,1.132715052974496,126710,27670,9582,98157
baseline,0.9,25,sample_25,flood,203133,0.1301790281329923,0.23036886173342386,0.4484581497797357,0.15499390986601705,0.0031323649355263225,0.845006090133983,1.6166747894236781,0.5587472247246877,0.3456151035322777,509,626,2775,199223
baseline,0.9,26,sample_26,flood,261859,0.0728476821192053,0.13580246913580246,0.7857142857142857,0.07432432432432433,2.2939024250371803e-05,0.9256756756756757,0.11303793262786462,0.01069277741074395,0.0945945945945946,22,6,274,261557
baseline,0.9,27,sample_27,flood,262135,0.9031882406449453,0.9491318003718605,0.9611925214754927,0.9373699963171026,0.10520244549544354,0.06263000368289735,73.54340320827055,71.7206782764606,0.9752156569822028,180709,7296,12074,62056
baseline,0.9,28,sample_28,flood,262111,0.8841386041971694,0.9385069678288349,0.9539757767245919,0.9235318107667211,0.0017320444069234215,0.07646818923327896,3.7419261305324842,3.6225110735528077,0.9680872756933115,9058,437,750,251866
baseline,0.9,29,sample_29,flood,205495,0.004781997187060478,0.009518477043673012,0.0048509059780282495,0.2518518518518518,0.033964744838332686,0.7481481481481481,0.06569502907613324,3.410788583663836,51.91851851851852,34,6975,101,198385
baseline,0.9,30,sample_30,flood,258487,0.44620486366986,0.6170700636942675,0.6295814920717442,0.6050462153384961,0.005599566180977979,0.3949537846615039,1.5486272036891604,1.4882760061434424,0.9610292280789408,2422,1425,1581,253059
baseline,0.9,31,sample_31,flood,50135,0.22922228154475885,0.3729549732155784,0.2332065906210393,0.930635838150289,0.08687001292281184,0.06936416184971098,2.760546524384163,11.016256108507031,3.990606936416185,1288,4235,96,44516
baseline,0.9,32,sample_32,flood,241255,0.03618711385701677,0.06984667802385008,0.9534883720930233,0.036251105216622455,8.329030001166064e-06,0.9637488947833776,0.4687985741228161,0.017823464798657023,0.03801945181255526,41,2,1090,240122
baseline,0.9,33,sample_33,flood,236584,0.9173477784968401,0.9568924206499682,0.953653715177993,0.9601531990333074,0.04769190006923018,0.03984680096669259,50.54568356270923,50.89017008757989,1.0068153500079442,114818,5580,4765,111421
baseline,0.9,34,sample_34,flood,209501,0.2727272727272727,0.42857142857142855,0.8888888888888888,0.2823529411764706,2.86627398713043e-05,0.7176470588235294,0.08114519739762578,0.025775533291010545,0.3176470588235294,48,6,122,209325
baseline,0.9,35,sample_35,flood,257239,0.1953043398413737,0.32678596292437473,0.9357144821138882,0.19796053703143543,0.027399186696511233,0.8020394629685645,66.82812481777647,14.138213878921936,0.21156083486516045,34031,2338,137877,82993
baseline,0.9,36,sample_36,flood,73010,0.2821659215101838,0.44013948082138704,0.2861100617050749,0.9534200587494754,0.08026675350786526,0.04657994125052455,3.263936447062046,10.87659224763731,3.332354175409148,2272,5669,111,64958
baseline,0.9,37,sample_37,flood,191444,0.475383110531464,0.6444198895027624,0.5124944078737138,0.8678101834316325,0.08820383550239068,0.1321898165683675,9.653475690019013,16.34629447775851,1.6933066392511227,16038,15256,2443,157707
baseline,0.9,38,sample_38,flood,262144,0.053214285714285714,0.10105120379789759,0.05607168897147023,0.5108206556674523,0.15587023306936154,0.48917934433254767,1.7803192138671875,16.218948364257812,9.110134990357832,2384,40133,2283,217344
baseline,0.9,39,sample_39,no_flood,76982,0.0,0.0,0.0,0.0,0.023875711205216803,0.0,0.0,2.3875711205216805,nan,0,1838,0,75144
baseline,0.9,40,sample_40,flood,247105,0.026560710194730813,0.05174698375061022,0.028802111637295243,0.2544581618655693,0.05092673633303073,0.7455418381344308,0.5900325772444912,5.212763804860282,8.834705075445816,371,12510,1087,233137
baseline,0.9,41,sample_41,flood,262144,0.4366658862093187,0.6078878748370273,0.5521835677276091,0.6760920790284575,0.011787535995822732,0.32390792097154253,2.1045684814453125,2.5768280029296875,1.2243973173826355,3730,3025,1787,253602
baseline,0.9,42,sample_42,flood,262142,0.5909826877568813,0.7429152966964145,0.7666828243658103,0.7205770690964313,0.005650402845549134,0.27942293090356873,2.511997314432636,2.3609341501934065,0.939863325740319,4745,1444,1840,254113
baseline,0.9,43,sample_43,flood,261199,0.9056587168881457,0.9504941350327883,0.9351203998182644,0.9663818198891915,0.009343429937361506,0.033618180110808527,12.230904406219013,12.639788054318737,1.033430369048737,30873,2142,1074,227110
baseline,0.9,44,sample_44,flood,261391,0.46563501433631305,0.6354037803158894,0.5505808445929102,0.7511222962862195,0.0777112510614819,0.24887770371378043,11.249048360502083,15.34635852037752,1.3642361583458034,22086,18028,7318,213959
baseline,0.9,45,sample_45,flood,262144,0.2618988902589396,0.41508696501856557,0.27870358220705943,0.8128587830080367,0.021180514081169496,0.18714121699196326,0.9967803955078125,2.9071807861328125,2.916570991197857,2124,5497,489,254034
baseline,0.9,46,sample_46,no_flood,215331,0.0,0.0,0.0,0.0,0.00862857647064287,0.0,0.0,0.862857647064287,nan,0,1858,0,213473
baseline,0.9,47,sample_47,flood,253937,0.8724514240085174,0.9318815033831808,0.8909324828760917,0.9767760648442466,0.029562723169336103,0.02322393515575334,19.822239374333005,21.732161914175563,1.0963525111252383,49167,6019,1169,197582
baseline,0.9,48,sample_48,flood,255656,0.610496587432337,0.7581470115446441,0.6368769948440952,0.9364620938628159,0.005848485088142483,0.06353790613718412,1.0834871859060613,1.5931564289514035,1.4703971119133574,2594,1479,176,251407
baseline,0.9,49,sample_49,flood,259578,0.6746314788397527,0.8057073897920068,0.8498053309374064,0.7659603185315157,0.003977491285606082,0.23403968146848428,2.854248048756058,2.5726371264128702,0.9013362127142664,5675,1003,1734,251166
baseline,0.9,51,sample_51,flood,175465,0.4039997990050751,0.5754983715686626,0.6615106137896989,0.5092797871666561,0.02576435075589624,0.4907202128333439,8.997235915994644,6.926737526002337,0.7698739469183505,8040,4114,7747,155564
baseline,0.9,52,sample_52,flood,262144,0.3270167427701674,0.49286001032287663,0.7291702019344986,0.3722279972279972,0.006368715083798882,0.6277720027720027,4.4036865234375,2.2480010986328125,0.5104816354816355,4297,1596,7247,249004
baseline,0.9,53,sample_53,flood,262143,0.0,0.0,0.0,0.0,0.0,1.0,0.008392365998710627,0.0,0.0,0,0,22,262121
baseline,0.9,54,sample_54,flood,262144,0.7191987179487179,0.836667350248886,0.8472982668126723,0.8262998968920312,0.017209389415629734,0.17370010310796877,10.35919189453125,10.102462768554688,0.9752172632199145,22439,4044,4717,230944
baseline,0.9,55,sample_55,flood,203209,0.018958772193800783,0.03721204961606615,0.65625,0.019148936170212766,0.00016506685207509043,0.9808510638297873,1.6190227795028764,0.047242002076679675,0.02917933130699088,63,33,3227,199886
baseline,0.9,56,sample_56,flood,222316,0.0,0.0,0.0,0.0,0.0,1.0,0.30452149193040534,0.0,0.0,0,0,677,221639
baseline,0.9,57,sample_57,flood,184172,0.36149778784935793,0.5310295632876278,0.7978090021433675,0.3979567593252554,0.016027133490227663,0.6020432406747446,13.712182090654387,6.839801924288166,0.4988120693751485,10050,2547,15204,156371
baseline,0.9,58,sample_58,flood,220577,0.0,0.0,0.0,0.0,0.00042617822410627253,1.0,0.005440277091446524,0.04261550388299777,7.833333333333333,0,94,12,220471
baseline,0.9,59,sample_59,flood,241360,0.6053560466543892,0.7541704507432723,0.9589157651634861,0.6214747124625808,0.0014781384202286305,0.37852528753741926,5.259363606231355,3.4086012595293336,0.6481014652591776,7889,338,4805,228328
baseline,0.9,60,sample_60,flood,255044,0.5602222001785537,0.7181313022138016,0.8328319471479974,0.6312001251760287,0.026951076283718563,0.3687998748239712,17.540894904408653,13.294176691080756,0.7578961486018284,28238,5668,16499,204639
baseline,0.9,61,sample_61,flood,261969,0.1912751677852349,0.3211267605633803,0.5229357798165137,0.23170731707317074,0.00019868334078395862,0.7682926829268293,0.09390424057808366,0.041607976516305364,0.44308943089430897,57,52,189,261671
baseline,0.9,62,sample_62,flood,261984,0.14923076923076922,0.2597054886211513,0.20213597290961188,0.36312587739822183,0.011787705842284113,0.6368741226017782,0.8156986686209845,1.4653566630023207,1.7964436125409453,776,3063,1361,256784
baseline,0.9,63,sample_63,flood,171596,0.8863819500402901,0.9397693293464332,0.9198338601779019,0.9605880603030507,0.1294573298312781,0.03941193969694934,60.72810555024593,63.41872770927061,1.0443060446994923,100100,8724,4107,58665
baseline,0.9,64,sample_64,flood,262045,0.6347876197565251,0.7765994947417896,0.7995100781757972,0.7549653744556293,0.06905369512004583,0.24503462554437067,26.726325631093896,25.237268408097847,0.9442850003569644,52874,13259,17161,178751
baseline,0.9,65,sample_65,flood,262062,0.3732054315066273,0.5435536780497014,0.5864439578346998,0.5065095003518649,0.033932794598163174,0.49349049964813513,8.675809541253596,7.4932649525684765,0.8636963406052076,11516,8121,11220,231205
baseline,0.9,66,sample_66,flood,262057,0.7887158525000719,0.8818794236073784,0.868795383200685,0.8953635805131825,0.18971857204427287,0.10463641948681751,58.38653422728643,60.1720236437111,1.0305805001111068,136996,20689,16010,88362
baseline,0.9,67,sample_67,flood,262144,0.07374174076188922,0.1373547063739269,0.14054726368159204,0.13430396672114098,0.021643377588454776,0.865696033278859,2.5676727294921875,2.45361328125,0.9555786658743128,904,5528,5827,249885
baseline,0.9,68,sample_68,flood,190233,0.5236882322975038,0.6873955198930124,0.6038179148311307,0.7978269305393869,0.0071886856801807566,0.20217306946061311,1.354654555203356,1.7899102679345855,1.3213038416763678,2056,1349,521,186307
baseline,0.9,69,sample_69,flood,262144,0.9856288726192001,0.9927624302914958,0.998149356007324,0.98743333799773,0.09659557013945858,0.012566662002270006,98.13995361328125,97.08633422851562,0.9892641136868946,254035,471,3233,4405
baseline,0.9,70,sample_70,flood,239783,0.15906947500785917,0.27447789530783834,0.190440346255175,0.4912621359223301,0.009009310877769076,0.5087378640776699,0.42955505602982696,1.1080852270594663,2.579611650485437,506,2151,524,236602
baseline,0.9,71,sample_71,flood,259388,0.3150800336983993,0.4791800128122998,0.6180683070143225,0.3912588631872603,0.008293956975098191,0.6087411368127398,3.3166530448594385,2.0995574197726956,0.6330349877949553,3366,2080,5237,248705
baseline,0.9,72,sample_72,flood,260855,0.1363747136520934,0.24001715633712203,0.46851975887474884,0.16133310269272905,0.013034265251815105,0.838666897307271,6.648521209100841,2.289394491192425,0.3443464221876261,2798,3174,14545,240338
baseline,0.9,73,sample_73,flood,99126,0.06313131313131314,0.1187648456057007,0.7768361581920904,0.06429740472293664,0.0008329028244894517,0.9357025952770633,4.3147105703851665,0.3571212396344047,0.08276829553425298,275,79,4002,94770
baseline,0.9,74,sample_74,flood,218207,0.38927165354330706,0.5603967410556145,0.849624060150376,0.41807610993657507,0.0006472043085315397,0.5819238900634249,0.8670665927307557,0.4266590897633898,0.49207188160676535,791,140,1101,216175
baseline,0.9,75,sample_75,flood,262104,0.4512843384240788,0.6219102990033223,0.938461924098862,0.4650460835217251,0.013518871353208737,0.534953916478275,30.715288587736165,15.22067576229283,0.4955407050406181,37439,2455,43067,179143
baseline,0.9,76,sample_76,flood,262099,0.8991102531673656,0.9468752555759368,0.9853613461725513,0.9112825241190096,0.0027661373327451844,0.0887174758809904,16.965726691059483,15.690254445839168,0.9248206535183394,40522,602,3945,217030
baseline,0.9,77,sample_77,flood,262137,0.21550713006975739,0.3545962417470797,0.8212185368148671,0.22611568106742666,0.0030806897502209177,0.7738843189325734,5.889668379511477,1.6216711109076551,0.2753416672064253,3491,760,11948,245938
baseline,0.9,78,sample_78,flood,262120,0.14667630057803469,0.25582860743541275,0.6721854304635762,0.15797665369649805,0.00037955029041347976,0.842023346303502,0.49023348084846635,0.11521440561574851,0.23501945525291829,203,99,1082,260736
baseline,0.9,79,sample_79,flood,262127,0.31850789096126253,0.48313384113166485,0.5994599459945995,0.4046172539489672,0.0017083779623081913,0.5953827460510328,0.6279398917318705,0.4238403521956914,0.6749696233292831,666,445,980,260036
baseline,0.9,80,sample_80,flood,262027,0.5899632802937577,0.7421093148575828,0.9019461077844312,0.6303949777661523,0.0010147015538101657,0.3696050222338478,1.459009949356364,1.0197422403034802,0.6989275438137589,2410,262,1413,257942
baseline,0.9,81,sample_81,flood,262136,0.10759265922993883,0.19428200129954515,0.8518518518518519,0.10964429776310965,0.00020045565111464906,0.8903557022368903,1.0402996917630543,0.13389996032593768,0.12871287128712872,299,52,2428,259357
baseline,0.9,82,sample_82,flood,262127,0.31694958196098305,0.4813389765294344,0.4107025607353907,0.5813197026022305,0.0069045100490431775,0.4186802973977695,0.8209760917417893,1.1620321447237407,1.4154275092936803,1251,1795,901,258180
baseline,0.9,83,sample_83,flood,262070,0.42028266798909003,0.5918296089385475,0.8968253968253969,0.4416362688900469,0.0007551349174385823,0.5583637311099531,1.4644942191017667,0.7211813637577746,0.4924439812402293,1695,195,2143,258037
baseline,0.9,84,sample_84,flood,262091,0.7062803470508636,0.8278596753125583,0.7428212641272499,0.9348856811716363,0.012161520190023752,0.06511431882836372,3.6212613176339516,4.557577330011332,1.2585607417553473,8873,3072,618,249528
baseline,0.9,85,sample_85,flood,262061,0.2823479005998286,0.440360841964584,0.756601607347876,0.3105560791705938,0.0008155759620526354,0.6894439208294062,0.8097351380022209,0.3323653653157089,0.4104618284637135,659,212,1463,259727
baseline,0.9,86,sample_86,flood,262136,0.3256725492820405,0.49133181411717197,0.34901542937934144,0.8296234961765135,0.13149562302104675,0.17037650382348643,7.83219397564623,18.617435224463637,2.3770395986556916,17033,31770,3498,209835
baseline,0.9,87,sample_87,flood,262132,0.07515589104036757,0.1398046398046398,0.8609022556390977,0.0760797342192691,0.0001427898827579287,0.9239202657807309,1.1482764408771153,0.10147559244960554,0.08837209302325581,229,37,2781,259085
baseline,0.9,88,sample_88,flood,262126,0.4114163903363335,0.5829837221010237,0.6440489432703004,0.532495401594114,0.0037085110328203227,0.467504598405886,1.2444396969396396,1.028894501117783,0.8267933782955242,1737,960,1525,257904
baseline,0.9,89,sample_89,flood,262133,0.28990081154192965,0.4494931842013282,0.5168810289389068,0.3976499690785405,0.0023069600331649493,0.6023500309214594,0.6168624324293394,0.47456825352015963,0.769325912183055,643,601,974,259915
pw5,0.5,0,sample_00,flood,244464,0.13245596804818963,0.2339269195189639,0.8561151079136691,0.13547177392352508,0.001481281395541343,0.864528226076475,6.108465868185091,0.9666044898226324,0.1582401392888234,2023,340,12910,229191
pw5,0.5,1,sample_01,flood,262144,0.09256756756756757,0.1694495980210266,0.6523809523809524,0.09737029140014215,0.00027997560760459773,0.9026297085998578,0.5367279052734375,0.080108642578125,0.14925373134328357,137,73,1270,260664
pw5,0.5,2,sample_02,no_flood,27394,0.0,0.0,0.0,0.0,0.016098415711469666,0.0,0.0,1.6098415711469665,nan,0,441,0,26953
pw5,0.5,3,sample_03,flood,262144,0.4637230110873371,0.6336212624584717,0.5917101017622238,0.6819221967963387,0.006359995051189261,0.3180778032036613,1.3336181640625,1.5369415283203125,1.1524599542334095,2384,1645,1112,257003
pw5,0.5,4,sample_04,flood,171624,0.7919035706163293,0.8838685112323899,0.8867045251979934,0.8810505807039296,0.03367826620137317,0.11894941929607045,23.027665128420267,22.880832517596605,0.9936236431264391,34820,4449,4701,127654
pw5,0.5,5,sample_05,flood,117511,0.6412876545434266,0.7814445600296921,0.8759815296627054,0.7053250417567071,0.9169844020797226,0.294674958243293,90.1796427568483,72.61107470789969,0.8051825499429089,74744,10582,31227,958
pw5,0.5,6,sample_06,flood,262144,0.7219105898351181,0.8384995064165844,0.7290987124463519,0.986527293844367,0.006120098200815238,0.013472706155632985,1.6422271728515625,2.2220611572265625,1.3530778164924506,4247,1578,58,256261
pw5,0.5,7,sample_07,no_flood,262144,1.0,1.0,0.0,0.0,0.0,0.0,0.0,0.0,nan,0,0,0,262144
pw5,0.5,9,sample_09,no_flood,262144,1.0,1.0,0.0,0.0,0.0,0.0,0.0,0.0,nan,0,0,0,262144
pw5,0.5,10,sample_10,flood,262144,0.08338226658837346,0.15392953929539296,0.6794258373205742,0.08679706601466992,0.0002571897983939073,0.91320293398533,0.62408447265625,0.0797271728515625,0.12775061124694376,142,67,1494,260441
pw5,0.5,11,sample_11,flood,261992,0.7335069553132082,0.8462694113398339,0.7660562155517925,0.9452453752632046,0.2592093538782518,0.0547546247367954,47.311749977098536,58.378500106873496,1.2339112405508539,117166,35781,6787,102258
pw5,0.5,12,sample_12,flood,246049,0.8338381685326871,0.9093912241993173,0.850043459034142,0.9776479976148511,0.14898871297628968,0.02235200238514894,46.34808513751326,53.30564237204784,1.1501153114285463,111490,19668,2549,112342
pw5,0.5,13,sample_13,flood,262087,0.6502205298194669,0.788040771605963,0.7679365849712853,0.8092258911372121,0.19818326252892618,0.1907741088627879,44.764524757046324,47.171359128838894,1.0537665569969827,94940,28690,22382,116075
pw5,0.5,14,sample_14,flood,262144,0.10212189616252822,0.18531869572341472,0.16063059224541967,0.21897386253630202,0.022997988162456854,0.781026137463698,1.9702911376953125,2.6859283447265625,1.363213939980639,1131,5910,4034,251069
pw5,0.5,15,sample_15,flood,188716,0.19311973018549747,0.3237222976028946,0.24180743243243244,0.4895690834473324,0.049090054028042084,0.5104309165526676,3.0988363466796667,6.273977829118888,2.024623803009576,2863,8977,2985,173891
pw5,0.5,16,sample_16,flood,183120,0.5287029129898473,0.6917013220780833,0.6111659537128441,0.7966828710323134,0.020127635897028266,0.20331712896768658,3.8193534294451728,4.97870249017038,1.3035458964826994,5572,3545,1422,172581
pw5,0.5,17,sample_17,flood,242000,0.44641066992110884,0.6172668374265481,0.5495519665182165,0.7040142974979379,0.036908886270509825,0.29598570250206213,6.011570247933884,7.701239669421487,1.2810695628265054,10242,8395,4306,219057
pw5,0.5,18,sample_18,no_flood,260175,0.0,0.0,0.0,0.0,0.005281060824445085,0.0,0.0,0.5281060824445085,nan,0,1374,0,258801
pw5,0.5,19,sample_19,flood,151793,0.8589476386812257,0.9241224667205583,0.8638990787365095,0.9933715263828969,0.4805964545283879,0.006628473617103034,75.43562614876839,86.74115407166339,1.1498698758143677,113747,17920,759,19367
pw5,0.5,20,sample_20,flood,262142,0.6137394685677252,0.7606425702811245,0.7466295235342041,0.7751916832655734,0.0427552074787244,0.22480831673442658,13.98059067223108,14.515415309259867,1.0382547954923735,28410,9641,8239,215852
pw5,0.5,21,sample_21,flood,224355,0.5354459327017315,0.6974468085106383,0.5668926397343663,0.906125608137992,0.02907886731286372,0.09387439186200797,4.031111408259232,6.443359853803124,1.598407784166298,8195,6261,849,209050
pw5,0.5,22,sample_22,flood,155332,0.014584910421397932,0.02875049741345006,0.015405938482861559,0.21486988847583643,0.11994519017839168,0.7851301115241636,0.8658872608348569,12.076713104833518,13.947211895910781,289,18470,1056,135517
pw5,0.5,23,sample_23,flood,262144,0.33081285444234404,0.4971590909090909,0.5775577557755776,0.43640897755610975,0.000979559351348042,0.5635910224438903,0.305938720703125,0.231170654296875,0.7556109725685786,350,256,452,261086
pw5,0.5,24,sample_24,flood,262119,0.7518681167084358,0.8583615507782765,0.7763585859784905,0.9597335133390075,0.2994587807068435,0.04026648666099258,51.99623071963497,64.27767540697164,1.2361987497431983,130804,37680,5488,88147
pw5,0.5,25,sample_25,flood,203133,0.24334239130434782,0.3914326303136269,0.30526674620760186,0.5453714981729598,0.020395398525887044,0.4546285018270402,1.6166747894236781,2.8882554779381,1.7865408038976858,1791,4076,1493,195773
pw5,0.5,26,sample_26,flood,261859,0.2800875273522976,0.4376068376068376,0.4429065743944637,0.43243243243243246,0.0006155304840516434,0.5675675675675675,0.11303793262786462,0.11036473827517862,0.9763513513513513,128,161,168,261402
pw5,0.5,27,sample_27,flood,262135,0.9063971676735351,0.9509006654470156,0.9222501157717712,0.9813884004294985,0.22998615757296112,0.01861159957050155,73.54340320827055,78.25929387529327,1.0641239113407301,189195,15950,3588,53402
pw5,0.5,28,sample_28,flood,262111,0.9055849828082891,0.9504535257973276,0.9109179285847822,0.9935766721044046,0.003777204393130482,0.006423327895595432,3.7419261305324842,4.081476931529009,1.090742251223491,9745,953,63,251350
pw5,0.5,29,sample_29,flood,205495,0.0070729442023290704,0.014046538024971623,0.00709118258004441,0.7333333333333333,0.06750097389949357,0.26666666666666666,0.06569502907613324,6.793839266162194,103.41481481481482,99,13862,36,191498
pw5,0.5,30,sample_30,flood,258487,0.39856801909307876,0.5699658703071673,0.42237745393231363,0.8760929303022733,0.018845978529102025,0.1239070696977267,1.5486272036891604,3.2121538027057452,2.0741943542343244,3507,4796,496,249688
pw5,0.5,31,sample_31,flood,50135,0.16436398284897571,0.2823240589198036,0.1644423260247855,0.9971098265895953,0.14383294701647145,0.002890173410404624,2.760546524384163,16.738805225890097,6.063583815028902,1380,7012,4,41739
pw5,0.5,32,sample_32,flood,241255,0.1929530201342282,0.3234880450070324,0.7903780068728522,0.20335985853227231,0.00025403541503556495,0.7966401414677277,0.4687985741228161,0.12061926177695799,0.2572944297082228,230,61,901,240063
pw5,0.5,33,sample_33,flood,236584,0.9173879139290154,0.9569142553414244,0.9228170457987402,0.9936278568023883,0.08493944496200888,0.006372143197611701,50.54568356270923,54.42422141818551,1.0767333149360696,118821,9938,762,107063
pw5,0.5,34,sample_34,flood,209501,0.2303473491773309,0.37444279346210996,0.2504970178926441,0.7411764705882353,0.0018009754885802867,0.25882352941176473,0.08114519739762578,0.24009431935885747,2.958823529411765,126,377,44,208954
pw5,0.5,35,sample_35,flood,257239,0.47193450053465696,0.6412438873648715,0.8466876008131866,0.516031830979361,0.1882434285312489,0.48396816902063894,66.82812481777647,40.72982712574687,0.6094713451380971,88710,16063,83198,69268
pw5,0.5,36,sample_36,flood,73010,0.1393037751381865,0.24454193548387096,0.13941854990583805,0.9941250524548888,0.2070454641992439,0.005874947545111205,3.263936447062046,23.27352417477058,7.130507763323542,2369,14623,14,56004
pw5,0.5,37,sample_37,flood,191444,0.2032825191943919,0.33787995080405775,0.20376318900711593,0.9885287592662735,0.41274145337442114,0.01147124073372653,9.653475690019013,46.83249409749065,4.851360857096477,18269,71389,212,101574
pw5,0.5,38,sample_38,flood,262144,0.0415606920260488,0.07980464766811571,0.04164060822731049,0.9558602956931648,0.3987540634697468,0.044139704306835226,1.7803192138671875,40.86723327636719,22.955003214056138,4461,102670,206,154807
pw5,0.5,39,sample_39,no_flood,76982,0.0,0.0,0.0,0.0,0.15195760047803383,0.0,0.0,15.195760047803383,nan,0,11698,0,65284
pw5,0.5,40,sample_40,flood,247105,0.013284231258462927,0.026220148007167515,0.013306480615694454,0.8882030178326474,0.3909105342218712,0.11179698216735254,0.5900325772444912,39.384472187936304,66.74965706447188,1295,96026,163,149621
pw5,0.5,41,sample_41,flood,262144,0.4267395813690364,0.5982024848004229,0.47072282891315653,0.820373391335871,0.01983033741578244,0.17962660866412905,2.1045684814453125,3.6678314208984375,1.742794997281131,4526,5089,991,251538
pw5,0.5,42,sample_42,flood,262142,0.5391159991699522,0.7005527841445328,0.6298945326706268,0.7890660592255125,0.011946454215693564,0.21093394077448746,2.511997314432636,3.146767782346972,1.2526955201214882,5196,3053,1389,252504
pw5,0.5,43,sample_43,flood,261199,0.8523786169691026,0.9203071220545407,0.8680596020977275,0.9792468776410931,0.020741367578036397,0.02075312235890694,12.230904406219013,13.797526024219081,1.128087144332801,31284,4755,663,224497
pw5,0.5,44,sample_44,flood,261391,0.3787628411688562,0.5494242082238846,0.3889336670484594,0.9354169500748197,0.18627767935272235,0.06458304992518024,11.249048360502083,27.05487182037637,2.4050809413685212,27505,43214,1899,188773
pw5,0.5,45,sample_45,flood,262144,0.042646409327797896,0.08180416476050086,0.04279686558167571,0.9238423268274014,0.20803680485182888,0.07615767317259854,0.9967803955078125,21.517181396484375,21.586681974741676,2414,53992,199,205539
pw5,0.5,46,sample_46,no_flood,215331,0.0,0.0,0.0,0.0,0.06826234959202344,0.0,0.0,6.826234959202345,nan,0,14699,0,200632
pw5,0.5,47,sample_47,flood,253937,0.8100537782904678,0.8950604540109688,0.8163940331745018,0.9905038143674507,0.05507340337228206,0.009496185632549269,19.822239374333005,24.049665862005142,1.213266846789574,49858,11213,478,192388
pw5,0.5,48,sample_48,flood,255656,0.5137751303052867,0.6787998032464339,0.51473330846699,0.9963898916967509,0.010289221230119501,0.0036101083032490976,1.0834871859060613,2.097349563475921,1.935740072202166,2760,2602,10,250284
pw5,0.5,49,sample_49,flood,259578,0.6375355036049815,0.7786524349566377,0.7698192850547421,0.7876906465110002,0.00691996240616412,0.21230935348899987,2.854248048756058,2.920509442248573,1.0232150087731138,5836,1745,1573,250424
pw5,0.5,51,sample_51,flood,175465,0.43353706315624513,0.6048494654218685,0.46183639398998333,0.8761639323494014,0.10094064304412631,0.1238360676505986,8.997235915994644,17.068931125865557,1.8971305504529044,13832,16118,1955,143560
pw5,0.5,52,sample_52,flood,262144,0.34312900274473923,0.5109397564099071,0.3726994474698891,0.8121968121968122,0.0629728651237031,0.1878031878031878,4.4036865234375,9.596633911132812,2.1792273042273043,9376,15781,2168,234819
pw5,0.5,53,sample_53,flood,262143,0.0,0.0,0.0,0.0,4.9595415857561964e-05,1.0,0.008392365998710627,0.004959125362874461,0.5909090909090909,0,13,22,262108
pw5,0.5,54,sample_54,flood,262144,0.5849514563106796,0.7381316998468607,0.5934100371580785,0.976211518633083,0.07729756413093435,0.023788481366917073,10.35919189453125,17.041778564453125,1.645087641773457,26510,18164,646,216824
pw5,0.5,55,sample_55,flood,203209,0.06999041227229147,0.13082437275985664,0.24872231686541738,0.08875379939209727,0.004411786773643326,0.9112462006079027,1.6190227795028764,0.5777303170627285,0.356838905775076,292,882,2998,199037
pw5,0.5,56,sample_56,flood,222316,0.004125412541254125,0.008216926869350863,0.009259259259259259,0.007385524372230428,0.002413835110246843,0.9926144756277696,0.30452149193040534,0.2428974972561579,0.7976366322008862,5,535,672,221104
pw5,0.5,57,sample_57,flood,184172,0.555037750585785,0.7138575901153543,0.6183901377810007,0.8441830997069771,0.08278483242930317,0.1558169002930229,13.712182090654387,18.71891492735052,1.3651302763918587,21319,13156,3935,145762
pw5,0.5,58,sample_58,flood,220577,0.0,0.0,0.0,0.0,0.0036315825266928117,1.0,0.005440277091446524,0.3631384958540555,66.75,0,801,12,219764
pw5,0.5,59,sample_59,flood,241360,0.7660612632149634,0.8675364543361473,0.8457279664821188,0.890499448558374,0.009017519001513125,0.10950055144162596,5.259363606231355,5.537785880013258,1.0529383960926422,11304,2062,1390,226604
pw5,0.5,60,sample_60,flood,255044,0.7003846655365759,0.8237955560667932,0.7211546530166988,0.9605024923441446,0.07900355195024417,0.03949750765585533,17.540894904408653,23.362635466821413,1.3318952991930617,42970,16615,1767,193692
pw5,0.5,61,sample_61,flood,261969,0.08109531332280147,0.15002435460301997,0.08522412838959602,0.6260162601626016,0.006315837736843915,0.37398373983739835,0.09390424057808366,0.6897762712382,7.345528455284553,154,1653,92,260070
pw5,0.5,62,sample_62,flood,261984,0.08765846787300899,0.16118748754732018,0.09019454819109203,0.7571361722040243,0.06281003821479562,0.24286382779597568,0.8156986686209845,6.847364724563332,8.3944782405241,1618,16321,519,243526
pw5,0.5,63,sample_63,flood,171596,0.8315109383925914,0.9080054297926926,0.8373114254695121,0.9917375992015891,0.2979714790247667,0.008262400798410856,60.72810555024593,71.92825007575934,1.184430988321322,103346,20080,861,47309
pw5,0.5,64,sample_64,flood,262045,0.572555425496602,0.7281847319509174,0.5959286467614648,0.9358891982580139,0.23146190302588407,0.06411080174198615,26.726325631093896,41.97294357839302,1.570471906903691,65545,44443,4490,147567
pw5,0.5,65,sample_65,flood,262062,0.3234063293053898,0.48874834908056486,0.3435759177260391,0.8463669950738916,0.1536189131143294,0.15363300492610837,8.675809541253596,21.37204173058284,2.4634060520760026,19243,36765,3493,202561
pw5,0.5,66,sample_66,flood,262057,0.7262511085158245,0.841420005389867,0.7374691218297592,0.9794844646615165,0.48922980990545706,0.020515535338483458,58.38653422728643,77.54725117054687,1.3281701371188057,149867,53351,3139,55700
pw5,0.5,67,sample_67,flood,262144,0.10225813593092761,0.18554299142380848,0.1072739096102931,0.6862279007576884,0.15049742965315,0.3137720992423117,2.5676727294921875,16.425323486328125,6.396969246768682,4619,38439,2112,216974
pw5,0.5,68,sample_68,flood,190233,0.2529099448642026,0.4037160785592046,0.25551887765628223,0.9611951882033372,0.038458669054013725,0.038804811796662786,1.354654555203356,5.095856134319493,3.7617384555684903,2477,7217,100,180439
pw5,0.5,69,sample_69,flood,262144,0.9896463363959555,0.9947962291515591,0.9898405661575405,0.9998017631419376,0.5414273995077933,0.00019823685806240964,98.13995361328125,99.12757873535156,1.01006343579458,257217,2640,51,2236
pw5,0.5,70,sample_70,flood,239783,0.10412404436308818,0.18860932319094986,0.10483521248915871,0.9388349514563107,0.03458385863214284,0.06116504854368932,0.42955505602982696,3.8468114920574017,8.955339805825243,967,8257,63,230496
pw5,0.5,71,sample_71,flood,259388,0.34807559117443354,0.5164036697247707,0.3773261114388373,0.8178542368941067,0.04629862232589668,0.18214576310589328,3.3166530448594385,7.188844510925717,2.1674997094036965,7036,11611,1567,239174
pw5,0.5,72,sample_72,flood,260855,0.26866957411295966,0.4235453889572635,0.33509048786220325,0.5754483076745661,0.08132248102762903,0.4245516923254339,6.648521209100841,11.41745414118955,1.7172922793057719,9980,19803,7363,223709
pw5,0.5,73,sample_73,flood,99126,0.09508196721311475,0.17365269461077845,0.26631222812953115,0.12882861819032032,0.01600438591867073,0.8711713818096797,4.3147105703851665,2.087242499445151,0.4837502922609306,551,1518,3726,93331
pw5,0.5,74,sample_74,flood,218207,0.5751102068497795,0.7302475780409042,0.6160552124954595,0.8964059196617337,0.004886392529413124,0.10359408033826638,0.8670665927307557,1.261646051684868,1.4550739957716703,1696,1057,196,215258
pw5,0.5,75,sample_75,flood,262104,0.8364921264349872,0.9109672885543943,0.8376691055385321,0.9983231063523216,0.08576636306567254,0.001676893647678434,30.715288587736165,36.606080029301346,1.1917869475567038,80371,15575,135,166023
pw5,0.5,76,sample_76,flood,262099,0.9180714767363453,0.9572859905079979,0.9357991279506841,0.9797827602491735,0.013734193500955743,0.020217239750826455,16.965726691059483,17.763135303835572,1.0470011469179392,43568,2989,899,214643
pw5,0.5,77,sample_77,flood,262137,0.44638589618021546,0.6172431539315799,0.5304469273743017,0.7380011658786191,0.0408839958167476,0.2619988341213809,5.889668379511477,8.19418853500269,1.3912818187706457,11394,10086,4045,236612
pw5,0.5,78,sample_78,flood,262120,0.11186440677966102,0.20121951219512196,0.12240768841679311,0.5649805447470817,0.019955144056587496,0.4350194552529183,0.49023348084846635,2.262704104990081,4.61556420233463,726,5205,559,255630
pw5,0.5,79,sample_79,flood,262127,0.2306151071929473,0.3747964832302182,0.2560053380782918,0.6992709599027946,0.01284162760431663,0.30072904009720536,0.6279398917318705,1.7151991210367494,2.7314702308626972,1151,3345,495,257136
pw5,0.5,80,sample_80,flood,262027,0.6614733602615888,0.7962491317434591,0.7142263759086189,0.8995553230447293,0.005329119610850336,0.10044467695527073,1.459009949356364,1.837596888870231,1.2594820821344495,3439,1376,384,256828
pw5,0.5,81,sample_81,flood,262136,0.3091306459446333,0.4722685958078279,0.47785285285285284,0.4668133480014668,0.005362188667316863,0.5331866519985332,1.0402996917630543,1.0162663655507065,0.976897689768977,1273,1391,1454,258018
pw5,0.5,82,sample_82,flood,262127,0.06326000819784124,0.11899254690310974,0.0639149641082275,0.8605947955390335,0.10433310895278392,0.13940520446096655,0.8209760917417893,11.054183659066025,13.464684014869889,1852,27124,300,232851
pw5,0.5,83,sample_83,flood,262070,0.5550473186119874,0.7138655036007708,0.5844544095665172,0.9168837936425221,0.009688961863750426,0.08311620635747785,1.4644942191017667,2.2974777731140534,1.5687858259510161,3519,2502,319,255730
pw5,0.5,84,sample_84,flood,262091,0.41552018703354016,0.5870918561809173,0.4202246169235666,0.9737646191128437,0.05047901821060966,0.026235380887156254,3.6212613176339516,8.391360252736645,2.3172479190812347,9242,12751,249,239849
pw5,0.5,85,sample_85,flood,262061,0.41284403669724773,0.5844155844155844,0.46560402684563756,0.7846371347785108,0.0073517248277480485,0.21536286522148917,0.8097351380022209,1.3645677914683987,1.6852026390197927,1665,1911,457,258028
pw5,0.5,86,sample_86,flood,262136,0.2869724889907213,0.4459652268336721,0.3010158860025908,0.8601626808241196,0.16973158668073923,0.13983731917588038,7.83219397564623,22.38074892422254,2.857532511811407,17660,41008,2871,200597
pw5,0.5,87,sample_87,flood,262132,0.10430215107553777,0.18890147225368065,0.29679715302491105,0.13853820598006644,0.0038128757882387445,0.8614617940199335,1.1482764408771153,0.5359895014725405,0.46677740863787376,417,988,2593,258134
pw5,0.5,88,sample_88,flood,262126,0.08110251292007328,0.15003667450742342,0.08176430048242592,0.9092581238503985,0.12867374374188764,0.09074187614960147,1.2444396969396396,13.838764563606816,11.12047823421214,2966,33309,296,225555
pw5,0.5,89,sample_89,flood,262133,0.16912350597609563,0.28931674902027604,0.19967074317968014,0.5250463821892394,0.013062537425724332,0.4749536178107607,0.6168624324293394,1.6220773424177803,2.629560915275201,849,3403,768,257113
pw5,0.7,0,sample_00,flood,244464,0.06937033084311633,0.12974051896207583,0.9463148316651502,0.06964441170561843,0.00025704588922629185,0.9303555882943816,6.108465868185091,0.44955494469533347,0.07359539275430255,1040,59,13893,229472
pw5,0.7,1,sample_01,flood,262144,0.05135322692574601,0.09768976897689768,0.6851851851851852,0.052594171997157074,0.00013039959806241538,0.9474058280028429,0.5367279052734375,0.04119873046875,0.0767590618336887,74,34,1333,260703
pw5,0.7,2,sample_02,no_flood,27394,0.0,0.0,0.0,0.0,0.013944659414470323,0.0,0.0,1.3944659414470322,nan,0,382,0,27012
pw5,0.7,3,sample_03,flood,262144,0.4524284763805722,0.6229958772331654,0.6681952178185392,0.5835240274599542,0.003916519748847855,0.41647597254004576,1.3336181640625,1.1646270751953125,0.8732837528604119,2040,1013,1456,257635
pw5,0.7,4,sample_04,flood,171624,0.7410963728137105,0.8512985086702085,0.9112612222510897,0.7987399104273677,0.023269721353792117,0.20126008957263228,23.027665128420267,20.18423996643826,0.876521343083424,31567,3074,7954,129029
pw5,0.7,5,sample_05,flood,117511,0.6299440362562658,0.7729640064246031,0.874493589438063,0.6925573977786376,0.9127383015597921,0.30744260222136244,90.1796427568483,71.4179949111147,0.7919525153107926,73391,10533,32580,1007
pw5,0.7,6,sample_06,flood,262144,0.7638735758912165,0.8661318887384103,0.7852285606346807,0.9656213704994193,0.004409728551537975,0.034378629500580724,1.6422271728515625,2.019500732421875,1.229732868757259,4157,1137,148,256702
pw5,0.7,7,sample_07,no_flood,262144,1.0,1.0,0.0,0.0,0.0,0.0,0.0,0.0,nan,0,0,0,262144
pw5,0.7,9,sample_09,no_flood,262144,1.0,1.0,0.0,0.0,0.0,0.0,0.0,0.0,nan,0,0,0,262144
pw5,0.7,10,sample_10,flood,262144,0.0243161094224924,0.04747774480712166,0.8163265306122449,0.02444987775061125,3.4547883366345756e-05,0.9755501222493888,0.62408447265625,0.0186920166015625,0.029951100244498777,40,9,1596,260499
pw5,0.7,11,sample_11,flood,261992,0.757385638036609,0.8619458605372209,0.8009432720875955,0.9330068655054738,0.20821651852012837,0.06699313449452615,47.311749977098536,55.112751534397994,1.1648850774083725,115649,28742,8304,109297
pw5,0.7,12,sample_12,flood,246049,0.8570752814913614,0.9230377357702699,0.8810844852601202,0.9691859802348319,0.11299901522611923,0.030814019765168055,46.34808513751326,50.98252787046483,1.0999921079630652,110525,14917,3514,117093
pw5,0.7,13,sample_13,flood,262087,0.6252845547149855,0.7694462522282901,0.8612284109623749,0.6953427319684288,0.09080233481849895,0.3046572680315712,44.764524757046324,36.14219705670254,0.8073848042140434,81579,13145,35743,131620
pw5,0.7,14,sample_14,flood,262144,0.10687354988399073,0.1931088693829425,0.2986223662884927,0.14269119070667957,0.006735958969409952,0.8573088092933204,1.9702911376953125,0.94146728515625,0.47783155856727977,737,1731,4428,255248
pw5,0.7,15,sample_15,flood,188716,0.2266916464624201,0.36959841883029376,0.3893621048646602,0.35174418604651164,0.017641140057309098,0.6482558139534884,3.0988363466796667,2.799444668178639,0.9033857729138167,2057,3226,3791,179642
pw5,0.7,16,sample_16,flood,183120,0.5803173878296609,0.7344314405432741,0.7422605140186916,0.7267657992565055,0.0100212347978152,0.2732342007434944,3.8193534294451728,3.7396242900830057,0.9791249642550758,5083,1765,1911,174361
pw5,0.7,17,sample_17,flood,242000,0.47100494233937396,0.6403852615074477,0.7007925484108178,0.5895655760241958,0.016100100240929956,0.4104344239758042,6.011570247933884,5.057438016528925,0.8412840252955732,8577,3662,5971,223790
pw5,0.7,18,sample_18,no_flood,260175,0.0,0.0,0.0,0.0,0.0016335159027577593,0.0,0.0,0.16335159027577592,nan,0,425,0,259750
pw5,0.7,19,sample_19,flood,151793,0.8657549284178749,0.9280478536932166,0.871990171990172,0.9918082895219464,0.44712634430230375,0.008191710478053551,75.43562614876839,85.80105801980328,1.1374076467608685,113568,16672,938,20615
pw5,0.7,20,sample_20,flood,262142,0.6099376189214576,0.7577158415989708,0.8387096774193549,0.6909874757837867,0.02159712274882147,0.3090125242162133,13.98059067223108,11.518184800604253,0.8238696826652842,25324,4870,11325,220623
pw5,0.7,21,sample_21,flood,224355,0.5792307092143247,0.7335605948322711,0.6630347414486023,0.820875718708536,0.01752348927829976,0.17912428129146396,4.031111408259232,4.99075126473669,1.2380583812472357,7424,3773,1620,211538
pw5,0.7,22,sample_22,flood,155332,0.010744234800838574,0.021260046668395125,0.012028163504791708,0.09144981412639405,0.06560943456265789,0.9085501858736059,0.8658872608348569,6.583318311745165,7.602973977695167,123,10103,1222,143884
pw5,0.7,23,sample_23,flood,262144,0.24026696329254726,0.3874439461883408,0.6900958466453674,0.26932668329177056,0.00037116116047171904,0.7306733167082294,0.305938720703125,0.1194000244140625,0.39027431421446385,216,97,586,261245
pw5,0.7,24,sample_24,flood,262119,0.7619013947568456,0.8648626955221784,0.7946409366069508,0.9486983828838083,0.2655630349607,0.0513016171161917,51.99623071963497,62.07676665941805,1.1938705133096588,129300,33415,6992,92412
pw5,0.7,25,sample_25,flood,203133,0.21749502982107355,0.3572828216851731,0.3852112676056338,0.3331303288672351,0.00873659613007821,0.666869671132765,1.6166747894236781,1.398098782571025,0.8647990255785627,1094,1746,2190,198103
pw5,0.7,26,sample_26,flood,261859,0.14202898550724638,0.24873096446700507,0.5,0.16554054054054054,0.00018733536471136973,0.8344594594594594,0.11303793262786462,0.03742472093760382,0.3310810810810811,49,49,247,261514
pw5,0.7,27,sample_27,flood,262135,0.9164950834656039,0.9564283168504696,0.9456743299293168,0.9674297007516223,0.15448725343176836,0.03257029924837771,73.54340320827055,75.23527953153909,1.023005140494753,186504,10714,6279,58638
pw5,0.7,28,sample_28,flood,262111,0.9163588140570238,0.9563541100291632,0.9281396910678308,0.9863376835236541,0.002968652770676528,0.01366231647634584,3.7419261305324842,3.976559549198622,1.0627039151712887,9674,749,134,251554
pw5,0.7,29,sample_29,flood,205495,0.007348560079443893,0.014589905362776025,0.007393345988610251,0.5481481481481482,0.04837845734320218,0.45185185185185184,0.06569502907613324,4.870678118689019,74.14074074074074,74,9935,61,195425
pw5,0.7,30,sample_30,flood,258487,0.43689765947682424,0.6081124241456404,0.5298701298701298,0.713464901324007,0.009957404001823298,0.286535098675993,1.5486272036891604,2.0852112485347427,1.3464901324006995,2856,2534,1147,251950
pw5,0.7,31,sample_31,flood,50135,0.19121951219512195,0.32104832104832104,0.19153985760156358,0.9913294797687862,0.1187873069270374,0.008670520231213872,2.760546524384163,14.287423955320634,5.175578034682081,1372,5791,12,42960
pw5,0.7,32,sample_32,flood,241255,0.08267370272647317,0.15272136474411047,0.94,0.08311229000884174,2.498709000349819e-05,0.9168877099911583,0.4687985741228161,0.04144991813641168,0.08841732979664015,94,6,1037,240118
pw5,0.7,33,sample_33,flood,236584,0.9253584911583954,0.9612324098684103,0.9377530324120104,0.9859177307811311,0.06688831719387013,0.014082269218868904,50.54568356270923,53.141801643390934,1.0513618156426916,117899,7826,1684,109175
pw5,0.7,34,sample_34,flood,209501,0.3762057877813505,0.5467289719626168,0.45348837209302323,0.6882352941176471,0.000673574386975651,0.31176470588235294,0.08114519739762578,0.12314977016816149,1.5176470588235293,117,141,53,209190
pw5,0.7,35,sample_35,flood,257239,0.3813508963058334,0.552141960924897,0.8756996474913769,0.40317495404518694,0.1152922150215045,0.596825045954813,66.82812481777647,30.76788511850847,0.46040323894175955,69309,9838,102599,75493
pw5,0.7,36,sample_36,flood,73010,0.2046697335300755,0.33979393328049573,0.20511482254697286,0.9895090222408729,0.12938394664929842,0.01049097775912715,3.263936447062046,15.74578824818518,4.824171212757029,2358,9138,25,61489
pw5,0.7,37,sample_37,flood,191444,0.25299008679314067,0.4038181777489313,0.2545534064135664,0.9762999837671121,0.305487300752184,0.02370001623288783,9.653475690019013,37.02440400325944,3.835344407770142,18043,52838,438,120125
pw5,0.7,38,sample_38,flood,262144,0.051012688057350514,0.0970734009912674,0.05136562886366191,0.8812941932719092,0.29501664226319246,0.11870580672809085,1.7803192138671875,30.545425415039062,17.157274480394257,4113,75960,554,181517
pw5,0.7,39,sample_39,no_flood,76982,0.0,0.0,0.0,0.0,0.09629523784780858,0.0,0.0,9.629523784780858,nan,0,7413,0,69569
pw5,0.7,40,sample_40,flood,247105,0.015234253800806702,0.030011307722869106,0.015347586896724181,0.6735253772290809,0.2564737204199522,0.32647462277091904,0.5900325772444912,25.893446105906396,43.88477366255144,982,63002,476,182645
pw5,0.7,41,sample_41,flood,262144,0.4602795772246846,0.6303992528601448,0.5523731587561375,0.734094616639478,0.012788989467203374,0.265905383360522,2.1045684814453125,2.79693603515625,1.3289831430125068,4050,3282,1467,253345
pw5,0.7,42,sample_42,flood,262142,0.5908157099697885,0.7427833485262838,0.7431220550235598,0.7424449506454063,0.006613006100400302,0.2575550493545938,2.511997314432636,2.5097084786108295,0.9990888382687927,4889,1690,1696,253867
pw5,0.7,43,sample_43,flood,261199,0.8803893905191874,0.9363905103464834,0.8993197671067044,0.9766488246157699,0.015236508296547031,0.023351175384230132,12.230904406219013,13.282592965516713,1.0859861645850941,31201,3493,746,225759
pw5,0.7,44,sample_44,flood,261391,0.4271309491798871,0.5985869053226566,0.45781396354204196,0.8643721942592845,0.12974864970881989,0.13562780574071556,11.249048360502083,21.23868075029362,1.888042443205006,25416,30100,3988,201887
pw5,0.7,45,sample_45,flood,262144,0.05126920887877063,0.09753773523615653,0.05169405931503076,0.8618446230386528,0.15917944291818703,0.1381553769613471,0.9967803955078125,16.61834716796875,16.672024492920016,2252,41312,361,218219
pw5,0.7,46,sample_46,no_flood,215331,0.0,0.0,0.0,0.0,0.0500253098717788,0.0,0.0,5.00253098717788,nan,0,10772,0,204559
pw5,0.7,47,sample_47,flood,253937,0.8469177088843011,0.9171147201744175,0.8571403902607494,0.9861133184996821,0.04063339571023718,0.013886681500317863,19.822239374333005,22.80486892418198,1.1504688493324857,49637,8273,699,195328
pw5,0.7,48,sample_48,flood,255656,0.5748477850094478,0.7300359952006399,0.5787359966180512,0.9884476534296028,0.007881021487943184,0.011552346570397111,1.0834871859060613,1.8505335294301717,1.707942238267148,2738,1993,32,250893
pw5,0.7,49,sample_49,flood,259578,0.6572769953051644,0.7932011331444759,0.8125707814269536,0.7747334323120529,0.005250447120780112,0.2252665676879471,2.854248048756058,2.721340021111188,0.9534350114725334,5740,1324,1669,250845
pw5,0.7,51,sample_51,flood,175465,0.4779459635416667,0.6467705522823634,0.5719990260530801,0.7440298980173561,0.0550420220694147,0.25597010198264397,8.997235915994644,11.703188670105149,1.3007537847596122,11746,8789,4041,150889
pw5,0.7,52,sample_52,flood,262144,0.4262866516301005,0.597757331799885,0.5108108108108108,0.7203742203742204,0.03177972865123703,0.2796257796257796,4.4036865234375,6.2103271484375,1.4102564102564104,8316,7964,3228,242636
pw5,0.7,53,sample_53,flood,262143,0.0,0.0,0.0,0.0,3.815031989043228e-06,1.0,0.008392365998710627,0.00038147118175957395,0.045454545454545456,0,1,22,262120
pw5,0.7,54,sample_54,flood,262144,0.6597238413512603,0.7949802550454993,0.6899298312156268,0.937766975990573,0.048704614703729554,0.06223302400942701,10.35919189453125,14.080429077148438,1.3592207983502724,25466,11445,1690,223543
pw5,0.7,55,sample_55,flood,203209,0.037503498460677305,0.0722956568653898,0.3213429256594724,0.04072948328267477,0.0014155733071894118,0.9592705167173252,1.6190227795028764,0.20520744652057735,0.12674772036474163,134,283,3156,199636
pw5,0.7,56,sample_56,flood,222316,0.0,0.0,0.0,0.0,0.0001218197158442332,1.0,0.30452149193040534,0.012144874862807895,0.03988183161004431,0,27,677,221612
pw5,0.7,57,sample_57,flood,184172,0.5457900449682122,0.706163229275339,0.7156974379829198,0.6968797022253901,0.0439912407656779,0.30312029777460997,13.712182090654387,13.351649544990552,0.9737071355032866,17599,6991,7655,151927
pw5,0.7,58,sample_58,flood,220577,0.0,0.0,0.0,0.0,0.0007571464194228458,1.0,0.005440277091446524,0.07571052285596414,13.916666666666666,0,167,12,220398
pw5,0.7,59,sample_59,flood,241360,0.7681918819188192,0.8689010392754288,0.9240124278739459,0.819993697809989,0.0037434511470878923,0.18000630219001104,5.259363606231355,4.667301955585018,0.8874271309279975,10409,856,2285,227810
pw5,0.7,60,sample_60,flood,255044,0.7110697839178179,0.8311406005775979,0.773992673992674,0.897400362116369,0.05574231956140309,0.102599637883631,17.540894904408653,20.33766722604727,1.1594429666718824,40147,11723,4590,198584
pw5,0.7,61,sample_61,flood,261969,0.17008797653958943,0.2907268170426065,0.21014492753623187,0.4715447154471545,0.0016658833958039607,0.5284552845528455,0.09390424057808366,0.21071195446789506,2.2439024390243905,116,436,130,261287
pw5,0.7,62,sample_62,flood,261984,0.11599798556320295,0.2078820697954272,0.12384622277981898,0.6467009826860084,0.037625987600395615,0.3532990173139916,0.8156986686209845,4.259420422621229,5.221806270472626,1382,9777,755,250070
pw5,0.7,63,sample_63,flood,171596,0.8533703383633584,0.9208848557670752,0.8642066731181891,0.9855192069630639,0.2394604460668655,0.014480793036936099,60.72810555024593,69.25277978507657,1.1403744470141162,102698,16137,1509,51252
pw5,0.7,64,sample_64,flood,262045,0.6208631319358816,0.7660895231719563,0.6675859142978362,0.8986935103876633,0.16322066559033382,0.1013064896123367,26.726325631093896,35.97855330191379,1.346184050831727,62940,31340,7095,160670
pw5,0.7,65,sample_65,flood,262062,0.3655097839422737,0.5353455365029086,0.40943396226415096,0.7730911330049262,0.10593500079389619,0.2269088669950739,8.675809541253596,16.381619616731918,1.888194933145672,17577,25353,5159,213973
pw5,0.7,66,sample_66,flood,262057,0.7594228960613483,0.8632636278195489,0.7839060349701825,0.9604982811131589,0.37149590558546003,0.039501718886841036,58.38653422728643,71.53939791724702,1.2252722115472596,146962,40512,6044,68539
pw5,0.7,67,sample_67,flood,262144,0.1134551231135822,0.20378930548422075,0.1261168991700512,0.5305303818154806,0.09687838911879974,0.4694696181845194,2.5676727294921875,10.801315307617188,4.20665577180211,3571,24744,3160,230669
pw5,0.7,68,sample_68,flood,190233,0.34064389146632923,0.5081795302013423,0.34818221008765626,0.9402405898331393,0.024171888988361683,0.05975941016686069,1.354654555203356,3.6581455373147667,2.7004268529297635,2423,4536,154,183120
pw5,0.7,69,sample_69,flood,262144,0.9889761955325598,0.9944575483144541,0.9933410123057472,0.9955765971671564,0.3521328958162428,0.004423402832843572,98.13995361328125,98.36082458496094,1.002250571388591,256130,1717,1138,3159
pw5,0.7,70,sample_70,flood,239783,0.136950146627566,0.24090791849368068,0.13890541344437835,0.9067961165048544,0.024251004175863757,0.09320388349514563,0.42955505602982696,2.8042021327617053,6.528155339805825,934,5790,96,232963
pw5,0.7,71,sample_71,flood,259388,0.4240886017535764,0.5955930006480882,0.49488422186322023,0.7477624084621644,0.026181789181968618,0.25223759153783565,3.3166530448594385,5.011411476244082,1.5109845402766477,6433,6566,2170,244219
pw5,0.7,72,sample_72,flood,260855,0.22807509106192211,0.37143509012092174,0.3674736188702669,0.3754829037652079,0.04603058576168731,0.6245170962347921,6.648521209100841,6.793429299802573,1.0217955371043073,6512,11209,10831,232303
pw5,0.7,73,sample_73,flood,99126,0.08233098299460805,0.15213642460241425,0.42144373673036095,0.0928220715454758,0.0057459751816044445,0.9071779284545242,4.3147105703851665,0.9503056715695176,0.22024783726911387,397,545,3880,94304
pw5,0.7,74,sample_74,flood,218207,0.6468066866695242,0.7855283706402915,0.7738461538461539,0.797568710359408,0.00203869357187435,0.20243128964059195,0.8670665927307557,0.8936468582584427,1.0306553911205074,1509,441,383,215874
pw5,0.7,75,sample_75,flood,262104,0.8919258805853876,0.9428761345654975,0.8955337288949974,0.9955034407373363,0.0514818445137061,0.004496559262663653,30.715288587736165,34.14408021243476,1.1116314311976747,80144,9349,362,172249
pw5,0.7,76,sample_76,flood,262099,0.9308562197092084,0.964190093708166,0.9566555243176234,0.9718442890233207,0.008996838700191148,0.028155710976679335,16.965726691059483,17.235090557384805,1.0158769424517058,43215,1958,1252,215674
pw5,0.7,77,sample_77,flood,262137,0.44507068714480297,0.6159846588877693,0.6182150313152401,0.613770321912041,0.023721311076701068,0.38622967808795905,5.889668379511477,5.8473241091490324,0.9928104151823305,9476,5852,5963,240846
pw5,0.7,78,sample_78,flood,262120,0.1614567526555387,0.2780245623203554,0.20928402832415421,0.4140077821011673,0.007706021047788832,0.5859922178988327,0.49023348084846635,0.9697848313749428,1.9782101167315176,532,2010,753,258825
pw5,0.7,79,sample_79,flood,262127,0.3002301874383427,0.4618108244815377,0.395580589254766,0.554678007290401,0.005355476982966128,0.44532199270959905,0.6279398917318705,0.8804892285037406,1.402187120291616,913,1395,733,259086
pw5,0.7,80,sample_80,flood,262027,0.7021598272138229,0.8250222053038955,0.8011335633316905,0.8503792832853779,0.0031254357020030674,0.14962071671462202,1.459009949356364,1.5486953634549112,1.0614700496991891,3251,807,572,257397
pw5,0.7,81,sample_81,flood,262136,0.2511385816525699,0.4014560582423297,0.6899016979445934,0.2830949761642831,0.0013376559795535237,0.7169050238357169,1.0402996917630543,0.42687765129551075,0.41034103410341033,772,347,1955,259062
pw5,0.7,82,sample_82,flood,262127,0.11710753688688023,0.2096620656830081,0.12022379912663755,0.8187732342007435,0.04959707664198481,0.1812267657992565,0.8209760917417893,5.591182899892037,6.810408921933085,1762,12894,390,247081
pw5,0.7,83,sample_83,flood,262070,0.6275676713380687,0.771172446331682,0.7045258620689655,0.8517457008858781,0.005309179342606649,0.14825429911412194,1.4644942191017667,1.7705193268973938,1.2089630015633142,3269,1371,569,256861
pw5,0.7,84,sample_84,flood,262091,0.5359672227099795,0.6978888804206996,0.5466539311085905,0.9648087661995575,0.03006334125098971,0.03519123380044253,3.6212613176339516,6.39129157430053,1.7649352017700979,9157,7594,334,245006
pw5,0.7,85,sample_85,flood,262061,0.48460508701472554,0.6528403967538323,0.6257562662057045,0.6823751178133836,0.00333155086385652,0.3176248821866164,0.8097351380022209,0.8830005227790476,1.0904806786050896,1448,866,674,259073
pw5,0.7,86,sample_86,flood,262136,0.30421454596412556,0.46650997246659054,0.3220643869149173,0.845891578588476,0.15130895469878522,0.15410842141152403,7.83219397564623,20.57100131229591,2.6264672933612587,17367,36557,3164,205048
pw5,0.7,87,sample_87,flood,262132,0.10398505603985056,0.1883812746756909,0.6231343283582089,0.11096345514950166,0.000779555576137881,0.8890365448504983,1.1482764408771153,0.20447713365785178,0.17807308970099667,334,202,2676,258920
pw5,0.7,88,sample_88,flood,262126,0.15221590299388346,0.2642142025611176,0.1557678581233185,0.8697118332311465,0.059397985042338834,0.13028816676885346,1.2444396969396396,6.948185223899957,5.583384426732066,2837,15376,425,243488
pw5,0.7,89,sample_89,flood,262133,0.2385519801980198,0.38521109168123907,0.3231349538977368,0.47680890538033394,0.0061992353636628845,0.5231910946196661,0.6168624324293394,0.9102249621375409,1.4755720470006184,771,1615,846,258901
pw5,0.8,0,sample_00,flood,244464,0.0425531914893617,0.08163265306122448,0.9799691833590138,0.042590236389205116,5.663722982952194e-05,0.9574097636107949,6.108465868185091,0.2654787616990641,0.043460791535525345,636,13,14297,229518
pw5,0.8,1,sample_01,flood,262144,0.0449438202247191,0.08602150537634409,0.7901234567901234,0.04548685145700071,6.519979903120769e-05,0.9545131485429993,0.5367279052734375,0.0308990478515625,0.057569296375266525,64,17,1343,260720
pw5,0.8,2,sample_02,no_flood,27394,0.0,0.0,0.0,0.0,0.012593998685843615,0.0,0.0,1.2593998685843615,nan,0,345,0,27049
pw5,0.8,3,sample_03,flood,262144,0.45082555635319455,0.6214745175655616,0.7339306583560576,0.5389016018306636,0.002640654480220222,0.4610983981693364,1.3336181640625,0.9792327880859375,0.7342677345537757,1884,683,1612,257965
pw5,0.8,4,sample_04,flood,171624,0.6645834334887746,0.7984981949458484,0.9300010091156783,0.6995774398421093,0.015752859511139035,0.30042256015789076,23.027665128420267,17.32216939355801,0.7522329900559196,27648,2081,11873,130022
pw5,0.8,5,sample_05,flood,117511,0.6205377839592026,0.7658417965956229,0.8730824052376006,0.6820639608949618,0.9104852686308492,0.31793603910503815,90.1796427568483,70.44957493341049,0.7812137282841533,72279,10507,33692,1033
pw5,0.8,6,sample_06,flood,262144,0.7771027150180368,0.8745726495726496,0.8096933728981207,0.9507549361207898,0.003731010436745411,0.049245063879210224,1.6422271728515625,1.9283294677734375,1.1742160278745644,4093,962,212,256877
pw5,0.8,7,sample_07,no_flood,262144,1.0,1.0,0.0,0.0,0.0,0.0,0.0,0.0,nan,0,0,0,262144
pw5,0.8,9,sample_09,no_flood,262144,1.0,1.0,0.0,0.0,0.0,0.0,0.0,0.0,nan,0,0,0,262144
pw5,0.8,10,sample_10,flood,262144,0.0006108735491753207,0.001221001221001221,0.5,0.0006112469437652812,3.838653707371751e-06,0.9993887530562348,0.62408447265625,0.000762939453125,0.0012224938875305623,1,1,1635,260507
pw5,0.8,11,sample_11,flood,261992,0.7687191041463497,0.869238198812086,0.82210905638392,0.9220995054577138,0.17916675722078543,0.07790049454228619,47.311749977098536,53.06612415646279,1.1216267456213243,114297,24732,9656,113307
pw5,0.8,12,sample_12,flood,246049,0.8696228346519176,0.930265525788598,0.9014551407019882,0.9609782618227097,0.09075070070449208,0.039021738177290224,46.34808513751326,49.408451162166884,1.0660300423539315,109589,11980,4450,120030
pw5,0.8,13,sample_13,flood,262087,0.5633651783973485,0.720708361913076,0.9231383615984665,0.5910911849440003,0.03988533139916416,0.40890881505599974,44.764524757046324,28.663001217153084,0.6403061659364825,69348,5774,47974,138991
pw5,0.8,14,sample_14,flood,262144,0.09768326417704011,0.1779807843754922,0.47719594594594594,0.10939012584704744,0.0024087571357970885,0.8906098741529526,1.9702911376953125,0.45166015625,0.2292352371732817,565,619,4600,256360
pw5,0.8,15,sample_15,flood,188716,0.21217038539553754,0.3500669344042838,0.5035301668806161,0.268296853625171,0.00845965395804624,0.731703146374829,3.0988363466796667,1.651158354352572,0.5328317373461012,1569,1547,4279,181321
pw5,0.8,16,sample_16,flood,183120,0.5735348779581216,0.7289763779527559,0.8112513144058885,0.6618530168716042,0.006114940440366556,0.33814698312839575,3.8193534294451728,3.115989515072084,0.8158421504146411,4629,1077,2365,175049
pw5,0.8,17,sample_17,flood,242000,0.4494809270883631,0.6201957110139497,0.7866272314355128,0.5118916689579324,0.008880994671403197,0.48810833104206763,6.011570247933884,3.91198347107438,0.6507423700852351,7447,2020,7101,225432
pw5,0.8,18,sample_18,no_flood,260175,0.0,0.0,0.0,0.0,0.000434323051792063,0.0,0.0,0.0434323051792063,nan,0,113,0,260062
pw5,0.8,19,sample_19,flood,151793,0.8696092264278266,0.9302577395698325,0.8770204012188143,0.9903760501633102,0.4264757153967871,0.00962394983668978,75.43562614876839,85.18574637829148,1.1292508689500986,113404,15902,1102,21385
pw5,0.8,20,sample_20,flood,262142,0.5842798727850976,0.7375967880699742,0.8863192556572348,0.631613413735709,0.013166705840092597,0.368386586264291,13.98059067223108,9.962920859686735,0.7126251739474474,23148,2969,13501,222524
pw5,0.8,21,sample_21,flood,224355,0.5689596458368806,0.7252699549622877,0.7120937666489078,0.7389429455992923,0.012549289167761981,0.26105705440070764,4.031111408259232,4.183102672104477,1.037704555506413,6683,2702,2361,212609
pw5,0.8,22,sample_22,flood,155332,0.0090169992609017,0.0178728391444477,0.011129355956942163,0.04535315985130112,0.03519777643567314,0.9546468401486989,0.8658872608348569,3.5285710606958,4.075092936802974,61,5420,1284,148567
pw5,0.8,23,sample_23,flood,262144,0.14285714285714285,0.25,0.8731343283582089,0.14588528678304238,6.504886317545592e-05,0.8541147132169576,0.305938720703125,0.051116943359375,0.16708229426433915,117,17,685,261325
pw5,0.8,24,sample_24,flood,262119,0.765844817685903,0.8673976444765108,0.8056238949468001,0.93943151468905,0.2455116946283389,0.06056848531095002,51.99623071963497,60.63238452763821,1.1660919202887916,128037,30892,8255,94935
pw5,0.8,25,sample_25,flood,203133,0.15774099318403115,0.27249789739276703,0.44021739130434784,0.19732034104750304,0.004123112950277459,0.8026796589524969,1.6166747894236781,0.7246483830790664,0.4482338611449452,648,824,2636,199025
pw5,0.8,26,sample_26,flood,261859,0.11320754716981132,0.2033898305084746,0.6206896551724138,0.12162162162162163,8.410975558469661e-05,0.8783783783783784,0.11303793262786462,0.02214932463654104,0.19594594594594594,36,22,260,261541
pw5,0.8,27,sample_27,flood,262135,0.9160866703892788,0.9562058799805371,0.9593135565788512,0.9531182728767578,0.11236878532702733,0.04688172712324219,73.54340320827055,73.0684570927194,0.9935419616874932,183745,7793,9038,61559
pw5,0.8,28,sample_28,flood,262111,0.9161383285302593,0.9562340201534065,0.9406253082158004,0.9723694942903752,0.0023860199839082375,0.027630505709624796,3.7419261305324842,3.868208507082877,1.0337479608482871,9537,602,271,251701
pw5,0.8,29,sample_29,flood,205495,0.006290859750832614,0.0125030644765874,0.006356724417300261,0.37777777777777777,0.038819633813790416,0.6222222222222222,0.06569502907613324,3.904231246502348,59.42962962962963,51,7972,84,197388
pw5,0.8,30,sample_30,flood,258487,0.4597333333333333,0.6298867373036171,0.6145437262357415,0.6460154883837123,0.006373681645997391,0.3539845116162878,1.5486272036891604,1.6279348671306488,1.05121159130652,2586,1622,1417,252862
pw5,0.8,31,sample_31,flood,50135,0.20944461876372764,0.3463484239200934,0.21106719367588933,0.9645953757225434,0.10235687473077475,0.03540462427745665,2.760546524384163,12.615936970180513,4.570086705202312,1335,4990,49,43761
pw5,0.8,32,sample_32,flood,241255,0.02561837455830389,0.04995693367786391,0.9666666666666667,0.02564102564102564,4.164515000583032e-06,0.9743589743589743,0.4687985741228161,0.012434975440923503,0.026525198938992044,29,1,1102,240123
pw5,0.8,33,sample_33,flood,236584,0.9262577805970741,0.9617173671427983,0.9470437059677171,0.9768528971509328,0.05582858266168665,0.023147102849067173,50.54568356270923,52.13666181990329,1.0314760459262604,116815,6532,2768,110469
pw5,0.8,34,sample_34,flood,209501,0.430327868852459,0.6017191977077364,0.5865921787709497,0.6176470588235294,0.00035350712507941967,0.38235294117647056,0.08114519739762578,0.08544111961279421,1.0529411764705883,105,74,65,209257
pw5,0.8,35,sample_35,flood,257239,0.3013091834207623,0.4630862323259847,0.9028553117568684,0.31140493752472254,0.06750184575359483,0.6885950624752775,66.82812481777647,23.049770835681993,0.34491123158898945,53533,5760,118375,79571
pw5,0.8,36,sample_36,flood,73010,0.24909632149691685,0.3988424546769938,0.2501601537475977,0.9832144355853966,0.09943789202429666,0.01678556441460344,3.263936447062046,12.828379674017258,3.9303399076793957,2343,7023,40,63604
pw5,0.8,37,sample_37,flood,191444,0.28967597069476997,0.44922287035977987,0.2935587815167923,0.9563335317352957,0.2459023028046461,0.04366646826470429,9.653475690019013,31.448360878376967,3.2577241491261297,17674,42532,807,130431
pw5,0.8,38,sample_38,flood,262144,0.0573872640275705,0.10854540428070482,0.05822666250390259,0.7992286265266767,0.23431219099181674,0.20077137347332333,1.7803192138671875,24.43695068359375,13.726162416970217,3730,60330,937,197147
pw5,0.8,39,sample_39,no_flood,76982,0.0,0.0,0.0,0.0,0.06105323322335091,0.0,0.0,6.105323322335091,nan,0,4700,0,72282
pw5,0.8,40,sample_40,flood,247105,0.01728172817281728,0.03397628738276411,0.017554285714285713,0.5267489711934157,0.1749746587582995,0.4732510288065844,0.5900325772444912,17.70502418000445,30.006858710562415,768,42982,690,202665
pw5,0.8,41,sample_41,flood,262144,0.452420276966078,0.6229881035689293,0.602028740490279,0.6454594888526373,0.009172846193112962,0.3545405111473627,2.1045684814453125,2.2563934326171875,1.0721406561537068,3561,2354,1956,254273
pw5,0.8,42,sample_42,flood,262142,0.6072036673215455,0.7556026403716078,0.8153359127682026,0.7040242976461655,0.004108672429242791,0.29597570235383447,2.511997314432636,2.169053413798628,0.8634776006074412,4636,1050,1949,254507
pw5,0.8,43,sample_43,flood,261199,0.8960784877866329,0.9451913447239841,0.9172434103961125,0.9748959213697687,0.012257254026137176,0.02510407863023132,12.230904406219013,12.999666920623739,1.062854102106614,31145,2810,802,226442
pw5,0.8,44,sample_44,flood,261391,0.4553517592826717,0.6257617876617129,0.5154337296345223,0.7961841926268535,0.09487169539672481,0.2038158073731465,11.249048360502083,17.37626773683868,1.5446877975785607,23411,22009,5993,209978
pw5,0.8,45,sample_45,flood,262144,0.060255504533144946,0.11366223382103889,0.0612764174100461,0.7833907386146192,0.12082949628368095,0.21660926138538078,0.9967803955078125,12.743377685546875,12.784538844240338,2047,31359,566,228172
pw5,0.8,46,sample_46,no_flood,215331,0.0,0.0,0.0,0.0,0.03739359404823272,0.0,0.0,3.739359404823272,nan,0,8052,0,207279
pw5,0.8,47,sample_47,flood,253937,0.867037517986874,0.9287842473800461,0.8813749799318575,0.981583757151939,0.03266192209272056,0.01841624284806103,19.822239374333005,22.075947971347222,1.1136959631277814,49409,6650,927,196951
pw5,0.8,48,sample_48,flood,255656,0.6028495102404274,0.7522222222222222,0.6112866817155757,0.9776173285198556,0.006809392374429585,0.022382671480144403,1.0834871859060613,1.7327971962324373,1.5992779783393503,2708,1722,62,251164
pw5,0.8,49,sample_49,flood,259578,0.666038180532642,0.7995473192813694,0.8399465002229157,0.762855985963018,0.004270945278761465,0.23714401403698204,2.854248048756058,2.5922844000647203,0.9082197327574572,5652,1077,1757,251092
pw5,0.8,51,sample_51,flood,175465,0.46669787034870114,0.6363926474342609,0.6412631037365747,0.631595616646608,0.034932802264557423,0.36840438335339204,8.997235915994644,8.861596329752372,0.9849243048077532,9971,5578,5816,154100
pw5,0.8,52,sample_52,flood,262144,0.4377186612977754,0.6089072543617998,0.647811645173896,0.5744109494109494,0.014385474860335196,0.4255890505890506,4.4036865234375,3.90472412109375,0.8866943866943867,6631,3605,4913,246995
pw5,0.8,53,sample_53,flood,262143,0.0,0.0,0.0,0.0,0.0,1.0,0.008392365998710627,0.0,0.0,0,0,22,262121
pw5,0.8,54,sample_54,flood,262144,0.7040304094246003,0.8263120253380104,0.7685460880582832,0.8934673736927382,0.031095204861524842,0.10653262630726175,10.35919189453125,12.042999267578125,1.162542347915746,24263,7307,2893,227681
pw5,0.8,55,sample_55,flood,203209,0.026756836224639813,0.05211912943871707,0.4504950495049505,0.027659574468085105,0.0005552248660707586,0.9723404255319149,1.6190227795028764,0.09940504603634681,0.06139817629179331,91,111,3199,199808
pw5,0.8,56,sample_56,flood,222316,0.0,0.0,0.0,0.0,0.0,1.0,0.30452149193040534,0.0,0.0,0,0,677,221639
pw5,0.8,57,sample_57,flood,184172,0.47199810156620786,0.6413025955182976,0.7663896075301371,0.5513186029935851,0.026705596596987125,0.44868139700641485,13.712182090654387,9.8641487305345,0.7193711887225785,13923,4244,11331,154674
pw5,0.8,58,sample_58,flood,220577,0.0,0.0,0.0,0.0,0.000453381089474758,1.0,0.005440277091446524,0.04533564242872103,8.333333333333334,0,100,12,220465
pw5,0.8,59,sample_59,flood,241360,0.7247859361976207,0.8404358140760917,0.9500397298371077,0.7535055931936347,0.002199714867973376,0.24649440680636522,5.259363606231355,4.171362280411004,0.7931306128879786,9565,503,3129,228163
pw5,0.8,60,sample_60,flood,255044,0.6768264090781206,0.8072706935123043,0.8079394577166782,0.8066030355186982,0.04078799088950914,0.19339696448130184,17.540894904408653,17.51188030300654,0.9983458881909829,36085,8578,8652,201729
pw5,0.8,61,sample_61,flood,261969,0.1834862385321101,0.31007751937984496,0.2962962962962963,0.3252032520325203,0.0007259583605567719,0.6747967479674797,0.09390424057808366,0.10306562990277475,1.0975609756097562,80,190,166,261533
pw5,0.8,62,sample_62,flood,261984,0.1201859229747676,0.21458209839952577,0.13600500939261115,0.5081890500701919,0.026550239179209303,0.4918109499298081,0.8156986686209845,3.047896054720899,3.7365465605989705,1086,6899,1051,252948
pw5,0.8,63,sample_63,flood,171596,0.8663670806503678,0.928399444709952,0.8830196193873487,0.9786962488124599,0.2004926620071525,0.021303751187540184,60.72810555024593,67.30809575980793,1.1083516462425749,101987,13511,2220,53878
pw5,0.8,64,sample_64,flood,262045,0.6429476868668577,0.7826757869484877,0.7168408551068883,0.8618262297422717,0.12417061611374408,0.13817377025772828,26.726325631093896,32.131885744814824,1.202256014849718,60358,23842,9677,168168
pw5,0.8,65,sample_65,flood,262062,0.3807878369039392,0.5515515515515516,0.4538714991762768,0.7028061224489796,0.08033811620968888,0.2971938775510204,8.675809541253596,13.43422548862483,1.5484693877551021,15979,19227,6757,220099
pw5,0.8,66,sample_66,flood,262057,0.7778432719190564,0.8750414439844627,0.8184192408578045,0.9400807811458374,0.292642891857938,0.059919218854162584,58.38653422728643,67.06594366874383,1.1486543011385175,143838,31913,9168,77138
pw5,0.8,67,sample_67,flood,262144,0.12013648642244443,0.21450330005077,0.14995563442768411,0.3766156588916951,0.0562618190929984,0.6233843411083049,2.5676727294921875,6.4487457275390625,2.51151389095231,2535,14370,4196,241043
pw5,0.8,68,sample_68,flood,190233,0.43918029704831735,0.6103200522534291,0.46002363135092555,0.9064804035700427,0.014611842946668372,0.09351959642995732,1.354654555203356,2.6693581029579514,1.9705083430345363,2336,2742,241,184914
pw5,0.8,69,sample_69,flood,262144,0.9874305407655521,0.9936755227533103,0.9961832359283683,0.9911804033148313,0.20036915504511896,0.008819596685168773,98.13995361328125,97.6470947265625,0.9949779995957523,254999,977,2269,3899
pw5,0.8,70,sample_70,flood,239783,0.1757420876744643,0.29894666443738505,0.18056958190264594,0.8679611650485437,0.016992456639288302,0.13203883495145632,0.42955505602982696,2.0647835751491974,4.806796116504854,894,4057,136,234696
pw5,0.8,71,sample_71,flood,259388,0.47661342894393743,0.645549362617957,0.6145198571128389,0.6798791119376961,0.014630061606555417,0.3201208880623038,3.3166530448594385,3.669406449026169,1.1063582471230966,5849,3669,2754,247116
pw5,0.8,72,sample_72,flood,260855,0.18211725010544075,0.30812045097759383,0.40411792232101074,0.2489765323185147,0.026146555405893755,0.7510234676814853,6.648521209100841,4.096145368116386,0.6160987141786312,4318,6367,13025,237145
pw5,0.8,73,sample_73,flood,99126,0.06876534940835008,0.12868184666805932,0.6039215686274509,0.07201309328968904,0.0021297008929983445,0.9279869067103109,4.3147105703851665,0.5144967011682101,0.11924245966799159,308,202,3969,94647
pw5,0.8,74,sample_74,flood,218207,0.6214931050879696,0.7665689149560118,0.8610013175230566,0.6908033826638478,0.0009754293507153919,0.3091966173361522,0.8670665927307557,0.6956697081211877,0.8023255813953488,1307,211,585,216104
pw5,0.8,75,sample_75,flood,262104,0.9229835633539081,0.9599495086105851,0.9300248081156315,0.9918639604501528,0.0330840648024758,0.008136039549847216,30.715288587736165,32.757607667185546,1.0664919384890568,79851,6008,655,175590
pw5,0.8,76,sample_76,flood,262099,0.9337135642292705,0.9657206542908284,0.9668635318515847,0.96458047540873,0.00675452139391266,0.03541952459126993,16.965726691059483,16.92566549280997,0.997638698360582,42892,1470,1575,216162
pw5,0.8,77,sample_77,flood,262137,0.4149589098096328,0.5865313924422879,0.6781130471738207,0.5167433123906989,0.015350752742219231,0.4832566876093011,5.889668379511477,4.488111178505895,0.7620312196385777,7978,3787,7461,242911
pw5,0.8,78,sample_78,flood,262120,0.20403377110694185,0.33891702376314764,0.33931357254290173,0.33852140077821014,0.0032472635957597716,0.6614785992217899,0.49023348084846635,0.489088966885396,0.9976653696498055,435,847,850,259988
pw5,0.8,79,sample_79,flood,262127,0.3347297863426896,0.5015693659761457,0.5188311688311689,0.48541919805589306,0.0028447372361131906,0.5145808019441069,0.6279398917318705,0.5875014782910574,0.9356014580801945,799,741,847,259740
pw5,0.8,80,sample_80,flood,262027,0.7103211009174312,0.8306289392517098,0.8522289488167308,0.8100967826314412,0.0020797508946414464,0.18990321736855872,1.459009949356364,1.3868799780175325,0.9505623855610776,3097,537,726,257667
pw5,0.8,81,sample_81,flood,262136,0.16455250176180408,0.2826021180030257,0.8079584775086506,0.17125045837917124,0.00042789571680242397,0.8287495416208287,1.0402996917630543,0.22049623096407972,0.21195452878621196,467,111,2260,259298
pw5,0.8,82,sample_82,flood,262127,0.2057992382356555,0.34134909313226003,0.2186113286348212,0.7783457249070632,0.023029137417059333,0.2216542750929368,0.8209760917417893,2.923010601731222,3.5604089219330857,1675,5987,477,253988
pw5,0.8,83,sample_83,flood,262070,0.6451951321863197,0.784338732304553,0.7681738695978017,0.8011985409067223,0.003593667709656433,0.19880145909327776,1.4644942191017667,1.5274544968901438,1.042991141219385,3075,928,763,257304
pw5,0.8,84,sample_84,flood,262091,0.6075991705130778,0.7559087882822902,0.6246475483116705,0.9570119060162259,0.021607284243863815,0.0429880939837741,3.6212613176339516,5.548072997546654,1.532083026024655,9083,5458,408,247142
pw5,0.8,85,sample_85,flood,262061,0.5007423904974017,0.6673262428889438,0.7022384174908901,0.6357210179076344,0.002200516274972205,0.3642789820923657,0.8097351380022209,0.7330354383139803,0.9052780395852968,1349,572,773,259367
pw5,0.8,86,sample_86,flood,262136,0.31474147414741477,0.4787883859091289,0.3354372252076209,0.8361015050411573,0.14076281533908652,0.16389849495884273,7.83219397564623,19.522309030426953,2.4925722078807655,17166,34009,3365,207596
pw5,0.8,87,sample_87,flood,262132,0.09202453987730061,0.16853932584269662,0.7661290322580645,0.0946843853820598,0.0003357491837821567,0.9053156146179402,1.1482764408771153,0.14191323455358368,0.12358803986710963,285,87,2725,259035
pw5,0.8,88,sample_88,flood,262126,0.25166870358183696,0.402133092984828,0.2663151611619578,0.8206621704475782,0.028489863403176958,0.17933782955242183,1.2444396969396396,3.834797006020006,3.0815450643776825,2677,7375,585,251489
pw5,0.8,89,sample_89,flood,262133,0.268885564697083,0.4238137341585618,0.40484234234234234,0.44465058750773034,0.004057332371140352,0.5553494124922697,0.6168624324293394,0.6775186641895526,1.098330241187384,719,1057,898,259459
pw5,0.9,0,sample_00,flood,244464,0.015000334828902432,0.029557300257306855,1.0,0.015000334828902432,0.0,0.9849996651710976,6.108465868185091,0.09162903331369854,0.015000334828902432,224,0,14709,229531
pw5,0.9,1,sample_01,flood,262144,0.0234208658623137,0.04576976421636616,0.9428571428571428,0.023454157782515993,7.670564591906787e-06,0.976545842217484,0.5367279052734375,0.0133514404296875,0.024875621890547265,33,2,1374,260735
pw5,0.9,2,sample_02,no_flood,27394,0.0,0.0,0.0,0.0,0.010622764108928963,0.0,0.0,1.0622764108928962,nan,0,291,0,27103
pw5,0.9,3,sample_03,flood,262144,0.43119747899159666,0.6025688073394495,0.8403275332650972,0.4696796338672769,0.0012062726176115801,0.5303203661327232,1.3336181640625,0.745391845703125,0.5589244851258581,1642,312,1854,258336
pw5,0.9,4,sample_04,flood,171624,0.48117092532870254,0.649716946370549,0.9609115679960366,0.4907770552364566,0.005972612279811965,0.5092229447635435,23.027665128420267,11.761175593157134,0.5107411249715341,19396,789,20125,131314
pw5,0.9,5,sample_05,flood,117511,0.597751013676036,0.7482405062610556,0.8695701074731317,0.6566230383784243,0.904419410745234,0.3433769616215757,90.1796427568483,68.09575273804154,0.7551122476904059,69583,10437,36388,1103
pw5,0.9,6,sample_06,flood,262144,0.7948361469712016,0.8856921544760429,0.8457311918850381,0.929616724738676,0.00283122413599184,0.07038327526132404,1.6422271728515625,1.80511474609375,1.0991869918699186,4002,730,303,257109
pw5,0.9,7,sample_07,no_flood,262144,1.0,1.0,0.0,0.0,0.0,0.0,0.0,0.0,nan,0,0,0,262144
pw5,0.9,9,sample_09,no_flood,262144,1.0,1.0,0.0,0.0,0.0,0.0,0.0,0.0,nan,0,0,0,262144
pw5,0.9,10,sample_10,flood,262144,0.0,0.0,0.0,0.0,0.0,1.0,0.62408447265625,0.0,0.0,0,0,1636,260508
pw5,0.9,11,sample_11,flood,261992,0.7818184364191394,0.8775511807929585,0.8554203022897723,0.9008575831161811,0.13672223067394,0.09914241688381886,47.311749977098536,49.82480381080338,1.0531169072148314,111664,18873,12289,119166
pw5,0.9,12,sample_12,flood,246049,0.8785807291666666,0.9353664876104661,0.9243071549044957,0.9466936749708433,0.06697219907582759,0.05330632502915669,46.34808513751326,47.47062576966377,1.0242197844597023,107960,8841,6079,123169
pw5,0.9,13,sample_13,flood,262087,0.3846316091420665,0.5555724809437055,0.9742077483599376,0.3885886704965821,0.008337650675232273,0.6114113295034179,44.764524757046324,17.855521258208153,0.39887659603484427,45590,1207,71732,143558
pw5,0.9,14,sample_14,flood,262144,0.08663181478715459,0.15945017182130583,0.7083969465648855,0.08983543078412391,0.000743251394082785,0.9101645692158761,1.9702911376953125,0.2498626708984375,0.12681510164569215,464,191,4701,256788
pw5,0.9,15,sample_15,flood,188716,0.1467571406028089,0.25595156185496076,0.6553911205073996,0.15902872777017785,0.0026740599776888248,0.8409712722298222,3.0988363466796667,0.7519235252972721,0.2426470588235294,930,489,4918,182379
pw5,0.9,16,sample_16,flood,183120,0.48178191489361705,0.6502737144395585,0.8732224632441552,0.5180154418072633,0.0029864983023517254,0.4819845581927366,3.8193534294451728,2.2657273918741807,0.5932227623677437,3623,526,3371,175600
pw5,0.9,17,sample_17,flood,242000,0.38823990080271487,0.5593268145919519,0.8847412254610351,0.40892218861699203,0.003407312312048256,0.591077811383008,6.011570247933884,2.778512396694215,0.4621941160296948,5949,775,8599,226677
pw5,0.9,18,sample_18,no_flood,260175,0.0,0.0,0.0,0.0,6.534063611031036e-05,0.0,0.0,0.006534063611031037,nan,0,17,0,260158
pw5,0.9,19,sample_19,flood,151793,0.8746526729669275,0.9331357062347496,0.8849265080148159,0.986900249768571,0.39410518411242523,0.013099750231428921,75.43562614876839,84.12838536691416,1.1152341362024698,113006,14695,1500,22592
pw5,0.9,20,sample_20,flood,262142,0.5112312153967835,0.6765757750213709,0.9380321207430341,0.5291003847308249,0.0056808858811581734,0.4708996152691752,13.98059067223108,7.885802351397334,0.5640535894567382,19391,1281,17258,224212
pw5,0.9,21,sample_21,flood,224355,0.498452302785855,0.6652895148669796,0.766700331842447,0.5875718708536046,0.00751006683355704,0.41242812914639543,4.031111408259232,3.0893004390363488,0.7663644405130473,5314,1617,3730,213694
pw5,0.9,22,sample_22,flood,155332,0.0036855036855036856,0.0073439412484700125,0.0081374321880651,0.006691449814126394,0.0071239779981427005,0.9933085501858736,0.8658872608348569,0.7120232791697783,0.8223048327137547,9,1097,1336,152890
pw5,0.9,23,sample_23,flood,262144,0.0361145703611457,0.06971153846153846,0.9666666666666667,0.03615960099750624,3.8264037162032894e-06,0.9638403990024937,0.305938720703125,0.011444091796875,0.03740648379052369,29,1,773,261341
pw5,0.9,24,sample_24,flood,262119,0.769287970599442,0.8696017645322079,0.8256894652480492,0.9184471575734453,0.21001851748829742,0.08155284242655475,51.99623071963497,57.83747076709434,1.112339682446512,125177,26426,11115,99401
pw5,0.9,25,sample_25,flood,203133,0.06714364336818933,0.1258380608561114,0.4107744107744108,0.07429963459196103,0.0017513222482974647,0.925700365408039,1.6166747894236781,0.292419252410982,0.18087697929354446,244,350,3040,199499
pw5,0.9,26,sample_26,flood,261859,0.040268456375838924,0.07741935483870968,0.8571428571428571,0.04054054054054054,7.6463414167906e-06,0.9594594594594594,0.11303793262786462,0.005346388705371975,0.0472972972972973,12,2,284,261561
pw5,0.9,27,sample_27,flood,262135,0.8989741302408564,0.9467997651203758,0.9751865271584642,0.9200188813328977,0.06507382627754066,0.07998111866710239,73.54340320827055,69.38295153260725,0.9434286218183139,177364,4513,15419,64839
pw5,0.9,28,sample_28,flood,262111,0.8905575186493915,0.9421110015056331,0.9598011213371417,0.9250611745513866,0.0015061255712377577,0.07493882544861338,3.7419261305324842,3.606487327887803,0.963805057096248,9073,380,735,251923
pw5,0.9,29,sample_29,flood,205495,0.00033772374197906115,0.0006752194463200541,0.00034548281223009154,0.014814814814814815,0.02817978184651344,0.9851851851851852,0.06569502907613324,2.817100172753595,42.88148148148148,2,5787,133,199573
pw5,0.9,30,sample_30,flood,258487,0.4676916683980885,0.6373159682899208,0.7353805945769356,0.5623282538096428,0.0031829113028716935,0.43767174619035726,1.5486272036891604,1.184198818509248,0.7646764926305271,2251,810,1752,253674
pw5,0.9,31,sample_31,flood,50135,0.25380608974358976,0.40485700591148743,0.2598974358974359,0.9154624277456648,0.07400873828229164,0.08453757225433527,2.760546524384163,9.72374588610751,3.522398843930636,1267,3608,117,45143
pw5,0.9,32,sample_32,flood,241255,0.0,0.0,0.0,0.0,0.0,1.0,0.4687985741228161,0.0,0.0,0,0,1131,240124
pw5,0.9,33,sample_33,flood,236584,0.91418585030734,0.95516937413424,0.9589370148423475,0.9514312235016683,0.04164066973786549,0.0485687764983317,50.54568356270923,50.15005241267372,0.9921728004816738,113775,4872,5808,112129
pw5,0.9,34,sample_34,flood,209501,0.35,0.5185185185185185,0.7,0.4117647058823529,0.00014331369935652148,0.5882352941176471,0.08114519739762578,0.04773246905742693,0.5882352941176471,70,30,100,209301
pw5,0.9,35,sample_35,flood,257239,0.1748482000242188,0.2976524116402688,0.9525335343825589,0.17638504316262188,0.01770751543987531,0.8236149568373782,66.82812481777647,12.374873172419424,0.18517462828955022,30322,1511,141586,83820
pw5,0.9,36,sample_36,flood,73010,0.2966775244299674,0.45759646302250806,0.30083234244946494,0.9555182543013009,0.07492885157234486,0.044481745698699116,3.263936447062046,10.367073003698124,3.176248426353336,2277,5292,106,65335
pw5,0.9,37,sample_37,flood,191444,0.36218972989537274,0.5317757459868558,0.37819985372097276,0.8953519831177966,0.15728797488480195,0.10464801688220335,9.653475690019013,22.8536804496354,2.367404361235864,16547,27205,1934,145758
pw5,0.9,38,sample_38,flood,262144,0.054413932915591594,0.1032117107275508,0.05746539182054838,0.5061067066638097,0.15046392493310082,0.49389329333619025,1.7803192138671875,15.679550170898438,8.807156631669166,2362,38741,2305,218736
pw5,0.9,39,sample_39,no_flood,76982,0.0,0.0,0.0,0.0,0.014691746122470187,0.0,0.0,1.4691746122470188,nan,0,1131,0,75851
pw5,0.9,40,sample_40,flood,247105,0.021179355701705496,0.041480187752428774,0.022533206831119545,0.2606310013717421,0.06710442219933482,0.7393689986282579,0.5900325772444912,6.824629206207887,11.566529492455418,380,16484,1078,229163
pw5,0.9,41,sample_41,flood,262144,0.3938406870002961,0.5651157850010623,0.6825763407749551,0.4821460938916078,0.0048202254634157745,0.5178539061083922,2.1045684814453125,1.4865875244140625,0.7063621533442088,2660,1237,2857,255390
pw5,0.9,42,sample_42,flood,262142,0.5791130185979971,0.7334662076463128,0.9090500785986975,0.6147304479878511,0.0015847736512793623,0.3852695520121488,2.511997314432636,1.698697652417392,0.6762338648443432,4048,405,2537,255152
pw5,0.9,43,sample_43,flood,261199,0.9170541028754183,0.9567326258553841,0.9444342787435194,0.9693554950386578,0.00794758606249891,0.030644504961342224,12.230904406219013,12.553646836320201,1.0263874542210536,30968,1822,979,227430
pw5,0.9,44,sample_44,flood,261391,0.49365844066463477,0.6610057925223802,0.6403519959188879,0.6830363215888995,0.04862341424303948,0.3169636784111005,11.249048360502083,11.998882899564254,1.066657597605768,20084,11280,9320,220707
pw5,0.9,45,sample_45,flood,262144,0.09222202888463546,0.16887047952843715,0.09803921568627451,0.6084959816303099,0.05636320901934644,0.39150401836969,0.9967803955078125,6.186676025390625,6.206659012629162,1590,14628,1023,244903
pw5,0.9,46,sample_46,no_flood,215331,0.0,0.0,0.0,0.0,0.01508375477752855,0.0,0.0,1.5083754777528549,nan,0,3248,0,212083
pw5,0.9,47,sample_47,flood,253937,0.8935979513444302,0.9438095882074515,0.9185139225750654,0.9705379847425302,0.02128673238343623,0.029462015257469804,19.822239374333005,20.94495878899097,1.0566393833439287,48853,4334,1483,199267
pw5,0.9,48,sample_48,flood,255656,0.6313753927967126,0.7740405986072011,0.6564463433023373,0.9429602888086642,0.005405597779236494,0.05703971119133574,1.0834871859060613,1.556388271740151,1.4364620938628159,2612,1367,158,251519
pw5,0.9,49,sample_49,flood,259578,0.6843139663432011,0.8125729288214703,0.8838648262732033,0.7519233364826562,0.0029028151755370406,0.24807666351734378,2.854248048756058,2.4281718789727944,0.8507220947496288,5571,732,1838,251437
pw5,0.9,51,sample_51,flood,175465,0.365331928345627,0.5351547426101722,0.6847042559494421,0.43922214480268573,0.019996492942045866,0.5607778551973143,8.997235915994644,5.771521386031402,0.6414771647558117,6934,3193,8853,156485
pw5,0.9,52,sample_52,flood,262144,0.20204389344948903,0.33616724738675957,0.8595866001425517,0.20893970893970895,0.0015722266560255387,0.7910602910602911,4.4036865234375,1.070404052734375,0.24306999306999308,2412,394,9132,250206
pw5,0.9,53,sample_53,flood,262143,0.0,0.0,0.0,0.0,0.0,1.0,0.008392365998710627,0.0,0.0,0,0,22,262121
pw5,0.9,54,sample_54,flood,262144,0.7199200052455577,0.8371552200682412,0.8677731673582296,0.8086242451023715,0.014239024971487905,0.1913757548976285,10.35919189453125,9.653091430664062,0.9318382677861247,21959,3346,5197,231642
pw5,0.9,55,sample_55,flood,203209,0.018192844147968467,0.0357355568790947,0.8823529411764706,0.0182370820668693,4.001620656365828e-05,0.9817629179331308,1.6190227795028764,0.03346308480431477,0.02066869300911854,60,8,3230,199911
pw5,0.9,56,sample_56,flood,222316,0.0,0.0,0.0,0.0,0.0,1.0,0.30452149193040534,0.0,0.0,0,0,677,221639
pw5,0.9,57,sample_57,flood,184172,0.2926387399711613,0.45277730106973285,0.815306963329213,0.313415696523323,0.011282548232421752,0.686584303476677,13.712182090654387,5.271159568229698,0.3844143502019482,7915,1793,17339,157125
pw5,0.9,58,sample_58,flood,220577,0.0,0.0,0.0,0.0,0.00018588624668465078,1.0,0.005440277091446524,0.018587613395775623,3.4166666666666665,0,41,12,220524
pw5,0.9,59,sample_59,flood,241360,0.6035001156425873,0.7527284965623348,0.965823565700185,0.6166692925791712,0.0012113737940926941,0.38333070742082875,5.259363606231355,3.358054358634405,0.6384906254923586,7828,277,4866,228389
pw5,0.9,60,sample_60,flood,255044,0.526394955905382,0.6897231334116282,0.8706632131415718,0.5710485727697432,0.01804504842920112,0.4289514272302568,17.540894904408653,11.504681545145152,0.6558776851375818,25547,3795,19190,206512
pw5,0.9,61,sample_61,flood,261969,0.15527950310559005,0.26881720430107525,0.3968253968253968,0.2032520325203252,0.00029038334422270873,0.7967479674796748,0.09390424057808366,0.048097293954628216,0.5121951219512195,50,76,196,261647
pw5,0.9,62,sample_62,flood,261984,0.10420633546823611,0.18874431729111146,0.1419141914191419,0.2817033224145999,0.014008243312410764,0.7182966775854001,0.8156986686209845,1.6191828508611212,1.9850257370145064,602,3640,1535,256207
pw5,0.9,63,sample_63,flood,171596,0.8814524146789959,0.9369914517124633,0.9137882284265348,0.9614037444701412,0.14026027986763417,0.03859625552985884,60.72810555024593,63.89251497703909,1.052107823850605,100185,9452,4022,57937
pw5,0.9,64,sample_64,flood,262045,0.651310082585705,0.7888404357900494,0.7951574763168966,0.7826229742271721,0.07353783657101193,0.21737702577282786,26.726325631093896,26.305023946268772,0.9842364532019704,54811,14120,15224,177890
pw5,0.9,65,sample_65,flood,262062,0.3807799036074193,0.5515432294641535,0.5313226003668229,0.5733638282899367,0.04804743320825986,0.42663617171006335,8.675809541253596,9.362288313452542,1.0791256157635467,13036,11499,9700,227827
pw5,0.9,66,sample_66,flood,262057,0.7935065538718974,0.8848660766350054,0.8772723185035779,0.8925924473550056,0.17520242822165777,0.10740755264499431,58.38653422728643,59.406159728608664,1.0174633674496425,136572,19106,16434,89945
pw5,0.9,67,sample_67,flood,262144,0.10737678513905294,0.1939299912731504,0.27917364600781686,0.1485663348685188,0.010109117390265961,0.8514336651314812,2.5676727294921875,1.366424560546875,0.5321646114990343,1000,2582,5731,252831
pw5,0.9,68,sample_68,flood,190233,0.5541615667074663,0.7131325063988975,0.7238209432454037,0.702755141637563,0.0036822696849554506,0.2972448583624369,1.354654555203356,1.3152292189052373,0.9708963911525029,1811,691,766,186965
pw5,0.9,69,sample_69,flood,262144,0.9763882255640849,0.9880530686580183,0.9989155176317766,0.9774243201641868,0.05598851517637408,0.022575679835813236,98.13995361328125,96.02851867675781,0.9784854704044031,251460,273,5808,4603
pw5,0.9,70,sample_70,flood,239783,0.11323210412147505,0.2034294621979735,0.169921875,0.25339805825242717,0.005340247033545128,0.7466019417475728,0.42955505602982696,0.640579190351276,1.4912621359223301,261,1275,769,237478
pw5,0.9,71,sample_71,flood,259388,0.4810152917923645,0.6495750509236496,0.8207312744053958,0.5374869231663373,0.0040273541081005644,0.46251307683366266,3.3166530448594385,2.1720357148364613,0.6548878298268046,4624,1010,3979,249775
pw5,0.9,72,sample_72,flood,260855,0.11073587886050439,0.19939191839937231,0.6667759921285668,0.11722308712448827,0.004172278984197904,0.8827769128755117,6.648521209100841,1.168848594046501,0.1758058006111976,2033,1016,15310,242496
pw5,0.9,73,sample_73,flood,99126,0.03099510603588907,0.060126582278481014,0.9047619047619048,0.031096563011456628,0.00014760303218800408,0.9689034369885434,4.3147105703851665,0.1482961079837782,0.03436988543371522,133,14,4144,94835
pw5,0.9,74,sample_74,flood,218207,0.28541774779449924,0.4440855874041179,0.9401709401709402,0.29069767441860467,0.00016180107713288492,0.7093023255813954,0.8670665927307557,0.2680940574775328,0.3091966173361522,550,35,1342,216280
pw5,0.9,75,sample_75,flood,262104,0.9410362881386531,0.9696225607827818,0.9680678511731566,0.9711822721287854,0.014201698256588728,0.028817727871214567,30.715288587736165,30.814104325000763,1.0032171515166572,78186,2579,2320,179019
pw5,0.9,76,sample_76,flood,262099,0.9287056482811982,0.9630351309530633,0.9820468465098883,0.9447455416376189,0.0035288928098809,0.05525445836238109,16.965726691059483,16.321313702074406,0.9620167764859334,42010,768,2457,216864
pw5,0.9,77,sample_77,flood,262137,0.32679584120982985,0.4926090828138914,0.7879219484403931,0.35831336226439536,0.0060357197869459825,0.6416866377356046,5.889668379511477,2.678370470402881,0.45475743247619665,5532,1489,9907,245209
pw5,0.9,78,sample_78,flood,262120,0.19764216366158113,0.33005211349160396,0.6447963800904978,0.22178988326848248,0.0006019130868173367,0.7782101167315175,0.49023348084846635,0.16862505722569815,0.34396887159533074,285,157,1000,260678
pw5,0.9,79,sample_79,flood,262127,0.32933194154488515,0.49548488417746367,0.7003329633740288,0.38335358444714457,0.0010365439321869925,0.6166464155528554,0.6279398917318705,0.34372651424691086,0.5473876063183475,631,270,1015,260211
pw5,0.9,80,sample_80,flood,262027,0.6719242902208202,0.8037735849056604,0.9028366481904141,0.7243002877321475,0.001154126194791715,0.27569971226785245,1.459009949356364,1.170490064001038,0.8022495422443108,2769,298,1054,257906
pw5,0.9,81,sample_81,flood,262136,0.07647698441464298,0.1420875420875421,0.8683127572016461,0.07737440410707737,0.00012335732376286097,0.9226255958929226,1.0402996917630543,0.09269997253334147,0.0891089108910891,211,32,2516,259377
pw5,0.9,82,sample_82,flood,262127,0.3934240362811791,0.564686737184703,0.5021707670043415,0.6449814126394052,0.005292816616982402,0.3550185873605948,0.8209760917417893,1.0544507051925212,1.2843866171003717,1388,1376,764,258599
pw5,0.9,83,sample_83,flood,262070,0.6366197183098592,0.7779690189328744,0.8653477983407786,0.706618030224075,0.0016341894110722141,0.29338196977592496,1.4644942191017667,1.1958637005380242,0.8165711307972903,2712,422,1126,257810
pw5,0.9,84,sample_84,flood,262091,0.7119573859119097,0.8317466214647286,0.7436472346786248,0.9435254451585713,0.012220902612826602,0.05647455484142872,3.6212613176339516,4.594587376140348,1.2687809503740386,8955,3087,536,249513
pw5,0.9,85,sample_85,flood,262061,0.49524596940884663,0.6624274260436827,0.8013377926421404,0.5645617342130066,0.0011425757581586449,0.4354382657869934,0.8097351380022209,0.570477865840396,0.7045240339302544,1198,297,924,259642
pw5,0.9,86,sample_86,flood,262136,0.3303486904386242,0.4966347436771726,0.35696779830786607,0.8158394622765573,0.12488566047888082,0.1841605377234426,7.83219397564623,17.900250251777702,2.285470751546442,16750,30173,3781,211432
pw5,0.9,87,sample_87,flood,262132,0.07500818866688504,0.13954905545399146,0.8419117647058824,0.0760797342192691,0.00016594499888083605,0.9239202657807309,1.1482764408771153,0.10376451558756657,0.09036544850498339,229,43,2781,259079
pw5,0.9,88,sample_88,flood,262126,0.5094421532450618,0.6750071901064135,0.6356988082340195,0.7194972409564684,0.005195778478274306,0.28050275904353156,1.2444396969396396,1.408482943317336,1.13182096873084,2347,1345,915,257519
pw5,0.9,89,sample_89,flood,262133,0.2937062937062937,0.4540540540540541,0.5440414507772021,0.38961038961038963,0.0020267469176557295,0.6103896103896104,0.6168624324293394,0.4417604803668367,0.7161410018552876,630,528,987,259988
