{
"type": "FeatureCollection",
"name": "removed_graph_edges",
"crs": { "type": "name", "properties": { "name": "urn:ogc:def:crs:OGC:1.3:CRS84" } },
"features": [
{ "type": "Feature", "properties": { "edge_id": 887, "from_node": 1101, "to_node": 1101, "length_m": 214.14868890987773 }, "geometry": { "type": "LineString", "coordinates": [ [ 80.227756149011668, 13.181501659181382 ], [ 80.227720364542833, 13.18149723211029 ], [ 80.227584346442569, 13.181484891670285 ], [ 80.227476625206421, 13.181475917703688 ], [ 80.227411821003003, 13.181466775535867 ], [ 80.227364060872802, 13.181457982189354 ], [ 80.227263101574366, 13.18142815088288 ], [ 80.227225092281515, 13.18141610651506 ], [ 80.227206555647285, 13.181406207691071 ], [ 80.227195019884945, 13.181396629251815 ], [ 80.22718470965475, 13.181384369981208 ], [ 80.227178050724049, 13.181372420096549 ], [ 80.227171096651091, 13.181357486416495 ], [ 80.227165672602879, 13.181340171204274 ], [ 80.227156100608639, 13.181286457284793 ], [ 80.227127620809881, 13.181062139035221 ], [ 80.227738764552697, 13.181074147075201 ], [ 80.227756149011668, 13.181501659181382 ] ] } },
{ "type": "Feature", "properties": { "edge_id": 3628, "from_node": 4735, "to_node": 4735, "length_m": 184.98424930887407 }, "geometry": { "type": "LineString", "coordinates": [ [ 80.154173161271174, 13.115227503520133 ], [ 80.154125598544709, 13.115225841893961 ], [ 80.154013035062846, 13.115216079683268 ], [ 80.153941401429449, 13.115205594698336 ], [ 80.15393959750466, 13.11520518641588 ], [ 80.153937880298216, 13.115204507165833 ], [ 80.153936292188703, 13.115203573362537 ], [ 80.153934871840079, 13.115202408641526 ], [ 80.153933655139539, 13.115201039341747 ], [ 80.153932671482934, 13.115199501726707 ], [ 80.153931945653639, 13.115197832044807 ], [ 80.153931494114175, 13.115196071942135 ], [ 80.15393132871155, 13.115194263953844 ], [ 80.153928909828366, 13.114978432240024 ], [ 80.153914184431059, 13.114798622205265 ], [ 80.153909058014392, 13.114748741041049 ], [ 80.153904265611686, 13.114707743585384 ], [ 80.153904223245164, 13.114706374525831 ], [ 80.15390441699067, 13.114705018900205 ], [ 80.153904839341635, 13.114703713755011 ], [ 80.153905479101496, 13.114702496124645 ], [ 80.153906318622589, 13.114701401213942 ], [ 80.153907332889702, 13.114700460586862 ], [ 80.153908494141803, 13.114699699469114 ], [ 80.153909770014778, 13.114699140358757 ], [ 80.153911122634355, 13.114698798502372 ], [ 80.153958178941551, 13.114690976419565 ], [ 80.154032911781272, 13.114684254275151 ], [ 80.154091889483084, 13.114679120547617 ], [ 80.154198879613546, 13.114670087415613 ], [ 80.154256938600611, 13.114669515811665 ], [ 80.154257968777799, 13.114669587911031 ], [ 80.154258973494876, 13.114669821774081 ], [ 80.154259926944007, 13.114670210986864 ], [ 80.154260804249105, 13.114670746425976 ], [ 80.154261581475055, 13.114671413546031 ], [ 80.154262238385968, 13.114672195101287 ], [ 80.154262758451367, 13.114673069337263 ], [ 80.154263126982585, 13.114674015409722 ], [ 80.154263335769954, 13.114675006166495 ], [ 80.154263378436497, 13.114676018078075 ], [ 80.154258314007336, 13.114801254966158 ], [ 80.154256039868216, 13.114840183071264 ], [ 80.154255741117936, 13.114842302380138 ], [ 80.154255099454531, 13.11484434732504 ], [ 80.154254131661858, 13.11484626551896 ], [ 80.154252863742485, 13.11484800641346 ], [ 80.154251327209124, 13.114849526711632 ], [ 80.15424956279, 13.114850785859295 ], [ 80.154247614872475, 13.114851752356088 ], [ 80.154245535205149, 13.114852400150811 ], [ 80.154243375499547, 13.114852714042273 ], [ 80.15423945679629, 13.114852970620747 ], [ 80.154235453062554, 13.114853544285321 ], [ 80.154231589311479, 13.114854726918992 ], [ 80.154227963434352, 13.11485648719704 ], [ 80.154224663209092, 13.114858783815615 ], [ 80.154221770937482, 13.114861558273621 ], [ 80.15421935696304, 13.114864742084729 ], [ 80.154217483357769, 13.114868257693715 ], [ 80.154216193775085, 13.114872018443165 ], [ 80.154215521748796, 13.114875929504834 ], [ 80.15420609273923, 13.114980450074691 ], [ 80.154188286657188, 13.115112471640044 ], [ 80.154173270059118, 13.115224823903644 ], [ 80.154173161271174, 13.115227503520133 ] ] } },
{ "type": "Feature", "properties": { "edge_id": 4124, "from_node": 5359, "to_node": 5359, "length_m": 157.6181021784754 }, "geometry": { "type": "LineString", "coordinates": [ [ 80.19041348759005, 13.121003019809793 ], [ 80.190056741142527, 13.121010993095133 ], [ 80.190005715132799, 13.121011939308994 ], [ 80.190005621258734, 13.12104060699685 ], [ 80.190005353479847, 13.121122382150299 ], [ 80.190013003539008, 13.121291546951658 ], [ 80.190013921835899, 13.121320446580883 ], [ 80.190014111026798, 13.121322114486929 ], [ 80.190014566067788, 13.121323732595082 ], [ 80.190015276024852, 13.121325259278601 ], [ 80.190016223491654, 13.121326657411258 ], [ 80.190017383678708, 13.121327890747827 ], [ 80.190018729008273, 13.121328929363571 ], [ 80.190020224510633, 13.121329746927195 ], [ 80.190021832430801, 13.121330322523749 ], [ 80.190023514070504, 13.121330641564622 ], [ 80.190025225172704, 13.12133069667712 ], [ 80.19040365785159, 13.121313425228859 ], [ 80.190422891668547, 13.121312547161788 ], [ 80.190421026123644, 13.121222975768722 ], [ 80.190415931065388, 13.121026784867052 ], [ 80.19041348759005, 13.121003019809793 ] ] } },
{ "type": "Feature", "properties": { "edge_id": 8395, "from_node": 10698, "to_node": 10698, "length_m": 82.860955566594725 }, "geometry": { "type": "LineString", "coordinates": [ [ 80.163418951286062, 13.019503868700509 ], [ 80.163440333361422, 13.019715394457364 ], [ 80.163441970092208, 13.019722286899553 ], [ 80.163444747799943, 13.019728818636155 ], [ 80.163448590551397, 13.01973480948978 ], [ 80.163453392856638, 13.019740093654606 ], [ 80.163459020575914, 13.019744524220275 ], [ 80.163465319197599, 13.019747979527825 ], [ 80.163472113832157, 13.019750364978046 ], [ 80.163479218430368, 13.019751613965481 ], [ 80.163486435771304, 13.019751691494998 ], [ 80.163558709561073, 13.019737387136416 ], [ 80.163575456179117, 13.019733930201644 ], [ 80.163576568945459, 13.019732632670742 ], [ 80.16357746920292, 13.019731184360115 ], [ 80.163578133782934, 13.019729619553972 ], [ 80.1635785487383, 13.019727972566312 ], [ 80.163578703789099, 13.019726284052203 ], [ 80.163578595122445, 13.019724591070899 ], [ 80.163578225368269, 13.019722934319089 ], [ 80.163567542979848, 13.019619935107116 ], [ 80.163560562876953, 13.019547759684071 ], [ 80.163554127563657, 13.019487739143573 ], [ 80.163553783444883, 13.019486962244612 ], [ 80.163553314617076, 13.019486250948852 ], [ 80.16355273392638, 13.01948562428554 ], [ 80.163552055147136, 13.01948509947858 ], [ 80.16355129944283, 13.019484690158984 ], [ 80.163550484297573, 13.019484407233332 ], [ 80.163549633659443, 13.019484258916496 ], [ 80.163548769644393, 13.019484249800719 ], [ 80.163547916233924, 13.019484378154999 ], [ 80.163547095562151, 13.019484643146507 ], [ 80.163546329793604, 13.019485034900711 ], [ 80.163418951286062, 13.019503868700509 ] ] } },
{ "type": "Feature", "properties": { "edge_id": 9389, "from_node": 11977, "to_node": 11977, "length_m": 249.88412188363503 }, "geometry": { "type": "LineString", "coordinates": [ [ 80.263859841350666, 12.969378001588984 ], [ 80.263857001070136, 12.969378204236481 ], [ 80.263093397625497, 12.969442521712788 ], [ 80.263086383369995, 12.96944310224792 ], [ 80.263079368790727, 12.969442539865435 ], [ 80.263072543767919, 12.969440850474431 ], [ 80.263066097174629, 12.969438078915736 ], [ 80.263060205805246, 12.96943430164324 ], [ 80.263058240771116, 12.969432525644367 ], [ 80.263050712539027, 12.969424171167235 ], [ 80.263020686262337, 12.969288341311945 ], [ 80.262997901832435, 12.969146033428512 ], [ 80.2629978032775, 12.969140989487862 ], [ 80.262998498408209, 12.969135991196275 ], [ 80.262999970277804, 12.969131157860998 ], [ 80.263002183516093, 12.969126603311837 ], [ 80.263005085243591, 12.969122438616399 ], [ 80.263008606947267, 12.969118761234931 ], [ 80.26301266446464, 12.969115660445546 ], [ 80.263017159851643, 12.969113209211576 ], [ 80.263425325903, 12.969046572563284 ], [ 80.26342535449993, 12.969046567218978 ], [ 80.263756809526683, 12.969009658463801 ], [ 80.26376557461235, 12.969010640809241 ], [ 80.263774063681822, 12.96901299495882 ], [ 80.263782054719414, 12.969016659702826 ], [ 80.2637893405646, 12.969021538609521 ], [ 80.263795728898643, 12.969027504546149 ], [ 80.263801055146871, 12.969034401523896 ], [ 80.263858422784622, 12.969363770796164 ], [ 80.263859841350666, 12.969378001588984 ] ] } },
{ "type": "Feature", "properties": { "edge_id": 13248, "from_node": 16602, "to_node": 16602, "length_m": 117.89923287985812 }, "geometry": { "type": "LineString", "coordinates": [ [ 80.278249533939203, 13.194231125706864 ], [ 80.278393131991052, 13.19423369578535 ], [ 80.278397533081048, 13.193982328847577 ], [ 80.278103554861573, 13.193980872189778 ], [ 80.278106236202433, 13.194226220862809 ], [ 80.278249533939203, 13.194231125706864 ] ] } },
{ "type": "Feature", "properties": { "edge_id": 16580, "from_node": 19714, "to_node": 19714, "length_m": 312.30300812012138 }, "geometry": { "type": "LineString", "coordinates": [ [ 80.209986396144743, 13.152151951190318 ], [ 80.209998693931226, 13.15218714998605 ], [ 80.210002296139962, 13.152197459711729 ], [ 80.210014818829052, 13.15223330568953 ], [ 80.210138827929484, 13.152496676856579 ], [ 80.210207399470733, 13.152593926435999 ], [ 80.210286094170513, 13.152667299599592 ], [ 80.210373466475502, 13.152719603001513 ], [ 80.21047669713235, 13.152749454501851 ], [ 80.210535516607294, 13.152755260174064 ], [ 80.210610157470839, 13.152749864592829 ], [ 80.210697768314148, 13.152727631345192 ], [ 80.210781128097508, 13.152688509325724 ], [ 80.210854514153624, 13.152626855129958 ], [ 80.210920810283994, 13.152538457797277 ], [ 80.210954068512052, 13.152459803735558 ], [ 80.210968585580915, 13.152407813453609 ], [ 80.210971671759779, 13.152340317483901 ], [ 80.210966218937102, 13.152250292871763 ], [ 80.210954913975385, 13.152195410373077 ], [ 80.210910724115621, 13.15210245478319 ], [ 80.210849259349246, 13.152026322717095 ], [ 80.210790579474619, 13.151976919627144 ], [ 80.21072468381459, 13.151940152025714 ], [ 80.210634369400978, 13.151910341225769 ], [ 80.210581303326407, 13.151900333438521 ], [ 80.210512430343485, 13.15189730890714 ], [ 80.210421998975363, 13.151904062859238 ], [ 80.2103738532264, 13.151922354820382 ], [ 80.210355905377824, 13.151929174169414 ], [ 80.210268258791373, 13.151962657961317 ], [ 80.210117284392041, 13.152053606826625 ], [ 80.210031219884456, 13.152118272547803 ], [ 80.209986396144743, 13.152151951190318 ] ] } },
{ "type": "Feature", "properties": { "edge_id": 16849, "from_node": 20035, "to_node": 20035, "length_m": 418.32157644078603 }, "geometry": { "type": "LineString", "coordinates": [ [ 80.253404273505453, 13.110590502479745 ], [ 80.253356653911155, 13.110506183084752 ], [ 80.253348808892511, 13.110479302156929 ], [ 80.253331472671988, 13.110400303979592 ], [ 80.253300576015775, 13.110204998832833 ], [ 80.253276947061309, 13.110027656675639 ], [ 80.253270660793618, 13.109927159829567 ], [ 80.253273673764156, 13.10990020999639 ], [ 80.253279883419538, 13.109873791146125 ], [ 80.253292462725611, 13.109855686738069 ], [ 80.25331299383663, 13.10984617713493 ], [ 80.253399087523519, 13.109832077004352 ], [ 80.25370596330994, 13.109808563472333 ], [ 80.253929326225133, 13.109797726945599 ], [ 80.254378947261714, 13.109787544959822 ], [ 80.254429466572745, 13.109789126984678 ], [ 80.254438322713753, 13.109791818172921 ], [ 80.2544466435277, 13.109795827936662 ], [ 80.254454225433918, 13.109801059842336 ], [ 80.254460883399361, 13.109807384959041 ], [ 80.254466454606899, 13.109814649102692 ], [ 80.254470803981917, 13.109822675564601 ], [ 80.254473825106828, 13.109831267826632 ], [ 80.254475442966523, 13.109840216802839 ], [ 80.254481629653398, 13.10994024769648 ], [ 80.254494305088073, 13.110174795443662 ], [ 80.254495135411659, 13.110327025379789 ], [ 80.254504205458048, 13.110422278708404 ], [ 80.254503949824638, 13.110507171014641 ], [ 80.254499469927708, 13.110593337768782 ], [ 80.254149807658948, 13.110617502353115 ], [ 80.253816248696921, 13.110628120330759 ], [ 80.253752888063616, 13.110633578122048 ], [ 80.253675275491261, 13.110632396712655 ], [ 80.25359302627713, 13.110619034102095 ], [ 80.253525062818809, 13.110607826856175 ], [ 80.253463868512242, 13.110598806557732 ], [ 80.253404273505453, 13.110590502479745 ] ] } },
{ "type": "Feature", "properties": { "edge_id": 17309, "from_node": 20585, "to_node": 20585, "length_m": 542.0726406885866 }, "geometry": { "type": "LineString", "coordinates": [ [ 80.268986605514655, 13.104158775437334 ], [ 80.26898056047763, 13.104033454545453 ], [ 80.268935785492403, 13.103184505408935 ], [ 80.268908851405172, 13.103035641446862 ], [ 80.26887421520685, 13.102967247347756 ], [ 80.268837019152059, 13.102923236726376 ], [ 80.268782388912285, 13.102884055709197 ], [ 80.268712821425581, 13.102847270937177 ], [ 80.268653142523888, 13.102832467219224 ], [ 80.268538739826795, 13.102810190570194 ], [ 80.26833221570827, 13.102804726438777 ], [ 80.267906675814402, 13.102810835275843 ], [ 80.26777473899422, 13.102827534586231 ], [ 80.267732370876814, 13.102849367278804 ], [ 80.267709859956227, 13.102888329425774 ], [ 80.267692364818799, 13.102941850742148 ], [ 80.267691428623095, 13.102957102803977 ], [ 80.267710563856355, 13.103218145704824 ], [ 80.267732561653105, 13.103773722872706 ], [ 80.267751373387441, 13.104144526306291 ], [ 80.267756328468266, 13.10415185805221 ], [ 80.267769989887285, 13.104160433384589 ], [ 80.267794845536145, 13.104170261176433 ], [ 80.267833390529091, 13.104178907176751 ], [ 80.267869469255757, 13.104180229399574 ], [ 80.268836303238814, 13.104156142969227 ], [ 80.268957556410115, 13.104158266285676 ], [ 80.268986605514655, 13.104158775437334 ] ] } },
{ "type": "Feature", "properties": { "edge_id": 29211, "from_node": 33200, "to_node": 33200, "length_m": 88.547484698281195 }, "geometry": { "type": "LineString", "coordinates": [ [ 80.203882702303744, 13.031105237378677 ], [ 80.203874325861378, 13.031056521887312 ], [ 80.203853321841663, 13.030918352195737 ], [ 80.203661355795717, 13.030918344678353 ], [ 80.203678189564371, 13.031137871479867 ], [ 80.203874140472564, 13.031107032115884 ], [ 80.203882702303744, 13.031105237378677 ] ] } },
{ "type": "Feature", "properties": { "edge_id": 31396, "from_node": 35070, "to_node": 35070, "length_m": 90.439806853202541 }, "geometry": { "type": "LineString", "coordinates": [ [ 80.263819503174147, 13.017336197637011 ], [ 80.263821824058866, 13.017280022476882 ], [ 80.263824232325135, 13.017221735346277 ], [ 80.263829446766664, 13.017184981634861 ], [ 80.263838241812081, 13.017148890014761 ], [ 80.263850535323812, 13.017113794807504 ], [ 80.26385530504696, 13.017105864015582 ], [ 80.263861370495718, 13.01709883567824 ], [ 80.263868558631373, 13.017092911845864 ], [ 80.263876663314136, 13.017088261923517 ], [ 80.263885450846701, 13.017085019070052 ], [ 80.263894671050664, 13.01708327661259 ], [ 80.263904059121444, 13.017083084435036 ], [ 80.263919952798403, 13.017084825818975 ], [ 80.263935443589418, 13.017088722582894 ], [ 80.263950229258455, 13.01709469701211 ], [ 80.263964022435758, 13.017102633457576 ], [ 80.264020650703131, 13.017135808386085 ], [ 80.264046214647166, 13.017154541855128 ], [ 80.264053390599074, 13.017161496546457 ], [ 80.264067381128555, 13.017175056785172 ], [ 80.264072354577408, 13.017180273678795 ], [ 80.264076430548613, 13.017186191496195 ], [ 80.264079508038506, 13.017192663469979 ], [ 80.264081510056428, 13.017199530242022 ], [ 80.264082386393966, 13.017206618967137 ], [ 80.264082116356605, 13.01721375507546 ], [ 80.264080706000044, 13.017220761360345 ], [ 80.264078189958482, 13.017227463408865 ], [ 80.264074632353356, 13.017233694125308 ], [ 80.264070119400287, 13.017239299135543 ], [ 80.264032294412416, 13.017268099194325 ], [ 80.263990547994482, 13.017291107551141 ], [ 80.263943650090482, 13.017308917487959 ], [ 80.263877355786349, 13.01732667237485 ], [ 80.263819503174147, 13.017336197637011 ] ] } },
{ "type": "Feature", "properties": { "edge_id": 31407, "from_node": 35082, "to_node": 35082, "length_m": 102.07253809747323 }, "geometry": { "type": "LineString", "coordinates": [ [ 80.266958280761088, 13.016786241554895 ], [ 80.266926748868741, 13.016785565623753 ], [ 80.266897142993983, 13.016785952145632 ], [ 80.266827969708828, 13.016798174985485 ], [ 80.266776398631464, 13.016805313491233 ], [ 80.266758372462476, 13.016807808777672 ], [ 80.266683302422109, 13.016823027717004 ], [ 80.266654373954168, 13.016824481277558 ], [ 80.26662547862405, 13.016822505284663 ], [ 80.266619786151864, 13.016820948429009 ], [ 80.266614375357136, 13.016818621083965 ], [ 80.266609352153452, 13.016815568759144 ], [ 80.266604816873681, 13.016811853224088 ], [ 80.266600861514164, 13.016807548883582 ], [ 80.266597423829111, 13.016802499134464 ], [ 80.266594783262079, 13.016797006770739 ], [ 80.266592998473925, 13.01679119312157 ], [ 80.266592188041258, 13.016786755712172 ], [ 80.266592136745288, 13.016782248112682 ], [ 80.26659284606869, 13.016777793298992 ], [ 80.266594295359994, 13.016773515088559 ], [ 80.26659644646567, 13.016769530919987 ], [ 80.266599239124659, 13.016765950031488 ], [ 80.266602597431401, 13.016762870766643 ], [ 80.266644425452114, 13.01672674401788 ], [ 80.266707512052264, 13.016679553842197 ], [ 80.266806499133693, 13.016620980828481 ], [ 80.266827684744911, 13.016616545908569 ], [ 80.266849318853076, 13.016615448765545 ], [ 80.266870858229225, 13.016617717702871 ], [ 80.26689176081635, 13.016623296032352 ], [ 80.266911502325215, 13.016632043025227 ], [ 80.266919523332589, 13.016642975811946 ], [ 80.266925875971353, 13.016654917496085 ], [ 80.26693042909244, 13.016667623572225 ], [ 80.266944938384455, 13.016711804174264 ], [ 80.266958280761088, 13.016786241554895 ] ] } },
{ "type": "Feature", "properties": { "edge_id": 32523, "from_node": 36030, "to_node": 36030, "length_m": 301.95012191961342 }, "geometry": { "type": "LineString", "coordinates": [ [ 80.252848299432856, 13.070506294202936 ], [ 80.252731935246175, 13.070333983041927 ], [ 80.252607414166633, 13.070151804248871 ], [ 80.252598331122726, 13.070129050077666 ], [ 80.252595932011033, 13.070115287586221 ], [ 80.252600263631493, 13.070094964717038 ], [ 80.252618649744122, 13.070070728438827 ], [ 80.252618785869259, 13.070070548897242 ], [ 80.25263150288653, 13.070053786593171 ], [ 80.252799847447477, 13.069864679478162 ], [ 80.253093587923672, 13.069567081059169 ], [ 80.253178444568135, 13.069474116189989 ], [ 80.253187435740458, 13.069466085772572 ], [ 80.253197605802143, 13.069459544357747 ], [ 80.253208699696529, 13.069454654868053 ], [ 80.253220441275715, 13.069451539476351 ], [ 80.253232536075615, 13.069450276901049 ], [ 80.253244683319906, 13.069450897919957 ], [ 80.253256578681587, 13.069453387186604 ], [ 80.253267926275967, 13.069457682360708 ], [ 80.253278441419567, 13.069463676828713 ], [ 80.253287861698084, 13.069471219735759 ], [ 80.25333203636221, 13.06960133026811 ], [ 80.253357368490271, 13.069717019564468 ], [ 80.253390454361494, 13.069897286434431 ], [ 80.253402954219766, 13.069956733742085 ], [ 80.253404714020235, 13.06998006440703 ], [ 80.253402223173524, 13.069996803851673 ], [ 80.253376509810522, 13.070026634087283 ], [ 80.253141579534955, 13.070244257435053 ], [ 80.253009432511476, 13.070365886075951 ], [ 80.252963902570215, 13.070409776216593 ], [ 80.252871294312541, 13.070487647417261 ], [ 80.252864078982995, 13.070493714517319 ], [ 80.252848299432856, 13.070506294202936 ] ] } },
{ "type": "Feature", "properties": { "edge_id": 33308, "from_node": 36754, "to_node": 36754, "length_m": 277.55314771268121 }, "geometry": { "type": "LineString", "coordinates": [ [ 80.261950241199656, 13.03182161741303 ], [ 80.261878555763914, 13.031825532777827 ], [ 80.261807246829335, 13.031833723356121 ], [ 80.261737420155754, 13.031843997801067 ], [ 80.261551204197715, 13.031869977502442 ], [ 80.261362447880956, 13.031901126380587 ], [ 80.261052335121434, 13.031953909320706 ], [ 80.261067418767652, 13.032076700391794 ], [ 80.261081553288861, 13.032174370943432 ], [ 80.261091034191821, 13.032231680947866 ], [ 80.261099676842917, 13.032283073275892 ], [ 80.261100302890469, 13.032291201119355 ], [ 80.261102307358641, 13.032299112268182 ], [ 80.261105631889293, 13.032306583218231 ], [ 80.261110183040387, 13.032313403928248 ], [ 80.261115834116978, 13.032319382346202 ], [ 80.261122425155179, 13.03232434983445 ], [ 80.261129770280988, 13.032328167520109 ], [ 80.261137663243403, 13.032330726310837 ], [ 80.261145881998715, 13.032331955949939 ], [ 80.261210509566467, 13.032317589805722 ], [ 80.261275876858178, 13.032306914895758 ], [ 80.261357797536562, 13.032291342076922 ], [ 80.261567805469369, 13.032260825234497 ], [ 80.261722172659745, 13.032241282230201 ], [ 80.261970635943143, 13.032202881473578 ], [ 80.261988318447152, 13.032192263159903 ], [ 80.261992629926297, 13.032149562763619 ], [ 80.261959537110428, 13.031919955922453 ], [ 80.261953565863621, 13.03187169523839 ], [ 80.261951937952929, 13.031847177696008 ], [ 80.261950241199656, 13.03182161741303 ] ] } },
{ "type": "Feature", "properties": { "edge_id": 35010, "from_node": 38282, "to_node": 38282, "length_m": 470.83832273332609 }, "geometry": { "type": "LineString", "coordinates": [ [ 80.240996660641457, 12.886042923788017 ], [ 80.240999495859242, 12.886122132456912 ], [ 80.241001892580641, 12.886216877758297 ], [ 80.241005040548927, 12.886305166481543 ], [ 80.241007722575631, 12.886386276253701 ], [ 80.241011343175799, 12.886479828834201 ], [ 80.241014530773739, 12.886554958737518 ], [ 80.241017610300034, 12.886665974518513 ], [ 80.241021608946639, 12.886795892709893 ], [ 80.241026881505817, 12.886907393171564 ], [ 80.241029345231993, 12.88697988973056 ], [ 80.241035097198477, 12.8870931810073 ], [ 80.24103762626163, 12.887153470048405 ], [ 80.241044648542442, 12.887250764148922 ], [ 80.241049719576665, 12.887348388958227 ], [ 80.241055221256772, 12.887464913857261 ], [ 80.241061675923447, 12.887589097443017 ], [ 80.241065965449934, 12.887703227197836 ], [ 80.241063386525568, 12.887710907295117 ], [ 80.241059642202117, 12.887718110209605 ], [ 80.241054820546736, 12.887724667109669 ], [ 80.241049034462534, 12.887730425511492 ], [ 80.241042418926341, 12.887735248366683 ], [ 80.241035130961308, 12.887739023104418 ], [ 80.241021865333735, 12.887741780460747 ], [ 80.240920740845283, 12.887745629481547 ], [ 80.24080415624546, 12.887752229445299 ], [ 80.240687413129137, 12.88775637759065 ], [ 80.240658762030961, 12.887756995260903 ], [ 80.240651669787866, 12.887757294781766 ], [ 80.240644582287359, 12.887757855632159 ], [ 80.240637489666071, 12.887757363065807 ], [ 80.240630554101443, 12.887755829307782 ], [ 80.240623932175524, 12.887753288267918 ], [ 80.240617775785751, 12.887749799160257 ], [ 80.240612224790652, 12.887745440152312 ], [ 80.240607406080116, 12.887740311074957 ], [ 80.240604423744784, 12.887734741549371 ], [ 80.240602405771199, 12.887728768831595 ], [ 80.240601406052434, 12.887722554026892 ], [ 80.240592893830382, 12.887616925141629 ], [ 80.240587134626949, 12.887505184564311 ], [ 80.240582122889506, 12.887387942243235 ], [ 80.240578287972966, 12.887284819821582 ], [ 80.240573183958745, 12.887198200025985 ], [ 80.240570564015044, 12.887128957260348 ], [ 80.240567304647783, 12.887066372128004 ], [ 80.240565341691834, 12.887028686300292 ], [ 80.240562621889879, 12.886960161185028 ], [ 80.240559892978339, 12.886910869440721 ], [ 80.240559211069325, 12.886866479012662 ], [ 80.240556779829618, 12.886799151000142 ], [ 80.240553861632378, 12.886731928271463 ], [ 80.240551128185658, 12.886627252898947 ], [ 80.24055148966805, 12.886523198650398 ], [ 80.240547718198187, 12.886399022838901 ], [ 80.240543899177567, 12.886274416485684 ], [ 80.240532856303744, 12.886102348123092 ], [ 80.240532748819234, 12.886096726353038 ], [ 80.240532735683814, 12.886091909601337 ], [ 80.240533526050996, 12.88608715576191 ], [ 80.2405350992574, 12.886082593172308 ], [ 80.24053741253347, 12.886078345584878 ], [ 80.240540403787563, 12.88607452584546 ], [ 80.240543991597789, 12.886071238606009 ], [ 80.240548080766402, 12.886068572202708 ], [ 80.240552558633311, 12.886066598645399 ], [ 80.240557306143984, 12.886065370937066 ], [ 80.240562194165634, 12.886064922158839 ], [ 80.240663354794748, 12.88605986532421 ], [ 80.240842618827827, 12.886050336627022 ], [ 80.240973607372581, 12.886044033341523 ], [ 80.240996660641457, 12.886042923788017 ] ] } },
{ "type": "Feature", "properties": { "edge_id": 52598, "from_node": 52098, "to_node": 52098, "length_m": 173.01275443544469 }, "geometry": { "type": "LineString", "coordinates": [ [ 80.159664213332164, 13.039977607831336 ], [ 80.159681679584196, 13.040055624795286 ], [ 80.159694606607559, 13.040106346986308 ], [ 80.159733132998113, 13.040262390761979 ], [ 80.159749419712057, 13.040321845580936 ], [ 80.159749627466468, 13.040326961206652 ], [ 80.159749161136602, 13.04033206017837 ], [ 80.159744523822269, 13.040340651126758 ], [ 80.159738449075505, 13.040348332326069 ], [ 80.159731118423906, 13.040354874703219 ], [ 80.159722749242306, 13.040360084564506 ], [ 80.159713591973741, 13.040363807203327 ], [ 80.159700979982702, 13.040367012290908 ], [ 80.159387852277362, 13.040447037823245 ], [ 80.159378660697513, 13.040447263870922 ], [ 80.159369559050447, 13.040445982940708 ], [ 80.159360803596883, 13.040443229319132 ], [ 80.159352639381467, 13.040439081561239 ], [ 80.15934529656829, 13.040433655245165 ], [ 80.159338980293512, 13.040427103843463 ], [ 80.159333868851618, 13.040419609675332 ], [ 80.1593301053923, 13.040411384783834 ], [ 80.159320117251298, 13.040368120761229 ], [ 80.159263765043931, 13.040118028566091 ], [ 80.159262058470134, 13.040109430595198 ], [ 80.159261715453994, 13.040100677915051 ], [ 80.159262744521214, 13.040091976706572 ], [ 80.159265121920285, 13.040083533045856 ], [ 80.159268791643967, 13.040075546575 ], [ 80.159273665447486, 13.040068205077128 ], [ 80.159279629307122, 13.04006168359308 ], [ 80.159286542528505, 13.040056135376814 ], [ 80.159316043260759, 13.040050135154187 ], [ 80.159467558374644, 13.04001909092533 ], [ 80.159664213332164, 13.039977607831336 ] ] } },
{ "type": "Feature", "properties": { "edge_id": 55746, "from_node": 54112, "to_node": 54112, "length_m": 233.26724692846088 }, "geometry": { "type": "LineString", "coordinates": [ [ 80.150899042277359, 13.055474256785086 ], [ 80.150922573752439, 13.05548486950263 ], [ 80.150943880557165, 13.055499308631651 ], [ 80.150962323199565, 13.055517138972579 ], [ 80.150977345533363, 13.055537825235731 ], [ 80.150988496848939, 13.055560744772146 ], [ 80.150995441025046, 13.055585208399638 ], [ 80.150997970291854, 13.055610481244013 ], [ 80.150993077080642, 13.055703289009276 ], [ 80.150993373512492, 13.055708038725323 ], [ 80.150994478253097, 13.055712671742668 ], [ 80.150996359464855, 13.055717058659361 ], [ 80.150998964082618, 13.055721074524653 ], [ 80.151002217792282, 13.055724605168198 ], [ 80.15100602962643, 13.055727551736025 ], [ 80.15101029104531, 13.055729829783328 ], [ 80.151014881448717, 13.055731375621846 ], [ 80.151019671868184, 13.055732145427735 ], [ 80.151024107426238, 13.055732042441294 ], [ 80.15116709710378, 13.055722677826129 ], [ 80.151224434691912, 13.055720806241432 ], [ 80.151232011483799, 13.055718819304744 ], [ 80.151239130441667, 13.055715594854217 ], [ 80.151245584654703, 13.0557112271497 ], [ 80.151251184620932, 13.055705843962793 ], [ 80.151255764715373, 13.055699602981326 ], [ 80.1512591924281, 13.055692687318764 ], [ 80.151261366538208, 13.055685300083125 ], [ 80.151262222672102, 13.055677657161823 ], [ 80.15126596792588, 13.055614190720226 ], [ 80.151266799926759, 13.055609294612815 ], [ 80.151268445605353, 13.05560460009413 ], [ 80.1512708584103, 13.05560023540472 ], [ 80.151273972447441, 13.055596321488242 ], [ 80.151277702504558, 13.05559296475813 ], [ 80.151281946815018, 13.055590258010843 ], [ 80.151286588920854, 13.055588275006869 ], [ 80.151291500442611, 13.055587069575711 ], [ 80.15129654753207, 13.05558667654117 ], [ 80.15130159274149, 13.055587104494128 ], [ 80.151393349643968, 13.055586264432446 ], [ 80.151613997935684, 13.055579949114909 ], [ 80.151621023569504, 13.055577854569998 ], [ 80.151627595571654, 13.055574641877158 ], [ 80.151633529181197, 13.055570400848314 ], [ 80.151638659828478, 13.055565250295356 ], [ 80.151642844072413, 13.05555933351226 ], [ 80.151645965140503, 13.055552816484923 ], [ 80.151647934794823, 13.055545881567998 ], [ 80.1516486988872, 13.055538721173953 ], [ 80.151643407820785, 13.055363829426431 ], [ 80.151643803841637, 13.055355342299965 ], [ 80.151642816295933, 13.055346902174485 ], [ 80.151640470275964, 13.055338723422501 ], [ 80.151636825938411, 13.055331015106436 ], [ 80.151631975759159, 13.055323974640347 ], [ 80.151626043632618, 13.055317781457752 ], [ 80.151619181195002, 13.05531259338289 ], [ 80.151611564150642, 13.055308542097734 ], [ 80.151603385816315, 13.055305733120861 ], [ 80.15159529128357, 13.055304312332114 ], [ 80.151552289000321, 13.055304727371956 ], [ 80.151055732258229, 13.055303594746537 ], [ 80.15104702954514, 13.05530283380339 ], [ 80.151038321001337, 13.055303510483995 ], [ 80.151029849255224, 13.055305603884298 ], [ 80.151021853375809, 13.055309055113126 ], [ 80.151014558721641, 13.055313769067196 ], [ 80.151008169575292, 13.055319610790264 ], [ 80.151002866336242, 13.055326417218211 ], [ 80.150998797223735, 13.055333996247553 ], [ 80.150996078245882, 13.055342135777265 ], [ 80.150994783964677, 13.055350607295034 ], [ 80.150993562528015, 13.055397437902858 ], [ 80.15099297557974, 13.055407003989037 ], [ 80.150989130066151, 13.055420404850405 ], [ 80.150983072942807, 13.055432996447443 ], [ 80.150974971408104, 13.055444430315987 ], [ 80.150965049732662, 13.055454389825384 ], [ 80.150953582769532, 13.055462600103176 ], [ 80.150940885787847, 13.05546883433105 ], [ 80.150927310761972, 13.055472920061865 ], [ 80.150913233441401, 13.055474744602334 ], [ 80.150899042277359, 13.055474256785086 ] ] } },
{ "type": "Feature", "properties": { "edge_id": 64254, "from_node": 58897, "to_node": 58897, "length_m": 110.75034906125163 }, "geometry": { "type": "LineString", "coordinates": [ [ 80.280810285305066, 13.196872174400257 ], [ 80.280810458351809, 13.196863807477982 ], [ 80.280813517912947, 13.196777536100758 ], [ 80.281062563085911, 13.196778235275916 ], [ 80.281059690161527, 13.197033315627825 ], [ 80.280806982564357, 13.197032120601333 ], [ 80.280810285305066, 13.196872174400257 ] ] } },
{ "type": "Feature", "properties": { "edge_id": 71232, "from_node": 62569, "to_node": 62569, "length_m": 135.13871554230315 }, "geometry": { "type": "LineString", "coordinates": [ [ 80.266008354336989, 13.042116138482173 ], [ 80.266172489662281, 13.042110907205171 ], [ 80.266194544690165, 13.042116379544506 ], [ 80.266210764758199, 13.042135902013078 ], [ 80.266217597458891, 13.042157559825959 ], [ 80.266222419873188, 13.042393444448184 ], [ 80.266215078054231, 13.042419661767481 ], [ 80.266196383671627, 13.042428263809322 ], [ 80.265920035647881, 13.042442898975835 ], [ 80.265903784669774, 13.042433858811396 ], [ 80.265896146281619, 13.042396140086767 ], [ 80.265888033124241, 13.042146347661477 ], [ 80.265907045400752, 13.042123139164882 ], [ 80.265985417801147, 13.042116869164428 ], [ 80.266008354336989, 13.042116138482173 ] ] } },
{ "type": "Feature", "properties": { "edge_id": 80287, "from_node": 70828, "to_node": 70828, "length_m": 79.443630235704106 }, "geometry": { "type": "LineString", "coordinates": [ [ 80.252782193065357, 13.012407603868324 ], [ 80.252773567985145, 13.012416043260213 ], [ 80.252650258821433, 13.012543424665209 ], [ 80.252649297655395, 13.012545373163253 ], [ 80.252648374171883, 13.012547363363073 ], [ 80.252647491137253, 13.012549395272636 ], [ 80.252646649479033, 13.012551467086231 ], [ 80.252645851041521, 13.012553578809133 ], [ 80.252645099518588, 13.012555728643612 ], [ 80.252644396757219, 13.01255791569077 ], [ 80.252643743682242, 13.012560139049066 ], [ 80.252643143065441, 13.012562396918101 ], [ 80.252642596756473, 13.012564687494779 ], [ 80.252642105680223, 13.012567009877582 ], [ 80.252641673533276, 13.012569361364534 ], [ 80.252641301243159, 13.012571740149911 ], [ 80.252640990656872, 13.012574145334842 ], [ 80.252640742707356, 13.012576573305198 ], [ 80.252640559246998, 13.012579021353714 ], [ 80.252640442120025, 13.012581489485701 ], [ 80.252640392262137, 13.012583973182837 ], [ 80.252640411522989, 13.012586470642077 ], [ 80.252640499910726, 13.012588979150808 ], [ 80.25264065927766, 13.012591496001784 ], [ 80.252640889634705, 13.012594017578218 ], [ 80.252641191906662, 13.012596542978583 ], [ 80.252641566109816, 13.012599066777703 ], [ 80.252642013168938, 13.012601588074055 ], [ 80.2526425330976, 13.012604102346677 ], [ 80.252643125901272, 13.012606607787152 ], [ 80.252643790668586, 13.012609100776089 ], [ 80.252644527407725, 13.012611578600866 ], [ 80.252644922998954, 13.012612811262246 ], [ 80.252645335204676, 13.012614038546282 ], [ 80.252645766791289, 13.012615260460921 ], [ 80.252646214995096, 13.012616476094014 ], [ 80.252646680735552, 13.012617686352403 ], [ 80.252647163093229, 13.012618890329236 ], [ 80.25264766391507, 13.012620087125647 ], [ 80.252648181356818, 13.01262127673629 ], [ 80.252648715418502, 13.012622459161209 ], [ 80.252649266100107, 13.012623634400386 ], [ 80.252649833407048, 13.012624800645419 ], [ 80.252650417336653, 13.012625958800529 ], [ 80.252651633227572, 13.012628248123029 ], [ 80.252652911014664, 13.012630499647321 ], [ 80.252654250706044, 13.012632710660856 ], [ 80.252655649540756, 13.012634879347257 ], [ 80.252657104760516, 13.01263700298599 ], [ 80.252658614526538, 13.012639079763336 ], [ 80.252660176999967, 13.012641107865608 ], [ 80.252661790341989, 13.012643085479109 ], [ 80.252663450866791, 13.012645011689019 ], [ 80.252665155818804, 13.012646882870591 ], [ 80.252666904275969, 13.012648699021183 ], [ 80.252668691630348, 13.0126504592233 ], [ 80.252670516962482, 13.012652162570104 ], [ 80.252672376589317, 13.012653807242586 ], [ 80.252674268669324, 13.012655392331252 ], [ 80.252676189513977, 13.012656917825455 ], [ 80.25267813635692, 13.012658383717234 ], [ 80.252680107359296, 13.0126597881929 ], [ 80.252682099749336, 13.01266113305288 ], [ 80.252684109843941, 13.012662416478127 ], [ 80.252686136718268, 13.012663639370215 ], [ 80.252688176681133, 13.012664802622705 ], [ 80.252690227890966, 13.01266590532609 ], [ 80.252692286656583, 13.012666948373917 ], [ 80.252694352055812, 13.012667931763579 ], [ 80.252696422239026, 13.012668857298099 ], [ 80.252698493515013, 13.012669725871085 ], [ 80.252700564042215, 13.012670536573038 ], [ 80.252702632890376, 13.012671292113836 ], [ 80.252704025031321, 13.012672001399951 ], [ 80.252705438443442, 13.012672689950694 ], [ 80.252706873132169, 13.012673355957673 ], [ 80.252708327250531, 13.012674000319775 ], [ 80.25270980172877, 13.01267462032706 ], [ 80.252716482120022, 13.012676006717628 ], [ 80.252717994554388, 13.012676577103107 ], [ 80.252719525504389, 13.012677123128457 ], [ 80.252721073136598, 13.012677641171615 ], [ 80.252722637442901, 13.012678133945158 ], [ 80.252724218434125, 13.012678597832279 ], [ 80.252725815185443, 13.012679033734539 ], [ 80.252727425855326, 13.012679440742447 ], [ 80.252729050443719, 13.012679818855986 ], [ 80.252730688033978, 13.012680166264097 ], [ 80.252732337701232, 13.012680483868362 ], [ 80.252733999450896, 13.012680769860349 ], [ 80.2527356705139, 13.012681025136303 ], [ 80.252737351817771, 13.012681247890502 ], [ 80.252739041515582, 13.012681439021819 ], [ 80.252740739612705, 13.01268159672188 ], [ 80.252742443340068, 13.012681721886878 ], [ 80.252744152700387, 13.012681813612636 ], [ 80.252745867693676, 13.012681871899185 ], [ 80.252747585553536, 13.012681896738513 ], [ 80.252749305357838, 13.012681888127975 ], [ 80.252751028031426, 13.012681845166069 ], [ 80.252752750807929, 13.012681767844775 ], [ 80.252754472765204, 13.012681656161488 ], [ 80.252756192978438, 13.0126815110177 ], [ 80.252757911450317, 13.012681331509254 ], [ 80.25275962541447, 13.012681117628167 ], [ 80.252761334868211, 13.01268087027862 ], [ 80.252763037967256, 13.012680589455323 ], [ 80.252764734714319, 13.012680274254086 ], [ 80.252766424181871, 13.01267992648064 ], [ 80.252768104528357, 13.012679545225451 ], [ 80.252769773906834, 13.01267913138742 ], [ 80.252771434158831, 13.012678685876072 ], [ 80.252773081598548, 13.012678207776561 ], [ 80.252774716223286, 13.0126776979931 ], [ 80.252776337105516, 13.01267715833143 ], [ 80.25277794332851, 13.012676586980461 ], [ 80.252779534886841, 13.012675985748636 ], [ 80.252781109933579, 13.012675355534808 ], [ 80.252782667546583, 13.012674696336331 ], [ 80.252784206801024, 13.012674009054756 ], [ 80.252785727694175, 13.012673294594236 ], [ 80.252787229303948, 13.012672552952161 ], [ 80.25278871070546, 13.01267178503004 ], [ 80.252790171896052, 13.012670991732092 ], [ 80.252791611028726, 13.012670173957172 ], [ 80.252793028103511, 13.012669331705284 ], [ 80.252794423114977, 13.012668466784852 ], [ 80.252795794216155, 13.012667580094719 ], [ 80.252797142331914, 13.012666670733362 ], [ 80.252798466531956, 13.012665741410707 ], [ 80.252799765894181, 13.012664792124077 ], [ 80.252801040418603, 13.012663822873515 ], [ 80.25280229009708, 13.01266283637157 ], [ 80.252803514010182, 13.012661831711421 ], [ 80.252804712152525, 13.012660810701412 ], [ 80.252805883599265, 13.012659774243133 ], [ 80.252807029269803, 13.012658723243382 ], [ 80.252808155637993, 13.012657651391438 ], [ 80.252809267333419, 13.01265655237119 ], [ 80.252810364350609, 13.012655427991033 ], [ 80.252811446692348, 13.012654277346773 ], [ 80.252812511589525, 13.012653101334667 ], [ 80.25281355904481, 13.012651899050475 ], [ 80.252814588133418, 13.012650671395768 ], [ 80.252815598852607, 13.012649419274723 ], [ 80.252816589358162, 13.012648142682039 ], [ 80.252817558727941, 13.012646841615069 ], [ 80.252818506037102, 13.012645516975329 ], [ 80.252819432205058, 13.012644169669686 ], [ 80.25282033354604, 13.012642798783306 ], [ 80.252821211898876, 13.012641406129907 ], [ 80.252822064497181, 13.012639991701535 ], [ 80.252822892260369, 13.012638556405008 ], [ 80.252823693341497, 13.012637101139203 ], [ 80.252824466818439, 13.012635625901503 ], [ 80.25282521268845, 13.012634131596098 ], [ 80.252825930024059, 13.012632620028686 ], [ 80.25282661882791, 13.012631090295084 ], [ 80.252827277250375, 13.012629544198395 ], [ 80.252827905291454, 13.012627981738595 ], [ 80.252828502020861, 13.012626405625619 ], [ 80.252829067444054, 13.01262481405109 ], [ 80.252829601550189, 13.012623210631755 ], [ 80.252830102497711, 13.012621594458134 ], [ 80.252830571203347, 13.012619967341241 ], [ 80.252831006744969, 13.012618329278462 ], [ 80.25283140819235, 13.012616682979692 ], [ 80.252831776470245, 13.012615027543406 ], [ 80.252832110651212, 13.012613364775328 ], [ 80.252832409807652, 13.012611696481203 ], [ 80.252832674861708, 13.012610022663665 ], [ 80.25283290488855, 13.01260834422426 ], [ 80.252833100804878, 13.012606662974058 ], [ 80.252833262608007, 13.01260497981721 ], [ 80.252833388453666, 13.012603294748432 ], [ 80.252833480177983, 13.012601610485607 ], [ 80.252833536861559, 13.012599926121883 ], [ 80.252833559418377, 13.0125982443725 ], [ 80.252833547848439, 13.012596565237468 ], [ 80.252833502146359, 13.012594890525159 ], [ 80.252833422312094, 13.012593220235582 ], [ 80.252833308340257, 13.012591556177115 ], [ 80.252833162072392, 13.012589899259265 ], [ 80.252832982586369, 13.012588249479393 ], [ 80.252832769876775, 13.012586608645845 ], [ 80.252832525785109, 13.012584977668174 ], [ 80.252832250308728, 13.012583357450527 ], [ 80.252831942525503, 13.012581747990295 ], [ 80.252831605199049, 13.012580150199607 ], [ 80.252831237401892, 13.012578565884191 ], [ 80.252830840053392, 13.012576995950919 ], [ 80.252830414078431, 13.012575439498232 ], [ 80.252829959471555, 13.012573898334539 ], [ 80.25282947715219, 13.012572373366657 ], [ 80.252828968042479, 13.012570864597265 ], [ 80.252828432136994, 13.012569373834744 ], [ 80.25282787128269, 13.012567900180217 ], [ 80.252782193065357, 13.012407603868324 ] ] } },
{ "type": "Feature", "properties": { "edge_id": 85265, "from_node": 75381, "to_node": 75381, "length_m": 263.63249264192734 }, "geometry": { "type": "LineString", "coordinates": [ [ 80.209392505135241, 12.979850478755854 ], [ 80.209391741800047, 12.980091996002463 ], [ 80.210142844579238, 12.98006977796477 ], [ 80.210165653481724, 12.980065869674753 ], [ 80.210144573247206, 12.979625382070825 ], [ 80.209393151187498, 12.979646065701509 ], [ 80.209393068843411, 12.979672119835106 ], [ 80.209392505135241, 12.979850478755854 ] ] } },
{ "type": "Feature", "properties": { "edge_id": 89857, "from_node": 79129, "to_node": 79129, "length_m": 98.370288132438404 }, "geometry": { "type": "LineString", "coordinates": [ [ 80.235515971500647, 13.04828390304745 ], [ 80.235625364703353, 13.048251168737103 ], [ 80.235692392247927, 13.048231246511467 ], [ 80.235701509986953, 13.048256079136792 ], [ 80.235771498651928, 13.048446706673898 ], [ 80.235771462616711, 13.048458437601045 ], [ 80.235770794784855, 13.048470784228263 ], [ 80.235766350374561, 13.048482502138944 ], [ 80.235757510865326, 13.048489885017281 ], [ 80.235741110610192, 13.04849848070142 ], [ 80.235648436038673, 13.048530930779867 ], [ 80.235626382778491, 13.048534570141928 ], [ 80.235608120298011, 13.048534516208205 ], [ 80.235594906552905, 13.04853077269471 ], [ 80.235582337885205, 13.048522091465465 ], [ 80.235574188976116, 13.048509718799934 ], [ 80.235573562871522, 13.048508481819667 ], [ 80.235541747016896, 13.048410217533922 ], [ 80.235521801642946, 13.048342859349813 ], [ 80.235518532367124, 13.048309797729733 ], [ 80.235515971500647, 13.04828390304745 ] ] } },
{ "type": "Feature", "properties": { "edge_id": 101047, "from_node": 84280, "to_node": 84280, "length_m": 372.79120241367309 }, "geometry": { "type": "LineString", "coordinates": [ [ 80.24834615272249, 13.092984848165466 ], [ 80.24835417361497, 13.092783624870901 ], [ 80.248363862043206, 13.092586724865079 ], [ 80.248365323518456, 13.092562878268524 ], [ 80.248362811840423, 13.092539115038214 ], [ 80.248356395195273, 13.092516068309166 ], [ 80.2483462433011, 13.092494349811348 ], [ 80.248337720965267, 13.092485837306468 ], [ 80.248301760672561, 13.092458569625057 ], [ 80.248262379627064, 13.092436300308425 ], [ 80.248220297014711, 13.09241943472135 ], [ 80.248176280282479, 13.092408280716485 ], [ 80.248106745128482, 13.092400900596747 ], [ 80.247978013897026, 13.092397535261119 ], [ 80.247776641764133, 13.092405321115054 ], [ 80.247648493039023, 13.092410928734209 ], [ 80.247599668642636, 13.09241497278729 ], [ 80.247506320616921, 13.092413504314811 ], [ 80.247246422924988, 13.092404971049291 ], [ 80.247237722082559, 13.09240604787869 ], [ 80.24722933877193, 13.092408572345747 ], [ 80.24722152135449, 13.092412469222737 ], [ 80.247214502631351, 13.092417623451968 ], [ 80.247208489691204, 13.092423881924596 ], [ 80.247203662051803, 13.09243105799615 ], [ 80.247200161485878, 13.09243894049874 ], [ 80.24719809294082, 13.092447294648002 ], [ 80.247192469203867, 13.092490938186501 ], [ 80.247195086932592, 13.092834248662871 ], [ 80.247203213589955, 13.092971234360927 ], [ 80.247204974458555, 13.09298461705901 ], [ 80.247208762226137, 13.092997590645531 ], [ 80.247214489232817, 13.093009861001407 ], [ 80.247222028099571, 13.093021151975496 ], [ 80.247231207107887, 13.093031208083728 ], [ 80.24724182032439, 13.093039801772225 ], [ 80.24725362665653, 13.093046740648207 ], [ 80.247299986844283, 13.093050464648877 ], [ 80.247558702973521, 13.093046434279753 ], [ 80.247652069387513, 13.093041922454859 ], [ 80.24769909467625, 13.093027705482305 ], [ 80.24780051094875, 13.092984340315029 ], [ 80.247867688070272, 13.092964200811211 ], [ 80.247901865496189, 13.092961310267539 ], [ 80.248079394309258, 13.092969602869921 ], [ 80.248229469952506, 13.09297661911185 ], [ 80.248320024015385, 13.092983005247675 ], [ 80.24834615272249, 13.092984848165466 ] ] } },
{ "type": "Feature", "properties": { "edge_id": 110105, "from_node": 88061, "to_node": 88061, "length_m": 140.20896169718446 }, "geometry": { "type": "LineString", "coordinates": [ [ 80.276806998988619, 13.03108429081607 ], [ 80.276676375217022, 13.031095964838226 ], [ 80.276509592423196, 13.031105499772034 ], [ 80.276503029995979, 13.031104820588803 ], [ 80.276496683271986, 13.031103018968631 ], [ 80.276490742738986, 13.031100148984551 ], [ 80.276485386693579, 13.031096296775017 ], [ 80.276480775889738, 13.031091577958565 ], [ 80.276477048714113, 13.031086134163679 ], [ 80.276474317032566, 13.031080128778045 ], [ 80.276449952344521, 13.030820387739018 ], [ 80.276449880057896, 13.030814794129206 ], [ 80.276450704909053, 13.030809258180611 ], [ 80.27645240897175, 13.030803919090646 ], [ 80.276454947594488, 13.030798909652665 ], [ 80.2764582586302, 13.030794353569116 ], [ 80.276462259672485, 13.030790364539666 ], [ 80.276466850832577, 13.030787042652078 ], [ 80.276471917519075, 13.03078446986898 ], [ 80.276477333201939, 13.030782710939821 ], [ 80.27648296495876, 13.030781808895284 ], [ 80.276758873648419, 13.030759321088585 ], [ 80.276762762624671, 13.030759307528184 ], [ 80.276766604670385, 13.030759894228458 ], [ 80.276770303913821, 13.03076106826301 ], [ 80.276773768219314, 13.030762800440201 ], [ 80.276776910106719, 13.030765046209881 ], [ 80.276779652274243, 13.030767749295665 ], [ 80.276781924826494, 13.030770843495585 ], [ 80.276783670815604, 13.030774249984967 ], [ 80.276784848067209, 13.030777883650901 ], [ 80.276785424566853, 13.03078165398362 ], [ 80.276806998988619, 13.03108429081607 ] ] } },
{ "type": "Feature", "properties": { "edge_id": 39, "from_node": 50, "to_node": 51, "length_m": 0.072640552933082525 }, "geometry": { "type": "LineString", "coordinates": [ [ 80.316914667038759, 13.212717470391528 ], [ 80.316914032424094, 13.212717682088087 ] ] } },
{ "type": "Feature", "properties": { "edge_id": 41, "from_node": 52, "to_node": 53, "length_m": 0.44676746779774223 }, "geometry": { "type": "LineString", "coordinates": [ [ 80.316685397947992, 13.212788450808942 ], [ 80.316681421013243, 13.212789517087929 ] ] } },
{ "type": "Feature", "properties": { "edge_id": 381, "from_node": 507, "to_node": 508, "length_m": 5.4635710763311076e-05 }, "geometry": { "type": "LineString", "coordinates": [ [ 80.29555381176263, 13.151602941717826 ], [ 80.295553811273635, 13.15160294183787 ] ] } },
{ "type": "Feature", "properties": { "edge_id": 618, "from_node": 810, "to_node": 811, "length_m": 0.46589101666582572 }, "geometry": { "type": "LineString", "coordinates": [ [ 80.278698156821861, 13.19476588691694 ], [ 80.278698434922276, 13.194761683200545 ] ] } },
{ "type": "Feature", "properties": { "edge_id": 653, "from_node": 807, "to_node": 851, "length_m": 0.39090093329394532 }, "geometry": { "type": "LineString", "coordinates": [ [ 80.274582278789779, 13.193709536693316 ], [ 80.274582105039428, 13.193713067074068 ] ] } },
{ "type": "Feature", "properties": { "edge_id": 726, "from_node": 918, "to_node": 921, "length_m": 0.19097738031601272 }, "geometry": { "type": "LineString", "coordinates": [ [ 80.273309656048454, 13.20038361616324 ], [ 80.273311415280773, 13.20038351265276 ] ] } },
{ "type": "Feature", "properties": { "edge_id": 768, "from_node": 970, "to_node": 971, "length_m": 0.30733436154234872 }, "geometry": { "type": "LineString", "coordinates": [ [ 80.271784490973758, 13.193789296724852 ], [ 80.271784593488675, 13.193792073790673 ] ] } },
{ "type": "Feature", "properties": { "edge_id": 1003, "from_node": 1096, "to_node": 1097, "length_m": 0.0041303758129707128 }, "geometry": { "type": "LineString", "coordinates": [ [ 80.233567393798964, 13.183016705442784 ], [ 80.233567389069748, 13.183016742500275 ] ] } },
{ "type": "Feature", "properties": { "edge_id": 1079, "from_node": 1333, "to_node": 1334, "length_m": 0.044731757057082204 }, "geometry": { "type": "LineString", "coordinates": [ [ 80.251104120965408, 13.169384866014086 ], [ 80.251104179390609, 13.16938446562834 ] ] } },
{ "type": "Feature", "properties": { "edge_id": 1111, "from_node": 1374, "to_node": 1375, "length_m": 0.30485360522086158 }, "geometry": { "type": "LineString", "coordinates": [ [ 80.245378065688371, 13.168874788901686 ], [ 80.245380854878803, 13.16887514612028 ] ] } },
{ "type": "Feature", "properties": { "edge_id": 1130, "from_node": 1405, "to_node": 1406, "length_m": 0.26592083397983712 }, "geometry": { "type": "LineString", "coordinates": [ [ 80.24873215845038, 13.173299038778936 ], [ 80.248729728064973, 13.173298707962129 ] ] } },
{ "type": "Feature", "properties": { "edge_id": 1292, "from_node": 1598, "to_node": 1647, "length_m": 0.27875682969288734 }, "geometry": { "type": "LineString", "coordinates": [ [ 80.213095075670466, 13.169413147359476 ], [ 80.213094937531395, 13.169415664181063 ] ] } },
{ "type": "Feature", "properties": { "edge_id": 1326, "from_node": 1698, "to_node": 1699, "length_m": 0.24982163696307319 }, "geometry": { "type": "LineString", "coordinates": [ [ 80.222657660126416, 13.161721044855634 ], [ 80.222657973241695, 13.161723282757992 ] ] } },
{ "type": "Feature", "properties": { "edge_id": 1328, "from_node": 1700, "to_node": 1701, "length_m": 0.41481851528946478 }, "geometry": { "type": "LineString", "coordinates": [ [ 80.222714483143449, 13.162127110175526 ], [ 80.222715002894446, 13.162130826142093 ] ] } },
{ "type": "Feature", "properties": { "edge_id": 2172, "from_node": 2819, "to_node": 2820, "length_m": 4.5688966736353669e-05 }, "geometry": { "type": "LineString", "coordinates": [ [ 80.196060772901888, 13.154785037832527 ], [ 80.196060772913, 13.154785037419561 ] ] } },
{ "type": "Feature", "properties": { "edge_id": 2293, "from_node": 2961, "to_node": 2962, "length_m": 0.37044583841681983 }, "geometry": { "type": "LineString", "coordinates": [ [ 80.253880835544692, 13.134697074367397 ], [ 80.253878808461138, 13.134694377609586 ] ] } },
{ "type": "Feature", "properties": { "edge_id": 2313, "from_node": 2984, "to_node": 2985, "length_m": 0.45943917909171533 }, "geometry": { "type": "LineString", "coordinates": [ [ 80.257341283278194, 13.140152999946423 ], [ 80.257345521865162, 13.140152957935904 ] ] } },
{ "type": "Feature", "properties": { "edge_id": 2338, "from_node": 3022, "to_node": 3023, "length_m": 3.4529624905400559e-05 }, "geometry": { "type": "LineString", "coordinates": [ [ 80.241616338257955, 13.129649790182691 ], [ 80.241616338389065, 13.129649789898144 ] ] } },
{ "type": "Feature", "properties": { "edge_id": 2363, "from_node": 3054, "to_node": 3055, "length_m": 0.4080224146133441 }, "geometry": { "type": "LineString", "coordinates": [ [ 80.258150558891288, 13.134866817484445 ], [ 80.258149817841527, 13.134863200380432 ] ] } },
{ "type": "Feature", "properties": { "edge_id": 2442, "from_node": 3155, "to_node": 3156, "length_m": 0.026104788984709141 }, "geometry": { "type": "LineString", "coordinates": [ [ 80.267870494216979, 13.122970365584091 ], [ 80.2678704889057, 13.122970601564264 ] ] } },
{ "type": "Feature", "properties": { "edge_id": 2601, "from_node": 3362, "to_node": 3349, "length_m": 0.38727732926267128 }, "geometry": { "type": "LineString", "coordinates": [ [ 80.257362655239007, 13.113640576437984 ], [ 80.257366156406718, 13.113639879449551 ] ] } },
{ "type": "Feature", "properties": { "edge_id": 2801, "from_node": 3588, "to_node": 3589, "length_m": 0.43250208189257472 }, "geometry": { "type": "LineString", "coordinates": [ [ 80.276708688210093, 13.096162517731456 ], [ 80.276709402025574, 13.096166365295092 ] ] } },
{ "type": "Feature", "properties": { "edge_id": 2806, "from_node": 3594, "to_node": 3596, "length_m": 0.11700914647675752 }, "geometry": { "type": "LineString", "coordinates": [ [ 80.27463823006245, 13.093470330542798 ], [ 80.274638148568457, 13.093471385514745 ] ] } },
{ "type": "Feature", "properties": { "edge_id": 2844, "from_node": 3648, "to_node": 3649, "length_m": 0.03988483417065973 }, "geometry": { "type": "LineString", "coordinates": [ [ 80.212996271877159, 13.114131306973942 ], [ 80.212996639104205, 13.1141312845869 ] ] } },
{ "type": "Feature", "properties": { "edge_id": 2846, "from_node": 3650, "to_node": 3651, "length_m": 0.4165409578544737 }, "geometry": { "type": "LineString", "coordinates": [ [ 80.213377567511685, 13.114094557136418 ], [ 80.213381357283055, 13.114093934873052 ] ] } },
{ "type": "Feature", "properties": { "edge_id": 2862, "from_node": 3666, "to_node": 3667, "length_m": 0.0031064440116388551 }, "geometry": { "type": "LineString", "coordinates": [ [ 80.216528499720894, 13.113736189824424 ], [ 80.216528528323877, 13.113736188103017 ] ] } },
{ "type": "Feature", "properties": { "edge_id": 3170, "from_node": 4077, "to_node": 4078, "length_m": 0.11660540259280432 }, "geometry": { "type": "LineString", "coordinates": [ [ 80.237436945687648, 13.117417234790302 ], [ 80.23743665268546, 13.117416220324531 ] ] } },
{ "type": "Feature", "properties": { "edge_id": 3206, "from_node": 4120, "to_node": 4129, "length_m": 0.34840264040823454 }, "geometry": { "type": "LineString", "coordinates": [ [ 80.214662510051753, 13.116169788777528 ], [ 80.214665372534412, 13.116168356230867 ] ] } },
{ "type": "Feature", "properties": { "edge_id": 3242, "from_node": 4175, "to_node": 4176, "length_m": 0.080839407945651767 }, "geometry": { "type": "LineString", "coordinates": [ [ 80.245843818826671, 13.109009172182581 ], [ 80.245843884873267, 13.109009900251479 ] ] } },
{ "type": "Feature", "properties": { "edge_id": 3246, "from_node": 4181, "to_node": 4182, "length_m": 0.21569761242744567 }, "geometry": { "type": "LineString", "coordinates": [ [ 80.249387999494417, 13.105250133596771 ], [ 80.249388537141968, 13.105252011365341 ] ] } },
{ "type": "Feature", "properties": { "edge_id": 3286, "from_node": 4228, "to_node": 4229, "length_m": 0.12921396992337003 }, "geometry": { "type": "LineString", "coordinates": [ [ 80.265104373456069, 13.103021014319435 ], [ 80.265104359395011, 13.103019846056428 ] ] } },
{ "type": "Feature", "properties": { "edge_id": 3288, "from_node": 4230, "to_node": 4231, "length_m": 0.21668034168301112 }, "geometry": { "type": "LineString", "coordinates": [ [ 80.265102414146284, 13.102925237963614 ], [ 80.265102365531163, 13.102923279333647 ] ] } },
{ "type": "Feature", "properties": { "edge_id": 3294, "from_node": 4236, "to_node": 4237, "length_m": 0.16570027112283658 }, "geometry": { "type": "LineString", "coordinates": [ [ 80.265092086851865, 13.102468229908581 ], [ 80.265092088529187, 13.10246673165836 ] ] } },
{ "type": "Feature", "properties": { "edge_id": 3357, "from_node": 4323, "to_node": 4324, "length_m": 0.45711338818288283 }, "geometry": { "type": "LineString", "coordinates": [ [ 80.261730199312964, 13.099024905644063 ], [ 80.261734196542591, 13.099023589725364 ] ] } },
{ "type": "Feature", "properties": { "edge_id": 3425, "from_node": 4422, "to_node": 4423, "length_m": 0.34209483976762578 }, "geometry": { "type": "LineString", "coordinates": [ [ 80.149649220270462, 13.136170566388977 ], [ 80.149652373141208, 13.136170705204584 ] ] } },
{ "type": "Feature", "properties": { "edge_id": 3560, "from_node": 4645, "to_node": 4646, "length_m": 0.46081710048397645 }, "geometry": { "type": "LineString", "coordinates": [ [ 80.163067284144532, 13.126525920135126 ], [ 80.163068668371182, 13.126521980621375 ] ] } },
{ "type": "Feature", "properties": { "edge_id": 3562, "from_node": 4648, "to_node": 4649, "length_m": 0.11310937166864654 }, "geometry": { "type": "LineString", "coordinates": [ [ 80.162745479455936, 13.131014473967916 ], [ 80.162745647090048, 13.131013464549477 ] ] } },
{ "type": "Feature", "properties": { "edge_id": 3609, "from_node": 4714, "to_node": 4715, "length_m": 0.025456630532036298 }, "geometry": { "type": "LineString", "coordinates": [ [ 80.159260501621816, 13.12231562168262 ], [ 80.159260545134003, 13.122315847868521 ] ] } },
{ "type": "Feature", "properties": { "edge_id": 3817, "from_node": 4998, "to_node": 4999, "length_m": 0.0031048354091794688 }, "geometry": { "type": "LineString", "coordinates": [ [ 80.167053312164455, 13.121271399236356 ], [ 80.167053319635869, 13.121271372135213 ] ] } },
{ "type": "Feature", "properties": { "edge_id": 4044, "from_node": 5259, "to_node": 5260, "length_m": 0.11030983595931367 }, "geometry": { "type": "LineString", "coordinates": [ [ 80.178661804658148, 13.131667488875401 ], [ 80.178660790489374, 13.131667571535035 ] ] } },
{ "type": "Feature", "properties": { "edge_id": 4112, "from_node": 5349, "to_node": 5350, "length_m": 0.39325570553836753 }, "geometry": { "type": "LineString", "coordinates": [ [ 80.193297330258062, 13.122749927888574 ], [ 80.193297089056813, 13.122746380026113 ] ] } },
{ "type": "Feature", "properties": { "edge_id": 4173, "from_node": 5396, "to_node": 5411, "length_m": 0.22347527838826547 }, "geometry": { "type": "LineString", "coordinates": [ [ 80.196679539230416, 13.127170020294756 ], [ 80.196681600010265, 13.127170079169186 ] ] } },
{ "type": "Feature", "properties": { "edge_id": 4397, "from_node": 5683, "to_node": 5682, "length_m": 0.15081810290142758 }, "geometry": { "type": "LineString", "coordinates": [ [ 80.150138931497565, 13.110153093677617 ], [ 80.150138277905839, 13.110151889874631 ] ] } },
{ "type": "Feature", "properties": { "edge_id": 4532, "from_node": 5880, "to_node": 5881, "length_m": 0.26884735470031812 }, "geometry": { "type": "LineString", "coordinates": [ [ 80.149577952765156, 13.097854728913449 ], [ 80.149580431578201, 13.097854656615148 ] ] } },
{ "type": "Feature", "properties": { "edge_id": 4858, "from_node": 6306, "to_node": 6307, "length_m": 0.021105924368148846 }, "geometry": { "type": "LineString", "coordinates": [ [ 80.179467570443578, 13.087149889820903 ], [ 80.17946776508181, 13.087149885918747 ] ] } },
{ "type": "Feature", "properties": { "edge_id": 5051, "from_node": 6509, "to_node": 6510, "length_m": 0.44304638557559145 }, "geometry": { "type": "LineString", "coordinates": [ [ 80.174391641754937, 13.079231732836977 ], [ 80.174392918975187, 13.079227927604057 ] ] } },
{ "type": "Feature", "properties": { "edge_id": 5072, "from_node": 6537, "to_node": 6538, "length_m": 0.38952938231751372 }, "geometry": { "type": "LineString", "coordinates": [ [ 80.167804336812594, 13.082516924881723 ], [ 80.167805422640441, 13.082513567545298 ] ] } },
{ "type": "Feature", "properties": { "edge_id": 5158, "from_node": 6644, "to_node": 6645, "length_m": 0.40494139045292632 }, "geometry": { "type": "LineString", "coordinates": [ [ 80.179119985478607, 13.07682521214387 ], [ 80.17911987468365, 13.076828871922384 ] ] } },
{ "type": "Feature", "properties": { "edge_id": 5250, "from_node": 6752, "to_node": 6753, "length_m": 0.31733294616745272 }, "geometry": { "type": "LineString", "coordinates": [ [ 80.170732417990507, 13.08411020644936 ], [ 80.170735204335259, 13.084111085220735 ] ] } },
{ "type": "Feature", "properties": { "edge_id": 5542, "from_node": 7115, "to_node": 7116, "length_m": 0.45987699290432171 }, "geometry": { "type": "LineString", "coordinates": [ [ 80.185035325768112, 13.081692313356482 ], [ 80.185035902869657, 13.081688193910265 ] ] } },
{ "type": "Feature", "properties": { "edge_id": 5591, "from_node": 7170, "to_node": 7152, "length_m": 0.46210409983072637 }, "geometry": { "type": "LineString", "coordinates": [ [ 80.186882659400439, 13.080122973122783 ], [ 80.186883196887734, 13.080118828228153 ] ] } },
{ "type": "Feature", "properties": { "edge_id": 5644, "from_node": 7234, "to_node": 7235, "length_m": 0.33183569779761402 }, "geometry": { "type": "LineString", "coordinates": [ [ 80.184836908967682, 13.083262247010623 ], [ 80.184837257275817, 13.083259266114164 ] ] } },
{ "type": "Feature", "properties": { "edge_id": 5678, "from_node": 7269, "to_node": 7270, "length_m": 0.46063907813288135 }, "geometry": { "type": "LineString", "coordinates": [ [ 80.18207496346993, 13.073865877807467 ], [ 80.182074894410192, 13.07387004225698 ] ] } },
{ "type": "Feature", "properties": { "edge_id": 5723, "from_node": 7323, "to_node": 7324, "length_m": 0.48429496335754629 }, "geometry": { "type": "LineString", "coordinates": [ [ 80.202302943260875, 13.108758352995201 ], [ 80.202302773264392, 13.108762728724169 ] ] } },
{ "type": "Feature", "properties": { "edge_id": 6349, "from_node": 8137, "to_node": 8138, "length_m": 0.46208224405838444 }, "geometry": { "type": "LineString", "coordinates": [ [ 80.193066051399057, 13.052041248634509 ], [ 80.193061800625557, 13.052041546418975 ] ] } },
{ "type": "Feature", "properties": { "edge_id": 6968, "from_node": 8857, "to_node": 8859, "length_m": 0.35888110747901913 }, "geometry": { "type": "LineString", "coordinates": [ [ 80.176529708738087, 13.061886450404035 ], [ 80.176529515643452, 13.061883211005767 ] ] } },
{ "type": "Feature", "properties": { "edge_id": 6984, "from_node": 8883, "to_node": 8884, "length_m": 0.44051208901778349 }, "geometry": { "type": "LineString", "coordinates": [ [ 80.186891490859011, 13.062279225013517 ], [ 80.186891014057622, 13.062275269512977 ] ] } },
{ "type": "Feature", "properties": { "edge_id": 6992, "from_node": 8889, "to_node": 8890, "length_m": 0.27433193277782547 }, "geometry": { "type": "LineString", "coordinates": [ [ 80.186688729126914, 13.060630398120143 ], [ 80.186688437442797, 13.060627934202557 ] ] } },
{ "type": "Feature", "properties": { "edge_id": 7074, "from_node": 8990, "to_node": 8991, "length_m": 0.44612433387333739 }, "geometry": { "type": "LineString", "coordinates": [ [ 80.184458118731868, 13.064157934523209 ], [ 80.184457048723488, 13.064154039538179 ] ] } },
{ "type": "Feature", "properties": { "edge_id": 7093, "from_node": 9009, "to_node": 9010, "length_m": 0.33711745627760992 }, "geometry": { "type": "LineString", "coordinates": [ [ 80.180563377900299, 13.064857077226884 ], [ 80.180560289751881, 13.064857431824432 ] ] } },
{ "type": "Feature", "properties": { "edge_id": 7103, "from_node": 8862, "to_node": 8864, "length_m": 0.47846395909786849 }, "geometry": { "type": "LineString", "coordinates": [ [ 80.182388091124054, 13.064484509590102 ], [ 80.182388421872787, 13.064488823593667 ] ] } },
{ "type": "Feature", "properties": { "edge_id": 7105, "from_node": 9020, "to_node": 9021, "length_m": 0.41816862624293605 }, "geometry": { "type": "LineString", "coordinates": [ [ 80.182413879964329, 13.064741508692892 ], [ 80.182414517001391, 13.064745237753799 ] ] } },
{ "type": "Feature", "properties": { "edge_id": 7182, "from_node": 9137, "to_node": 9138, "length_m": 0.42127787740237943 }, "geometry": { "type": "LineString", "coordinates": [ [ 80.162827577236143, 13.04463825434107 ], [ 80.162827639124757, 13.044642062952834 ] ] } },
{ "type": "Feature", "properties": { "edge_id": 7544, "from_node": 9621, "to_node": 9622, "length_m": 0.045613265962218409 }, "geometry": { "type": "LineString", "coordinates": [ [ 80.140377342184223, 13.045658453276859 ], [ 80.140377333464059, 13.045658040943422 ] ] } },
{ "type": "Feature", "properties": { "edge_id": 7594, "from_node": 9694, "to_node": 9695, "length_m": 0.30846492528428743 }, "geometry": { "type": "LineString", "coordinates": [ [ 80.173277933579072, 13.040013811048606 ], [ 80.173278081161371, 13.040011025729486 ] ] } },
{ "type": "Feature", "properties": { "edge_id": 7723, "from_node": 9862, "to_node": 9863, "length_m": 0.032709938033854288 }, "geometry": { "type": "LineString", "coordinates": [ [ 80.170571259606049, 13.04448682866173 ], [ 80.170571292748988, 13.044487122627364 ] ] } },
{ "type": "Feature", "properties": { "edge_id": 7732, "from_node": 9872, "to_node": 9247, "length_m": 0.040349598188636697 }, "geometry": { "type": "LineString", "coordinates": [ [ 80.16992681177787, 13.043748174349314 ], [ 80.169926859449362, 13.043748536175288 ] ] } },
{ "type": "Feature", "properties": { "edge_id": 7938, "from_node": 10135, "to_node": 10136, "length_m": 0.38326994418930538 }, "geometry": { "type": "LineString", "coordinates": [ [ 80.182795204694827, 13.02711368210818 ], [ 80.182798673324115, 13.027113016711567 ] ] } },
{ "type": "Feature", "properties": { "edge_id": 8002, "from_node": 10235, "to_node": 10236, "length_m": 0.43282987261897116 }, "geometry": { "type": "LineString", "coordinates": [ [ 80.149055386069804, 13.020051957252923 ], [ 80.14905931479511, 13.020052647374184 ] ] } },
{ "type": "Feature", "properties": { "edge_id": 8197, "from_node": 10466, "to_node": 10469, "length_m": 0.21050541657888844 }, "geometry": { "type": "LineString", "coordinates": [ [ 80.170481641634609, 13.017732057195166 ], [ 80.170481111041497, 13.017730226332672 ] ] } },
{ "type": "Feature", "properties": { "edge_id": 8292, "from_node": 10596, "to_node": 10589, "length_m": 0.47011934828449586 }, "geometry": { "type": "LineString", "coordinates": [ [ 80.17128892913442, 13.024455963877255 ], [ 80.171284653507229, 13.024456666324959 ] ] } },
{ "type": "Feature", "properties": { "edge_id": 8364, "from_node": 10651, "to_node": 10653, "length_m": 0.33770213141695626 }, "geometry": { "type": "LineString", "coordinates": [ [ 80.160835977659517, 13.01711776258114 ], [ 80.160836662001643, 13.017120741364606 ] ] } },
{ "type": "Feature", "properties": { "edge_id": 8381, "from_node": 10684, "to_node": 10685, "length_m": 0.30603308628050241 }, "geometry": { "type": "LineString", "coordinates": [ [ 80.145404450303332, 13.024274082545178 ], [ 80.145404418292699, 13.024271315651875 ] ] } },
{ "type": "Feature", "properties": { "edge_id": 8458, "from_node": 10769, "to_node": 10770, "length_m": 0.43324954628065726 }, "geometry": { "type": "LineString", "coordinates": [ [ 80.158299974025908, 13.015438862479909 ], [ 80.158300575092582, 13.015442735234585 ] ] } },
{ "type": "Feature", "properties": { "edge_id": 8929, "from_node": 11378, "to_node": 11379, "length_m": 0.036310879879009231 }, "geometry": { "type": "LineString", "coordinates": [ [ 80.181779508224139, 12.974044784134936 ], [ 80.181779621715123, 12.974044475258822 ] ] } },
{ "type": "Feature", "properties": { "edge_id": 9081, "from_node": 11573, "to_node": 11574, "length_m": 0.13320960842794072 }, "geometry": { "type": "LineString", "coordinates": [ [ 80.270627416423395, 13.021609346364803 ], [ 80.270626628032687, 13.021610270052191 ] ] } },
{ "type": "Feature", "properties": { "edge_id": 9163, "from_node": 11678, "to_node": 11679, "length_m": 0.050233257040848481 }, "geometry": { "type": "LineString", "coordinates": [ [ 80.230736410389383, 12.975353359637728 ], [ 80.230736747803689, 12.975353670775812 ] ] } },
{ "type": "Feature", "properties": { "edge_id": 9328, "from_node": 11899, "to_node": 11900, "length_m": 0.043366577029571869 }, "geometry": { "type": "LineString", "coordinates": [ [ 80.263286566926993, 12.974069177058279 ], [ 80.263286930634649, 12.974069339940854 ] ] } },
{ "type": "Feature", "properties": { "edge_id": 9499, "from_node": 12103, "to_node": 12104, "length_m": 0.23266155667740909 }, "geometry": { "type": "LineString", "coordinates": [ [ 80.247749033819971, 12.97335507187994 ], [ 80.24775113173763, 12.973354633076733 ] ] } },
{ "type": "Feature", "properties": { "edge_id": 9542, "from_node": 12159, "to_node": 12160, "length_m": 0.050807987558287665 }, "geometry": { "type": "LineString", "coordinates": [ [ 80.245761557782799, 12.958416364642025 ], [ 80.2457616429556, 12.958416552962984 ], [ 80.245761747358173, 12.958416784741404 ] ] } },
{ "type": "Feature", "properties": { "edge_id": 9808, "from_node": 12480, "to_node": 12481, "length_m": 0.38009768549657236 }, "geometry": { "type": "LineString", "coordinates": [ [ 80.235706902201585, 12.966015731654146 ], [ 80.235703437750303, 12.96601624863338 ] ] } },
{ "type": "Feature", "properties": { "edge_id": 10003, "from_node": 12729, "to_node": 12730, "length_m": 0.47640303229422948 }, "geometry": { "type": "LineString", "coordinates": [ [ 80.214670449614346, 12.965565236000849 ], [ 80.21466905275652, 12.965561152049954 ] ] } },
{ "type": "Feature", "properties": { "edge_id": 10216, "from_node": 12985, "to_node": 12986, "length_m": 0.26942221495559698 }, "geometry": { "type": "LineString", "coordinates": [ [ 80.194054069597271, 12.958476337022354 ], [ 80.19405389307002, 12.958478766948485 ] ] } },
{ "type": "Feature", "properties": { "edge_id": 10268, "from_node": 13052, "to_node": 13053, "length_m": 0.48566104389881992 }, "geometry": { "type": "LineString", "coordinates": [ [ 80.201573307913051, 12.941512856857017 ], [ 80.201573695923614, 12.94151723164191 ] ] } },
{ "type": "Feature", "properties": { "edge_id": 10585, "from_node": 13414, "to_node": 13415, "length_m": 0.46361282252292568 }, "geometry": { "type": "LineString", "coordinates": [ [ 80.197102971460808, 12.936140627847882 ], [ 80.197102783894636, 12.936136439940478 ] ] } },
{ "type": "Feature", "properties": { "edge_id": 10749, "from_node": 13639, "to_node": 13640, "length_m": 0.23893266970961877 }, "geometry": { "type": "LineString", "coordinates": [ [ 80.250028001723933, 12.947035750712164 ], [ 80.250030186505114, 12.947035475789102 ] ] } },
{ "type": "Feature", "properties": { "edge_id": 10896, "from_node": 13815, "to_node": 13816, "length_m": 0.35814959118677631 }, "geometry": { "type": "LineString", "coordinates": [ [ 80.25966975388846, 12.941833657636584 ], [ 80.2596690137173, 12.941830501660341 ] ] } },
{ "type": "Feature", "properties": { "edge_id": 10973, "from_node": 13905, "to_node": 13906, "length_m": 2.3242565730782406e-05 }, "geometry": { "type": "LineString", "coordinates": [ [ 80.233820739205242, 12.943419804027361 ], [ 80.233820739181297, 12.943419803818514 ] ] } },
{ "type": "Feature", "properties": { "edge_id": 11043, "from_node": 13996, "to_node": 13997, "length_m": 0.031905642163026868 }, "geometry": { "type": "LineString", "coordinates": [ [ 80.238847159706552, 12.952543599106665 ], [ 80.238847164362184, 12.95254388756093 ] ] } },
{ "type": "Feature", "properties": { "edge_id": 11353, "from_node": 14362, "to_node": 14363, "length_m": 0.01026157876193501 }, "geometry": { "type": "LineString", "coordinates": [ [ 80.248841722091953, 12.91803611676802 ], [ 80.248841630763181, 12.918036140919034 ] ] } },
{ "type": "Feature", "properties": { "edge_id": 11549, "from_node": 14595, "to_node": 14603, "length_m": 0.033781651906328106 }, "geometry": { "type": "LineString", "coordinates": [ [ 80.241423034597844, 12.939892574287631 ], [ 80.241422930375577, 12.939892286447646 ] ] } },
{ "type": "Feature", "properties": { "edge_id": 11610, "from_node": 14680, "to_node": 14681, "length_m": 0.46721435162470359 }, "geometry": { "type": "LineString", "coordinates": [ [ 80.234972062936947, 12.935307610439162 ], [ 80.23497605932468, 12.935306035279568 ] ] } },
{ "type": "Feature", "properties": { "edge_id": 11673, "from_node": 14716, "to_node": 14727, "length_m": 0.49998724964796215 }, "geometry": { "type": "LineString", "coordinates": [ [ 80.24348047706691, 12.936435679245275 ], [ 80.243485016770734, 12.936434897612248 ] ] } },
{ "type": "Feature", "properties": { "edge_id": 11707, "from_node": 14780, "to_node": 14452, "length_m": 0.49676510602879509 }, "geometry": { "type": "LineString", "coordinates": [ [ 80.237834885039177, 12.935192759719158 ], [ 80.237839282358635, 12.935191505773824 ] ] } },
{ "type": "Feature", "properties": { "edge_id": 11764, "from_node": 14813, "to_node": 14812, "length_m": 0.40461587904191831 }, "geometry": { "type": "LineString", "coordinates": [ [ 80.233681951039316, 12.940135140071304 ], [ 80.233678439585759, 12.940136373937873 ] ] } },
{ "type": "Feature", "properties": { "edge_id": 11889, "from_node": 15004, "to_node": 15005, "length_m": 0.061736293821329412 }, "geometry": { "type": "LineString", "coordinates": [ [ 80.249205214601048, 12.86977916425197 ], [ 80.249205250729602, 12.869779721348968 ] ] } },
{ "type": "Feature", "properties": { "edge_id": 11998, "from_node": 15144, "to_node": 15140, "length_m": 0.1551438692545675 }, "geometry": { "type": "LineString", "coordinates": [ [ 80.243844808308012, 12.886566037829141 ], [ 80.243844581124847, 12.886564652830428 ] ] } },
{ "type": "Feature", "properties": { "edge_id": 12243, "from_node": 15426, "to_node": 15427, "length_m": 0.43459407397907573 }, "geometry": { "type": "LineString", "coordinates": [ [ 80.216096477631268, 12.88077196581219 ], [ 80.216094563710257, 12.880775417757889 ] ] } },
{ "type": "Feature", "properties": { "edge_id": 12259, "from_node": 15451, "to_node": 15452, "length_m": 0.42407788178807765 }, "geometry": { "type": "LineString", "coordinates": [ [ 80.216766832983382, 12.879492363044569 ], [ 80.216764992106889, 12.879495745591246 ] ] } },
{ "type": "Feature", "properties": { "edge_id": 12298, "from_node": 15497, "to_node": 15498, "length_m": 0.44859006963149711 }, "geometry": { "type": "LineString", "coordinates": [ [ 80.213591371096925, 12.894627716894924 ], [ 80.213595484055915, 12.894627302471179 ] ] } },
{ "type": "Feature", "properties": { "edge_id": 12308, "from_node": 15507, "to_node": 15508, "length_m": 0.31879454293214665 }, "geometry": { "type": "LineString", "coordinates": [ [ 80.217495822544379, 12.894194761030425 ], [ 80.217498739841645, 12.894194417114129 ] ] } },
{ "type": "Feature", "properties": { "edge_id": 12330, "from_node": 15495, "to_node": 15491, "length_m": 0.38555421140342372 }, "geometry": { "type": "LineString", "coordinates": [ [ 80.218076932451538, 12.893375422172561 ], [ 80.218080467311538, 12.893375064722791 ] ] } },
{ "type": "Feature", "properties": { "edge_id": 12347, "from_node": 15510, "to_node": 15513, "length_m": 0.39063723523005683 }, "geometry": { "type": "LineString", "coordinates": [ [ 80.217357226598693, 12.892702526252405 ], [ 80.217360812032268, 12.892702204227017 ] ] } },
{ "type": "Feature", "properties": { "edge_id": 12358, "from_node": 15544, "to_node": 15545, "length_m": 0.44610592892064949 }, "geometry": { "type": "LineString", "coordinates": [ [ 80.214121001364504, 12.893374731366315 ], [ 80.21412508677912, 12.893374276161238 ] ] } },
{ "type": "Feature", "properties": { "edge_id": 12508, "from_node": 15729, "to_node": 15730, "length_m": 0.14894243963176676 }, "geometry": { "type": "LineString", "coordinates": [ [ 80.2151526630457, 12.884211692496377 ], [ 80.215152065725434, 12.884212905050671 ] ] } },
{ "type": "Feature", "properties": { "edge_id": 12669, "from_node": 15929, "to_node": 15930, "length_m": 0.050343818465294857 }, "geometry": { "type": "LineString", "coordinates": [ [ 80.310934404837766, 13.189597826551804 ], [ 80.310934572521688, 13.18959825107224 ] ] } },
{ "type": "Feature", "properties": { "edge_id": 12814, "from_node": 16119, "to_node": 16116, "length_m": 0.26263118662651358 }, "geometry": { "type": "LineString", "coordinates": [ [ 80.279609546051532, 13.078548173412829 ], [ 80.279609114702325, 13.078545836656906 ] ] } },
{ "type": "Feature", "properties": { "edge_id": 12824, "from_node": 16126, "to_node": 16127, "length_m": 0.40559887870929712 }, "geometry": { "type": "LineString", "coordinates": [ [ 80.279608717488998, 13.078688089972639 ], [ 80.279608845270246, 13.078684424695712 ] ] } },
{ "type": "Feature", "properties": { "edge_id": 12838, "from_node": 16140, "to_node": 16139, "length_m": 0.43737786943848278 }, "geometry": { "type": "LineString", "coordinates": [ [ 80.279598162530391, 13.078808255147383 ], [ 80.279598780802203, 13.078804347104196 ] ] } },
{ "type": "Feature", "properties": { "edge_id": 12844, "from_node": 16143, "to_node": 16135, "length_m": 0.011706835734981656 }, "geometry": { "type": "LineString", "coordinates": [ [ 80.277977353064216, 13.078848970835594 ], [ 80.277977460971655, 13.078848974754059 ] ] } },
{ "type": "Feature", "properties": { "edge_id": 12847, "from_node": 16145, "to_node": 16130, "length_m": 0.20026587297684309 }, "geometry": { "type": "LineString", "coordinates": [ [ 80.280656587032993, 13.078860590041058 ], [ 80.280654742885588, 13.078860694313109 ] ] } },
{ "type": "Feature", "properties": { "edge_id": 12868, "from_node": 16147, "to_node": 16160, "length_m": 0.36920265567071525 }, "geometry": { "type": "LineString", "coordinates": [ [ 80.277974347329973, 13.078950322494775 ], [ 80.277970941954123, 13.078950300315787 ] ] } },
{ "type": "Feature", "properties": { "edge_id": 12886, "from_node": 16161, "to_node": 16177, "length_m": 0.17255080432691713 }, "geometry": { "type": "LineString", "coordinates": [ [ 80.277968182588225, 13.079047179578897 ], [ 80.277968092274833, 13.079048737265239 ] ] } },
{ "type": "Feature", "properties": { "edge_id": 13096, "from_node": 16419, "to_node": 16420, "length_m": 0.13000931116003467 }, "geometry": { "type": "LineString", "coordinates": [ [ 80.233016162641462, 12.977454591494539 ], [ 80.233017359149144, 12.977454520759753 ] ] } },
{ "type": "Feature", "properties": { "edge_id": 13134, "from_node": 16466, "to_node": 16468, "length_m": 0.29000760277272214 }, "geometry": { "type": "LineString", "coordinates": [ [ 80.21128884252704, 12.955483180036294 ], [ 80.211286364092501, 12.955484163534054 ] ] } },
{ "type": "Feature", "properties": { "edge_id": 13181, "from_node": 16524, "to_node": 16525, "length_m": 0.32710001434061498 }, "geometry": { "type": "LineString", "coordinates": [ [ 80.210025042913941, 12.952609432694983 ], [ 80.210022256127047, 12.952610562631639 ] ] } },
{ "type": "Feature", "properties": { "edge_id": 13498, "from_node": 4373, "to_node": 4374, "length_m": 0.20001352513287776 }, "geometry": { "type": "LineString", "coordinates": [ [ 80.15262108384357, 13.132348158679964 ], [ 80.152622910463521, 13.132347902485678 ] ] } },
{ "type": "Feature", "properties": { "edge_id": 13502, "from_node": 4377, "to_node": 16808, "length_m": 0.0093557483840745869 }, "geometry": { "type": "LineString", "coordinates": [ [ 80.153342125056099, 13.132932075875081 ], [ 80.15334214045447, 13.132932159109707 ] ] } },
{ "type": "Feature", "properties": { "edge_id": 13893, "from_node": 17120, "to_node": 17121, "length_m": 0.29203688108360187 }, "geometry": { "type": "LineString", "coordinates": [ [ 80.232170866823907, 12.970885896299885 ], [ 80.232170695551289, 12.970888531538172 ] ] } },
{ "type": "Feature", "properties": { "edge_id": 14078, "from_node": 15157, "to_node": 15155, "length_m": 0.013221951851043717 }, "geometry": { "type": "LineString", "coordinates": [ [ 80.249424160024844, 12.893802502234724 ], [ 80.249424186406202, 12.893802618953307 ] ] } },
{ "type": "Feature", "properties": { "edge_id": 14090, "from_node": 15230, "to_node": 15233, "length_m": 0.017372680285441002 }, "geometry": { "type": "LineString", "coordinates": [ [ 80.250239333793274, 12.883555108498657 ], [ 80.250239397881188, 12.883555252451446 ] ] } },
{ "type": "Feature", "properties": { "edge_id": 14111, "from_node": 15424, "to_node": 15421, "length_m": 0.28847801090867697 }, "geometry": { "type": "LineString", "coordinates": [ [ 80.215754601244399, 12.880587087301119 ], [ 80.215754882768763, 12.880587247283675 ], [ 80.215756930002271, 12.880588345689892 ] ] } },
{ "type": "Feature", "properties": { "edge_id": 14119, "from_node": 15493, "to_node": 15496, "length_m": 0.43199726849614734 }, "geometry": { "type": "LineString", "coordinates": [ [ 80.218229939652218, 12.894876910006371 ], [ 80.218225984199449, 12.894877357524987 ] ] } },
{ "type": "Feature", "properties": { "edge_id": 14269, "from_node": 15900, "to_node": 15903, "length_m": 0.33240873984675601 }, "geometry": { "type": "LineString", "coordinates": [ [ 80.211920895237171, 12.878136628074239 ], [ 80.211920278650013, 12.878133683944537 ] ] } },
{ "type": "Feature", "properties": { "edge_id": 14768, "from_node": 6930, "to_node": 6877, "length_m": 0.10272779652719001 }, "geometry": { "type": "LineString", "coordinates": [ [ 80.177685262254187, 13.08319124798809 ], [ 80.177686204604655, 13.08319134502433 ] ] } },
{ "type": "Feature", "properties": { "edge_id": 14829, "from_node": 17920, "to_node": 17928, "length_m": 0.36104881900416885 }, "geometry": { "type": "LineString", "coordinates": [ [ 80.232386561874989, 13.081140245772971 ], [ 80.232387258003641, 13.081137053329494 ] ] } },
{ "type": "Feature", "properties": { "edge_id": 15163, "from_node": 18247, "to_node": 18248, "length_m": 0.2363774313637097 }, "geometry": { "type": "LineString", "coordinates": [ [ 80.211468477678409, 12.95395018797641 ], [ 80.211467748331017, 12.953948173930327 ] ] } },
{ "type": "Feature", "properties": { "edge_id": 15187, "from_node": 18270, "to_node": 18271, "length_m": 0.39636883178320587 }, "geometry": { "type": "LineString", "coordinates": [ [ 80.210705312331143, 12.953959345431464 ], [ 80.21070871368822, 12.953958035606119 ] ] } },
{ "type": "Feature", "properties": { "edge_id": 15225, "from_node": 16514, "to_node": 18288, "length_m": 0.30214971368768939 }, "geometry": { "type": "LineString", "coordinates": [ [ 80.210977817485698, 12.953004197287239 ], [ 80.210978858637958, 12.95300673128777 ] ] } },
{ "type": "Feature", "properties": { "edge_id": 15638, "from_node": 18675, "to_node": 18676, "length_m": 0.43263703045778995 }, "geometry": { "type": "LineString", "coordinates": [ [ 80.32857989049073, 13.227408115858822 ], [ 80.328576082875003, 13.227409293974565 ] ] } },
{ "type": "Feature", "properties": { "edge_id": 15780, "from_node": 18842, "to_node": 18843, "length_m": 0.14157743532538161 }, "geometry": { "type": "LineString", "coordinates": [ [ 80.289844931570272, 13.163234575551106 ], [ 80.289845116150715, 13.163235842842521 ] ] } },
{ "type": "Feature", "properties": { "edge_id": 15790, "from_node": 18855, "to_node": 18856, "length_m": 0.25530125350696758 }, "geometry": { "type": "LineString", "coordinates": [ [ 80.29343098120539, 13.169363260173265 ], [ 80.293430981968243, 13.169365568592365 ] ] } },
{ "type": "Feature", "properties": { "edge_id": 15944, "from_node": 19047, "to_node": 19048, "length_m": 0.36335085161577907 }, "geometry": { "type": "LineString", "coordinates": [ [ 80.213528707291502, 13.174785660653299 ], [ 80.213531721869771, 13.174787098504197 ] ] } },
{ "type": "Feature", "properties": { "edge_id": 16025, "from_node": 19125, "to_node": 17439, "length_m": 0.14470124464533071 }, "geometry": { "type": "LineString", "coordinates": [ [ 80.234502476149629, 13.185663977362752 ], [ 80.234503811407933, 13.185663975925271 ] ] } },
{ "type": "Feature", "properties": { "edge_id": 16029, "from_node": 16640, "to_node": 16641, "length_m": 0.32745579836884059 }, "geometry": { "type": "LineString", "coordinates": [ [ 80.237026111649683, 13.185715908848884 ], [ 80.237029131579888, 13.185716009160723 ] ] } },
{ "type": "Feature", "properties": { "edge_id": 16130, "from_node": 19221, "to_node": 19222, "length_m": 0.39358099531860313 }, "geometry": { "type": "LineString", "coordinates": [ [ 80.253466243509564, 13.173632352838657 ], [ 80.253466577872558, 13.173635896429213 ] ] } },
{ "type": "Feature", "properties": { "edge_id": 16134, "from_node": 19225, "to_node": 19226, "length_m": 0.11565855089635801 }, "geometry": { "type": "LineString", "coordinates": [ [ 80.253517697282064, 13.174212597593245 ], [ 80.253517778090853, 13.174213640359781 ] ] } },
{ "type": "Feature", "properties": { "edge_id": 16437, "from_node": 19575, "to_node": 19576, "length_m": 1.8809718594030951e-05 }, "geometry": { "type": "LineString", "coordinates": [ [ 80.247163777672085, 13.145624317253752 ], [ 80.247163777842374, 13.145624317221028 ] ] } },
{ "type": "Feature", "properties": { "edge_id": 17034, "from_node": 20256, "to_node": 20257, "length_m": 0.14142492699348733 }, "geometry": { "type": "LineString", "coordinates": [ [ 80.286201615145586, 13.098772870236417 ], [ 80.286201920588155, 13.098774113454507 ] ] } },
{ "type": "Feature", "properties": { "edge_id": 17036, "from_node": 20258, "to_node": 20259, "length_m": 0.47595966511418009 }, "geometry": { "type": "LineString", "coordinates": [ [ 80.286231187857325, 13.098893101460648 ], [ 80.286231950104167, 13.09889620136423 ], [ 80.286232216339968, 13.098897285334331 ] ] } },
{ "type": "Feature", "properties": { "edge_id": 17038, "from_node": 20260, "to_node": 20261, "length_m": 0.47275411241912263 }, "geometry": { "type": "LineString", "coordinates": [ [ 80.286268966990917, 13.099039206510778 ], [ 80.286269647399777, 13.099041575593041 ], [ 80.286270148802359, 13.099043321185148 ] ] } },
{ "type": "Feature", "properties": { "edge_id": 17183, "from_node": 20439, "to_node": 20440, "length_m": 0.032439020619661224 }, "geometry": { "type": "LineString", "coordinates": [ [ 80.210166286644778, 13.126632341992636 ], [ 80.2101663152539, 13.126632050028574 ] ] } },
{ "type": "Feature", "properties": { "edge_id": 17340, "from_node": 20622, "to_node": 20623, "length_m": 0.37710571518511704 }, "geometry": { "type": "LineString", "coordinates": [ [ 80.244841249882086, 13.101974234962061 ], [ 80.244841639902816, 13.101977623213653 ] ] } },
{ "type": "Feature", "properties": { "edge_id": 17397, "from_node": 20695, "to_node": 20696, "length_m": 0.0085708813324736049 }, "geometry": { "type": "LineString", "coordinates": [ [ 80.153997077958437, 13.13316306490729 ], [ 80.153997068073494, 13.133162988020041 ] ] } },
{ "type": "Feature", "properties": { "edge_id": 17458, "from_node": 20774, "to_node": 20775, "length_m": 0.25276934249700028 }, "geometry": { "type": "LineString", "coordinates": [ [ 80.150214607932625, 13.138359635869483 ], [ 80.150214833519811, 13.138361910608074 ] ] } },
{ "type": "Feature", "properties": { "edge_id": 17623, "from_node": 20951, "to_node": 20948, "length_m": 0.44664377213194417 }, "geometry": { "type": "LineString", "coordinates": [ [ 80.173333813487517, 13.135995621440562 ], [ 80.173334288107696, 13.135999632991865 ] ] } },
{ "type": "Feature", "properties": { "edge_id": 18404, "from_node": 21697, "to_node": 21698, "length_m": 0.31559323620736501 }, "geometry": { "type": "LineString", "coordinates": [ [ 80.175759189244829, 13.100072393725618 ], [ 80.17576149836357, 13.100070656038334 ] ] } },
{ "type": "Feature", "properties": { "edge_id": 18551, "from_node": 21847, "to_node": 21849, "length_m": 0.20557628995697072 }, "geometry": { "type": "LineString", "coordinates": [ [ 80.179373541542759, 13.073910954754874 ], [ 80.179375436775715, 13.073911011408947 ] ] } },
{ "type": "Feature", "properties": { "edge_id": 18689, "from_node": 21951, "to_node": 21952, "length_m": 0.48382381042334366 }, "geometry": { "type": "LineString", "coordinates": [ [ 80.184706137781291, 13.086598523617919 ], [ 80.184710600133855, 13.086598581113059 ] ] } },
{ "type": "Feature", "properties": { "edge_id": 18732, "from_node": 6920, "to_node": 21920, "length_m": 0.46398949365414649 }, "geometry": { "type": "LineString", "coordinates": [ [ 80.182567241036153, 13.083750302825548 ], [ 80.182566784548158, 13.083754474183364 ] ] } },
{ "type": "Feature", "properties": { "edge_id": 18785, "from_node": 7076, "to_node": 22005, "length_m": 0.24674247644909839 }, "geometry": { "type": "LineString", "coordinates": [ [ 80.186370773893216, 13.084641888063759 ], [ 80.186371066167425, 13.084639675543926 ] ] } },
{ "type": "Feature", "properties": { "edge_id": 18789, "from_node": 7105, "to_node": 7143, "length_m": 0.22574465622409398 }, "geometry": { "type": "LineString", "coordinates": [ [ 80.186421329145915, 13.084206742744946 ], [ 80.186421586677213, 13.084204717281416 ] ] } },
{ "type": "Feature", "properties": { "edge_id": 18985, "from_node": 22162, "to_node": 22163, "length_m": 0.26149640455826195 }, "geometry": { "type": "LineString", "coordinates": [ [ 80.212328035471529, 13.108070934053538 ], [ 80.21232797749461, 13.108068570331623 ] ] } },
{ "type": "Feature", "properties": { "edge_id": 19141, "from_node": 22324, "to_node": 22326, "length_m": 0.35188208302986124 }, "geometry": { "type": "LineString", "coordinates": [ [ 80.266757667945228, 13.083885298887964 ], [ 80.266757588442019, 13.083888479634007 ] ] } },
{ "type": "Feature", "properties": { "edge_id": 19406, "from_node": 22680, "to_node": 22681, "length_m": 0.33079064408012931 }, "geometry": { "type": "LineString", "coordinates": [ [ 80.250848593129021, 13.138444068146336 ], [ 80.250845553279675, 13.138444333261749 ] ] } },
{ "type": "Feature", "properties": { "edge_id": 19415, "from_node": 22692, "to_node": 22693, "length_m": 0.41011339880589825 }, "geometry": { "type": "LineString", "coordinates": [ [ 80.249475140183122, 13.141150073300013 ], [ 80.249478910901871, 13.141149766030502 ] ] } },
{ "type": "Feature", "properties": { "edge_id": 19439, "from_node": 16041, "to_node": 16036, "length_m": 0.19214645422947493 }, "geometry": { "type": "LineString", "coordinates": [ [ 80.279223270818093, 13.132909451337476 ], [ 80.279223728137481, 13.132911129905569 ] ] } },
{ "type": "Feature", "properties": { "edge_id": 19482, "from_node": 2926, "to_node": 22767, "length_m": 0.43061058909537486 }, "geometry": { "type": "LineString", "coordinates": [ [ 80.25510037743399, 13.142805825446313 ], [ 80.25509640785593, 13.142805983933554 ] ] } },
{ "type": "Feature", "properties": { "edge_id": 19628, "from_node": 22885, "to_node": 22886, "length_m": 0.3908219319956141 }, "geometry": { "type": "LineString", "coordinates": [ [ 80.247964100358246, 13.14021299116418 ], [ 80.247967678628456, 13.140212555862346 ] ] } },
{ "type": "Feature", "properties": { "edge_id": 19663, "from_node": 22919, "to_node": 22920, "length_m": 0.44627785062970854 }, "geometry": { "type": "LineString", "coordinates": [ [ 80.21530747587326, 13.094445832770051 ], [ 80.215303384412863, 13.094446277844643 ] ] } },
{ "type": "Feature", "properties": { "edge_id": 19691, "from_node": 22942, "to_node": 22934, "length_m": 0.0062649820702747735 }, "geometry": { "type": "LineString", "coordinates": [ [ 80.214713873541854, 13.095326227755837 ], [ 80.214713930757895, 13.095326219792311 ] ] } },
{ "type": "Feature", "properties": { "edge_id": 19699, "from_node": 22943, "to_node": 22948, "length_m": 0.46840811348464012 }, "geometry": { "type": "LineString", "coordinates": [ [ 80.214752854612357, 13.095667471347051 ], [ 80.214753330165806, 13.095671680886992 ] ] } },
{ "type": "Feature", "properties": { "edge_id": 19881, "from_node": 23142, "to_node": 23143, "length_m": 0.1808951357785106 }, "geometry": { "type": "LineString", "coordinates": [ [ 80.269825104421187, 13.076004584524069 ], [ 80.26982554620956, 13.076006161793481 ] ] } },
{ "type": "Feature", "properties": { "edge_id": 20051, "from_node": 23340, "to_node": 23341, "length_m": 0.12682625934745451 }, "geometry": { "type": "LineString", "coordinates": [ [ 80.284066959833311, 13.109737639777132 ], [ 80.284065832573845, 13.10973794678619 ] ] } },
{ "type": "Feature", "properties": { "edge_id": 20120, "from_node": 23430, "to_node": 23427, "length_m": 0.38029968268323372 }, "geometry": { "type": "LineString", "coordinates": [ [ 80.293109148578679, 13.122862330439586 ], [ 80.293108891763467, 13.122858901004442 ] ] } },
{ "type": "Feature", "properties": { "edge_id": 20162, "from_node": 16802, "to_node": 23474, "length_m": 0.07613908291482431 }, "geometry": { "type": "LineString", "coordinates": [ [ 80.253352086489599, 13.104889189540408 ], [ 80.253351820892931, 13.104888552217876 ] ] } },
{ "type": "Feature", "properties": { "edge_id": 20210, "from_node": 23527, "to_node": 23528, "length_m": 0.19249316929990251 }, "geometry": { "type": "LineString", "coordinates": [ [ 80.277357541178787, 13.102237279365038 ], [ 80.277359310986299, 13.102237420859309 ] ] } },
{ "type": "Feature", "properties": { "edge_id": 20275, "from_node": 23606, "to_node": 23607, "length_m": 0.33454210347199559 }, "geometry": { "type": "LineString", "coordinates": [ [ 80.290375195480124, 13.090698676691357 ], [ 80.290376119796917, 13.090701562735536 ] ] } },
{ "type": "Feature", "properties": { "edge_id": 20444, "from_node": 23820, "to_node": 23818, "length_m": 0.26449801650984689 }, "geometry": { "type": "LineString", "coordinates": [ [ 80.267404313829303, 13.124930058630611 ], [ 80.267404254488511, 13.124927667766915 ] ] } },
{ "type": "Feature", "properties": { "edge_id": 20448, "from_node": 23824, "to_node": 23818, "length_m": 0.26433985720115999 }, "geometry": { "type": "LineString", "coordinates": [ [ 80.267404371037813, 13.12493005517662 ], [ 80.267404254488511, 13.124927667766915 ] ] } },
{ "type": "Feature", "properties": { "edge_id": 20559, "from_node": 23948, "to_node": 23949, "length_m": 0.39242345750920377 }, "geometry": { "type": "LineString", "coordinates": [ [ 80.25226808235243, 13.122607052420179 ], [ 80.252264565842538, 13.122607895766464 ] ] } },
{ "type": "Feature", "properties": { "edge_id": 20586, "from_node": 23984, "to_node": 23985, "length_m": 0.30673586367247552 }, "geometry": { "type": "LineString", "coordinates": [ [ 80.226717911569096, 13.124662672064241 ], [ 80.226720703675284, 13.124662221123391 ] ] } },
{ "type": "Feature", "properties": { "edge_id": 20599, "from_node": 20594, "to_node": 24000, "length_m": 0.45320216256966017 }, "geometry": { "type": "LineString", "coordinates": [ [ 80.264731896324591, 13.103900826719491 ], [ 80.264736034429191, 13.103900243559369 ] ] } },
{ "type": "Feature", "properties": { "edge_id": 20744, "from_node": 24175, "to_node": 24176, "length_m": 0.3510674160210332 }, "geometry": { "type": "LineString", "coordinates": [ [ 80.276327369063239, 13.08992136940507 ], [ 80.276330600900735, 13.089921168693264 ] ] } },
{ "type": "Feature", "properties": { "edge_id": 20841, "from_node": 24263, "to_node": 24271, "length_m": 0.45450602951584435 }, "geometry": { "type": "LineString", "coordinates": [ [ 80.218966577395349, 13.097965708212895 ], [ 80.218968454054277, 13.097969383094599 ] ] } },
{ "type": "Feature", "properties": { "edge_id": 20898, "from_node": 24323, "to_node": 24321, "length_m": 0.49292377754359284 }, "geometry": { "type": "LineString", "coordinates": [ [ 80.216235984473002, 13.100055207036007 ], [ 80.216233853152104, 13.100051270051914 ] ] } },
{ "type": "Feature", "properties": { "edge_id": 20980, "from_node": 24392, "to_node": 24393, "length_m": 0.25776904461973899 }, "geometry": { "type": "LineString", "coordinates": [ [ 80.235997478673099, 13.101022498743319 ], [ 80.235999839185368, 13.101022218204001 ] ] } },
{ "type": "Feature", "properties": { "edge_id": 21129, "from_node": 24576, "to_node": 24577, "length_m": 0.28288630254991992 }, "geometry": { "type": "LineString", "coordinates": [ [ 80.195869811423194, 13.063193319626999 ], [ 80.195870506521473, 13.063190854263075 ] ] } },
{ "type": "Feature", "properties": { "edge_id": 21135, "from_node": 24582, "to_node": 24583, "length_m": 0.44149800655394433 }, "geometry": { "type": "LineString", "coordinates": [ [ 80.195912216927539, 13.061921016497662 ], [ 80.195915783256225, 13.061919089915149 ] ] } },
{ "type": "Feature", "properties": { "edge_id": 21152, "from_node": 24607, "to_node": 24608, "length_m": 0.33175377816515461 }, "geometry": { "type": "LineString", "coordinates": [ [ 80.192923817018013, 13.063383755933444 ], [ 80.192923919908353, 13.063380757973249 ] ] } },
{ "type": "Feature", "properties": { "edge_id": 21177, "from_node": 24638, "to_node": 24639, "length_m": 0.037155888740176064 }, "geometry": { "type": "LineString", "coordinates": [ [ 80.200571865983093, 13.062315439311272 ], [ 80.200571835701169, 13.06231510466816 ] ] } },
{ "type": "Feature", "properties": { "edge_id": 21179, "from_node": 24640, "to_node": 24641, "length_m": 0.2311953512125681 }, "geometry": { "type": "LineString", "coordinates": [ [ 80.200532522943732, 13.061892328676818 ], [ 80.20053220494178, 13.061890261624489 ] ] } },
{ "type": "Feature", "properties": { "edge_id": 21184, "from_node": 24646, "to_node": 24647, "length_m": 0.41100525620990003 }, "geometry": { "type": "LineString", "coordinates": [ [ 80.199346501012158, 13.061601807359713 ], [ 80.199346103415394, 13.061598111618144 ] ] } },
{ "type": "Feature", "properties": { "edge_id": 21188, "from_node": 24651, "to_node": 24652, "length_m": 0.18509989004745181 }, "geometry": { "type": "LineString", "coordinates": [ [ 80.192381221702703, 13.060170376950946 ], [ 80.192381306451651, 13.060168705375172 ] ] } },
{ "type": "Feature", "properties": { "edge_id": 21190, "from_node": 24653, "to_node": 24654, "length_m": 0.41292184411758015 }, "geometry": { "type": "LineString", "coordinates": [ [ 80.192399624029946, 13.059760283754478 ], [ 80.192399786483762, 13.059756553589017 ] ] } },
{ "type": "Feature", "properties": { "edge_id": 21279, "from_node": 7770, "to_node": 24748, "length_m": 0.11164304740665694 }, "geometry": { "type": "LineString", "coordinates": [ [ 80.214393505364342, 13.068371963520645 ], [ 80.214393537147771, 13.068370954541102 ] ] } },
{ "type": "Feature", "properties": { "edge_id": 21284, "from_node": 24751, "to_node": 24752, "length_m": 0.14352006874163886 }, "geometry": { "type": "LineString", "coordinates": [ [ 80.214417901835773, 13.06700592842596 ], [ 80.214417928074496, 13.067004630992768 ] ] } },
{ "type": "Feature", "properties": { "edge_id": 21288, "from_node": 24755, "to_node": 24756, "length_m": 0.41622542025052367 }, "geometry": { "type": "LineString", "coordinates": [ [ 80.214430244199832, 13.066322894529803 ], [ 80.214430298525912, 13.066319131455099 ] ] } },
{ "type": "Feature", "properties": { "edge_id": 21515, "from_node": 25012, "to_node": 25013, "length_m": 0.32401483010979409 }, "geometry": { "type": "LineString", "coordinates": [ [ 80.213462168270013, 13.064394059266368 ], [ 80.213459180079809, 13.064394022145498 ] ] } },
{ "type": "Feature", "properties": { "edge_id": 21517, "from_node": 25014, "to_node": 25015, "length_m": 0.16633475298629088 }, "geometry": { "type": "LineString", "coordinates": [ [ 80.212917366835413, 13.064383212867073 ], [ 80.212915833134332, 13.064383177455408 ] ] } },
{ "type": "Feature", "properties": { "edge_id": 21556, "from_node": 25065, "to_node": 25060, "length_m": 0.22195152547115116 }, "geometry": { "type": "LineString", "coordinates": [ [ 80.266251643607944, 13.083924725617273 ], [ 80.266251713312656, 13.083926731328383 ] ] } },
{ "type": "Feature", "properties": { "edge_id": 21613, "from_node": 25131, "to_node": 25132, "length_m": 0.27403218766320747 }, "geometry": { "type": "LineString", "coordinates": [ [ 80.269398223477182, 13.078454004236423 ], [ 80.269398177444714, 13.078456481613612 ] ] } },
{ "type": "Feature", "properties": { "edge_id": 21695, "from_node": 25230, "to_node": 25231, "length_m": 0.29256524055054584 }, "geometry": { "type": "LineString", "coordinates": [ [ 80.273586733388868, 13.05762361775002 ], [ 80.273589409971009, 13.05762328257426 ] ] } },
{ "type": "Feature", "properties": { "edge_id": 21699, "from_node": 25235, "to_node": 25236, "length_m": 0.3882026916734348 }, "geometry": { "type": "LineString", "coordinates": [ [ 80.272367568604338, 13.053790383358958 ], [ 80.272367041068065, 13.053786911548023 ] ] } },
{ "type": "Feature", "properties": { "edge_id": 21761, "from_node": 7940, "to_node": 7935, "length_m": 0.47167880893604813 }, "geometry": { "type": "LineString", "coordinates": [ [ 80.27560445758283, 13.049206920939826 ], [ 80.275608804716555, 13.049206762212531 ] ] } },
{ "type": "Feature", "properties": { "edge_id": 21855, "from_node": 25413, "to_node": 25414, "length_m": 0.35858725622304066 }, "geometry": { "type": "LineString", "coordinates": [ [ 80.243836992069419, 13.036043604570976 ], [ 80.243838810760877, 13.036046312527251 ] ] } },
{ "type": "Feature", "properties": { "edge_id": 21903, "from_node": 25458, "to_node": 25459, "length_m": 0.037039034721083858 }, "geometry": { "type": "LineString", "coordinates": [ [ 80.24562532012591, 13.040998252414997 ], [ 80.245625406756687, 13.040998576370232 ] ] } },
{ "type": "Feature", "properties": { "edge_id": 22275, "from_node": 25933, "to_node": 25934, "length_m": 0.23464632890277315 }, "geometry": { "type": "LineString", "coordinates": [ [ 80.2674977254091, 13.09857583668815 ], [ 80.267498390065072, 13.098577855841722 ] ] } },
{ "type": "Feature", "properties": { "edge_id": 22278, "from_node": 25936, "to_node": 25937, "length_m": 0.31863002047964345 }, "geometry": { "type": "LineString", "coordinates": [ [ 80.267553100163411, 13.098759722479063 ], [ 80.267553878806339, 13.098762500578404 ] ] } },
{ "type": "Feature", "properties": { "edge_id": 22849, "from_node": 26658, "to_node": 26659, "length_m": 0.025333771986935393 }, "geometry": { "type": "LineString", "coordinates": [ [ 80.26353411321152, 13.027414684495936 ], [ 80.263534345670877, 13.027414661647104 ] ] } },
{ "type": "Feature", "properties": { "edge_id": 23058, "from_node": 26899, "to_node": 26909, "length_m": 0.44028564633713996 }, "geometry": { "type": "LineString", "coordinates": [ [ 80.249458061469653, 13.138972644436498 ], [ 80.249458334484785, 13.138976616444296 ] ] } },
{ "type": "Feature", "properties": { "edge_id": 23183, "from_node": 27037, "to_node": 27038, "length_m": 0.35297968711186034 }, "geometry": { "type": "LineString", "coordinates": [ [ 80.263090654142474, 13.128690528644787 ], [ 80.263093910052802, 13.128690470152886 ] ] } },
{ "type": "Feature", "properties": { "edge_id": 23289, "from_node": 27155, "to_node": 27156, "length_m": 0.30871490131632912 }, "geometry": { "type": "LineString", "coordinates": [ [ 80.278037081009188, 13.137545432348089 ], [ 80.278034636540141, 13.137546864968487 ] ] } },
{ "type": "Feature", "properties": { "edge_id": 23659, "from_node": 27564, "to_node": 27565, "length_m": 0.10632111717678301 }, "geometry": { "type": "LineString", "coordinates": [ [ 80.287121597943027, 13.098435000076744 ], [ 80.287120626220329, 13.098435130308504 ] ] } },
{ "type": "Feature", "properties": { "edge_id": 23696, "from_node": 27612, "to_node": 27613, "length_m": 0.0029614193407605316 }, "geometry": { "type": "LineString", "coordinates": [ [ 80.285113101892449, 13.094244739772707 ], [ 80.285113075126191, 13.094244745123754 ] ] } },
{ "type": "Feature", "properties": { "edge_id": 23698, "from_node": 27614, "to_node": 27615, "length_m": 0.084704721169374164 }, "geometry": { "type": "LineString", "coordinates": [ [ 80.284607383789677, 13.094346863577009 ], [ 80.284606622280009, 13.094347035072047 ] ] } },
{ "type": "Feature", "properties": { "edge_id": 23702, "from_node": 27617, "to_node": 23642, "length_m": 0.39523568882503096 }, "geometry": { "type": "LineString", "coordinates": [ [ 80.283668016370186, 13.094503422673464 ], [ 80.283664412667122, 13.094503964230016 ] ] } },
{ "type": "Feature", "properties": { "edge_id": 23704, "from_node": 27618, "to_node": 27619, "length_m": 0.19714218127635491 }, "geometry": { "type": "LineString", "coordinates": [ [ 80.28290745575147, 13.094656282585243 ], [ 80.282905674399345, 13.094656641122588 ] ] } },
{ "type": "Feature", "properties": { "edge_id": 23712, "from_node": 27588, "to_node": 23683, "length_m": 0.089704460178016268 }, "geometry": { "type": "LineString", "coordinates": [ [ 80.280491604269727, 13.095091895609141 ], [ 80.280490781206865, 13.095091979212626 ] ] } },
{ "type": "Feature", "properties": { "edge_id": 23721, "from_node": 27633, "to_node": 27396, "length_m": 0.44030035311384708 }, "geometry": { "type": "LineString", "coordinates": [ [ 80.278489839814924, 13.107392799419742 ], [ 80.278485778801254, 13.107392873046587 ] ] } },
{ "type": "Feature", "properties": { "edge_id": 23951, "from_node": 27871, "to_node": 27872, "length_m": 0.16081439773711878 }, "geometry": { "type": "LineString", "coordinates": [ [ 80.265116518777006, 13.103474343839352 ], [ 80.26511645694093, 13.103473110337987 ], [ 80.265116446520523, 13.103472891492544 ] ] } },
{ "type": "Feature", "properties": { "edge_id": 23999, "from_node": 27918, "to_node": 27919, "length_m": 0.39574830484609264 }, "geometry": { "type": "LineString", "coordinates": [ [ 80.264395614096969, 13.10801557407277 ], [ 80.264395756608053, 13.108019149673815 ] ] } },
{ "type": "Feature", "properties": { "edge_id": 24003, "from_node": 24041, "to_node": 27921, "length_m": 0.40532610395679763 }, "geometry": { "type": "LineString", "coordinates": [ [ 80.264368335792184, 13.108393564416254 ], [ 80.264368282470471, 13.10839722897372 ] ] } },
{ "type": "Feature", "properties": { "edge_id": 24042, "from_node": 27967, "to_node": 27968, "length_m": 0.20177497354900262 }, "geometry": { "type": "LineString", "coordinates": [ [ 80.267056933852629, 13.097054520820908 ], [ 80.267056877724755, 13.097056344428943 ] ] } },
{ "type": "Feature", "properties": { "edge_id": 24056, "from_node": 27987, "to_node": 27988, "length_m": 0.4393792888382374 }, "geometry": { "type": "LineString", "coordinates": [ [ 80.265190000753748, 13.097563207509635 ], [ 80.265189224542738, 13.097559308206199 ] ] } },
{ "type": "Feature", "properties": { "edge_id": 24067, "from_node": 27980, "to_node": 27990, "length_m": 0.3435564724907591 }, "geometry": { "type": "LineString", "coordinates": [ [ 80.265347243934102, 13.098647768573462 ], [ 80.265344120784533, 13.098648295866361 ] ] } },
{ "type": "Feature", "properties": { "edge_id": 24069, "from_node": 27999, "to_node": 28000, "length_m": 0.14881495241592943 }, "geometry": { "type": "LineString", "coordinates": [ [ 80.265081453316341, 13.098692901168784 ], [ 80.265080099416323, 13.098693123360174 ] ] } },
{ "type": "Feature", "properties": { "edge_id": 24312, "from_node": 28264, "to_node": 28265, "length_m": 0.37747023815662267 }, "geometry": { "type": "LineString", "coordinates": [ [ 80.198740290862659, 13.099418026291653 ], [ 80.198736818870628, 13.099418284047196 ] ] } },
{ "type": "Feature", "properties": { "edge_id": 24314, "from_node": 28266, "to_node": 28259, "length_m": 0.34666137299656286 }, "geometry": { "type": "LineString", "coordinates": [ [ 80.198520698241396, 13.099434315481794 ], [ 80.198518359283213, 13.099434489049692 ], [ 80.19851751040008, 13.099434561458862 ] ] } },
{ "type": "Feature", "properties": { "edge_id": 24368, "from_node": 8112, "to_node": 8113, "length_m": 0.43977227141063785 }, "geometry": { "type": "LineString", "coordinates": [ [ 80.19610382812958, 13.071133172432379 ], [ 80.196107839444934, 13.071132582723232 ] ] } },
{ "type": "Feature", "properties": { "edge_id": 24370, "from_node": 8050, "to_node": 8023, "length_m": 0.3960166171089709 }, "geometry": { "type": "LineString", "coordinates": [ [ 80.196871326988997, 13.071001553978189 ], [ 80.196874922459344, 13.071000923180261 ] ] } },
{ "type": "Feature", "properties": { "edge_id": 24492, "from_node": 28457, "to_node": 28455, "length_m": 0.22579636918526541 }, "geometry": { "type": "LineString", "coordinates": [ [ 80.201608971241754, 13.062301483067799 ], [ 80.201611047780219, 13.062301637766321 ] ] } },
{ "type": "Feature", "properties": { "edge_id": 24504, "from_node": 8220, "to_node": 28469, "length_m": 0.45785469330724798 }, "geometry": { "type": "LineString", "coordinates": [ [ 80.186852190131404, 13.050826158994248 ], [ 80.186856407908905, 13.050826356701219 ] ] } },
{ "type": "Feature", "properties": { "edge_id": 24590, "from_node": 28554, "to_node": 24822, "length_m": 0.11661029074907225 }, "geometry": { "type": "LineString", "coordinates": [ [ 80.233834364831353, 13.069686853061176 ], [ 80.233833385803422, 13.069687289596926 ] ] } },
{ "type": "Feature", "properties": { "edge_id": 24711, "from_node": 7722, "to_node": 7721, "length_m": 0.4437314505434603 }, "geometry": { "type": "LineString", "coordinates": [ [ 80.213670394437003, 13.064846616881544 ], [ 80.213674485495289, 13.064846726977358 ] ] } },
{ "type": "Feature", "properties": { "edge_id": 24761, "from_node": 7723, "to_node": 7724, "length_m": 0.32656469463759902 }, "geometry": { "type": "LineString", "coordinates": [ [ 80.213669665373814, 13.065078439986406 ], [ 80.213666654214734, 13.065078372055174 ] ] } },
{ "type": "Feature", "properties": { "edge_id": 25026, "from_node": 29003, "to_node": 29002, "length_m": 0.45370688770206502 }, "geometry": { "type": "LineString", "coordinates": [ [ 80.279647066363026, 13.056015599383375 ], [ 80.279647055190935, 13.056011496982453 ] ] } },
{ "type": "Feature", "properties": { "edge_id": 25030, "from_node": 29008, "to_node": 29007, "length_m": 0.29256952995225355 }, "geometry": { "type": "LineString", "coordinates": [ [ 80.279648283390557, 13.056567738155408 ], [ 80.279650978716873, 13.05656761274324 ] ] } },
{ "type": "Feature", "properties": { "edge_id": 25045, "from_node": 29022, "to_node": 29023, "length_m": 0.34226504348380038 }, "geometry": { "type": "LineString", "coordinates": [ [ 80.278209396828771, 13.047410056964967 ], [ 80.278212542503539, 13.047409799900677 ] ] } },
{ "type": "Feature", "properties": { "edge_id": 25053, "from_node": 26546, "to_node": 24453, "length_m": 0.32706404587263777 }, "geometry": { "type": "LineString", "coordinates": [ [ 80.274533803173412, 13.047165312805868 ], [ 80.27453397163913, 13.047168265500362 ] ] } },
{ "type": "Feature", "properties": { "edge_id": 25094, "from_node": 25342, "to_node": 25339, "length_m": 0.17283749531496623 }, "geometry": { "type": "LineString", "coordinates": [ [ 80.264480268558458, 13.050862602776496 ], [ 80.264481862335685, 13.050862574755081 ] ] } },
{ "type": "Feature", "properties": { "edge_id": 25126, "from_node": 29085, "to_node": 29086, "length_m": 0.2792659309655327 }, "geometry": { "type": "LineString", "coordinates": [ [ 80.253380630908353, 13.055880911938843 ], [ 80.253383142477077, 13.055881471652746 ] ] } },
{ "type": "Feature", "properties": { "edge_id": 25158, "from_node": 29126, "to_node": 29127, "length_m": 0.42012099362202282 }, "geometry": { "type": "LineString", "coordinates": [ [ 80.25492014936583, 13.094212991791018 ], [ 80.254923983188533, 13.094213546284994 ] ] } },
{ "type": "Feature", "properties": { "edge_id": 25160, "from_node": 29128, "to_node": 29129, "length_m": 0.23833482804849138 }, "geometry": { "type": "LineString", "coordinates": [ [ 80.255097718601377, 13.094248199462044 ], [ 80.255099831963307, 13.094248793291502 ] ] } },
{ "type": "Feature", "properties": { "edge_id": 25661, "from_node": 26173, "to_node": 29681, "length_m": 0.1284562588798531 }, "geometry": { "type": "LineString", "coordinates": [ [ 80.201883923184894, 13.061224724147046 ], [ 80.201885079868248, 13.061224975464562 ] ] } },
{ "type": "Feature", "properties": { "edge_id": 26054, "from_node": 30091, "to_node": 30092, "length_m": 0.42739267635644174 }, "geometry": { "type": "LineString", "coordinates": [ [ 80.255469012452878, 13.092932021967613 ], [ 80.255465208628181, 13.092931006429124 ] ] } },
{ "type": "Feature", "properties": { "edge_id": 26064, "from_node": 30102, "to_node": 30103, "length_m": 0.11629329397903455 }, "geometry": { "type": "LineString", "coordinates": [ [ 80.234084698004082, 13.030164536405415 ], [ 80.234084602548947, 13.030163489063742 ] ] } },
{ "type": "Feature", "properties": { "edge_id": 26227, "from_node": 30264, "to_node": 30261, "length_m": 0.31581046654509914 }, "geometry": { "type": "LineString", "coordinates": [ [ 80.243828473188472, 13.142211359405039 ], [ 80.243828352758939, 13.142208506329293 ] ] } },
{ "type": "Feature", "properties": { "edge_id": 26354, "from_node": 30417, "to_node": 30418, "length_m": 0.26189992400915146 }, "geometry": { "type": "LineString", "coordinates": [ [ 80.279897085750065, 13.130998056083229 ], [ 80.279899399716072, 13.130997374464071 ] ] } },
{ "type": "Feature", "properties": { "edge_id": 26367, "from_node": 30428, "to_node": 30429, "length_m": 0.19331562384160694 }, "geometry": { "type": "LineString", "coordinates": [ [ 80.297484927742659, 13.139493951244855 ], [ 80.297485261457894, 13.139495668329207 ] ] } },
{ "type": "Feature", "properties": { "edge_id": 26398, "from_node": 30457, "to_node": 30458, "length_m": 0.013031116788121713 }, "geometry": { "type": "LineString", "coordinates": [ [ 80.254413378982093, 13.130676558624257 ], [ 80.25441338693058, 13.130676676192435 ] ] } },
{ "type": "Feature", "properties": { "edge_id": 26534, "from_node": 30580, "to_node": 19863, "length_m": 0.369736405143619 }, "geometry": { "type": "LineString", "coordinates": [ [ 80.278783914829276, 13.134101167909099 ], [ 80.278784642445302, 13.134104434102406 ] ] } },
{ "type": "Feature", "properties": { "edge_id": 26545, "from_node": 30589, "to_node": 30590, "length_m": 0.30916146263856936 }, "geometry": { "type": "LineString", "coordinates": [ [ 80.27804500144768, 13.137175778040403 ], [ 80.278046455819677, 13.137178182766512 ] ] } },
{ "type": "Feature", "properties": { "edge_id": 26569, "from_node": 30614, "to_node": 30615, "length_m": 0.011343720551436469 }, "geometry": { "type": "LineString", "coordinates": [ [ 80.274034414792325, 13.117015134926973 ], [ 80.274034431100517, 13.117015236243109 ] ] } },
{ "type": "Feature", "properties": { "edge_id": 26765, "from_node": 30804, "to_node": 30805, "length_m": 2.7738694939679283e-05 }, "geometry": { "type": "LineString", "coordinates": [ [ 80.285566730578353, 13.114231258920588 ], [ 80.28556673033215, 13.11423125898895 ] ] } },
{ "type": "Feature", "properties": { "edge_id": 26893, "from_node": 23094, "to_node": 30927, "length_m": 3.9740960514690485e-05 }, "geometry": { "type": "LineString", "coordinates": [ [ 80.285570058099751, 13.119404013957226 ], [ 80.285570057746952, 13.119404014054986 ] ] } },
{ "type": "Feature", "properties": { "edge_id": 26991, "from_node": 31034, "to_node": 31035, "length_m": 0.41892092344878146 }, "geometry": { "type": "LineString", "coordinates": [ [ 80.281286818613395, 13.10184890905485 ], [ 80.281287367674864, 13.101852658495583 ] ] } },
{ "type": "Feature", "properties": { "edge_id": 27048, "from_node": 31086, "to_node": 31087, "length_m": 0.43430146314258944 }, "geometry": { "type": "LineString", "coordinates": [ [ 80.290639230119126, 13.098826337337414 ], [ 80.290635283744535, 13.098827013676711 ] ] } },
{ "type": "Feature", "properties": { "edge_id": 27201, "from_node": 31238, "to_node": 31239, "length_m": 0.39900913475068028 }, "geometry": { "type": "LineString", "coordinates": [ [ 80.267217492851699, 13.124465970828776 ], [ 80.267221173872144, 13.124465956893275 ] ] } },
{ "type": "Feature", "properties": { "edge_id": 27202, "from_node": 31239, "to_node": 31240, "length_m": 0.33800782487830644 }, "geometry": { "type": "LineString", "coordinates": [ [ 80.267221173872144, 13.124465956893275 ], [ 80.267224292130408, 13.124465944972652 ] ] } },
{ "type": "Feature", "properties": { "edge_id": 27205, "from_node": 31243, "to_node": 31244, "length_m": 0.22900707481868446 }, "geometry": { "type": "LineString", "coordinates": [ [ 80.267226064296594, 13.124931099287556 ], [ 80.267228176973163, 13.124931089025765 ] ] } },
{ "type": "Feature", "properties": { "edge_id": 27207, "from_node": 23820, "to_node": 23824, "length_m": 0.0062128894417213384 }, "geometry": { "type": "LineString", "coordinates": [ [ 80.267404313829303, 13.124930058630611 ], [ 80.267404371037813, 13.12493005517662 ] ] } },
{ "type": "Feature", "properties": { "edge_id": 27395, "from_node": 31409, "to_node": 31410, "length_m": 0.01325443285944021 }, "geometry": { "type": "LineString", "coordinates": [ [ 80.181066731635738, 13.061312609807601 ], [ 80.181066720961553, 13.061312490421519 ] ] } },
{ "type": "Feature", "properties": { "edge_id": 27407, "from_node": 31415, "to_node": 31418, "length_m": 0.19681130609149197 }, "geometry": { "type": "LineString", "coordinates": [ [ 80.265891390476028, 13.107823159656386 ], [ 80.265891252750791, 13.10782138522935 ] ] } },
{ "type": "Feature", "properties": { "edge_id": 27409, "from_node": 31420, "to_node": 31421, "length_m": 0.2034463564195568 }, "geometry": { "type": "LineString", "coordinates": [ [ 80.265884364300405, 13.107725623792316 ], [ 80.265884232289736, 13.107723788800341 ] ] } },
{ "type": "Feature", "properties": { "edge_id": 27412, "from_node": 24056, "to_node": 24059, "length_m": 0.29604393247096411 }, "geometry": { "type": "LineString", "coordinates": [ [ 80.265869316785526, 13.107530176698559 ], [ 80.265869084845875, 13.107527509560565 ] ] } },
{ "type": "Feature", "properties": { "edge_id": 27420, "from_node": 31427, "to_node": 24068, "length_m": 0.43029047323825809 }, "geometry": { "type": "LineString", "coordinates": [ [ 80.266149191595815, 13.108114328265067 ], [ 80.266148895905246, 13.108110448417353 ] ] } },
{ "type": "Feature", "properties": { "edge_id": 27451, "from_node": 27959, "to_node": 27961, "length_m": 0.22796923045500869 }, "geometry": { "type": "LineString", "coordinates": [ [ 80.267425927925942, 13.096594622412017 ], [ 80.267428025123252, 13.096594773944 ] ] } },
{ "type": "Feature", "properties": { "edge_id": 27614, "from_node": 28144, "to_node": 28147, "length_m": 0.44969381788076129 }, "geometry": { "type": "LineString", "coordinates": [ [ 80.232752715174726, 13.100064139128676 ], [ 80.232748602162388, 13.100064667598122 ] ] } },
{ "type": "Feature", "properties": { "edge_id": 27625, "from_node": 31621, "to_node": 31622, "length_m": 2.8069768419956244e-05 }, "geometry": { "type": "LineString", "coordinates": [ [ 80.289136395467821, 13.122838594999886 ], [ 80.289136395520046, 13.122838595248478 ] ] } },
{ "type": "Feature", "properties": { "edge_id": 27667, "from_node": 31661, "to_node": 31662, "length_m": 0.060351138655903032 }, "geometry": { "type": "LineString", "coordinates": [ [ 80.206695578569807, 13.111309832550957 ], [ 80.206695670016387, 13.111310370822945 ] ] } },
{ "type": "Feature", "properties": { "edge_id": 27852, "from_node": 31859, "to_node": 28451, "length_m": 0.29542140974831477 }, "geometry": { "type": "LineString", "coordinates": [ [ 80.186932350254935, 13.052457437222634 ], [ 80.186932040748601, 13.052454783369194 ] ] } },
{ "type": "Feature", "properties": { "edge_id": 27855, "from_node": 9484, "to_node": 31856, "length_m": 0.42701749364823882 }, "geometry": { "type": "LineString", "coordinates": [ [ 80.186180310424973, 13.051282332542264 ], [ 80.18618422402136, 13.051282763488041 ] ] } },
{ "type": "Feature", "properties": { "edge_id": 27859, "from_node": 31862, "to_node": 31863, "length_m": 0.30843645981576945 }, "geometry": { "type": "LineString", "coordinates": [ [ 80.186664596869576, 13.051364790594384 ], [ 80.186667357775107, 13.051365462040167 ] ] } },
{ "type": "Feature", "properties": { "edge_id": 27861, "from_node": 31858, "to_node": 31860, "length_m": 0.39676975695327465 }, "geometry": { "type": "LineString", "coordinates": [ [ 80.186900597918665, 13.051401093875411 ], [ 80.186904230216541, 13.051401528447528 ] ] } },
{ "type": "Feature", "properties": { "edge_id": 28480, "from_node": 32466, "to_node": 32467, "length_m": 0.40688466442328791 }, "geometry": { "type": "LineString", "coordinates": [ [ 80.256511626168333, 13.0767738076723 ], [ 80.256508655486869, 13.076771559424497 ] ] } },
{ "type": "Feature", "properties": { "edge_id": 28496, "from_node": 32480, "to_node": 32481, "length_m": 0.37947331803185747 }, "geometry": { "type": "LineString", "coordinates": [ [ 80.262446006874342, 13.071450068831195 ], [ 80.262442508955175, 13.071450189051946 ] ] } },
{ "type": "Feature", "properties": { "edge_id": 28534, "from_node": 32523, "to_node": 32524, "length_m": 0.10249882883887465 }, "geometry": { "type": "LineString", "coordinates": [ [ 80.185748731115282, 13.029598327909543 ], [ 80.185748769587306, 13.029599253917937 ] ] } },
{ "type": "Feature", "properties": { "edge_id": 28546, "from_node": 18022, "to_node": 32539, "length_m": 0.0046043466746456298 }, "geometry": { "type": "LineString", "coordinates": [ [ 80.212165976271166, 13.047052873224919 ], [ 80.212165933853669, 13.047052871287439 ] ] } },
{ "type": "Feature", "properties": { "edge_id": 29020, "from_node": 29678, "to_node": 33022, "length_m": 0.40290011109396034 }, "geometry": { "type": "LineString", "coordinates": [ [ 80.200864658414062, 13.060957119407774 ], [ 80.20086466736042, 13.060953476462236 ] ] } },
{ "type": "Feature", "properties": { "edge_id": 29488, "from_node": 33470, "to_node": 33461, "length_m": 0.31298698017045523 }, "geometry": { "type": "LineString", "coordinates": [ [ 80.185344872019414, 12.987949340958853 ], [ 80.185344757682714, 12.987946513199041 ] ] } },
{ "type": "Feature", "properties": { "edge_id": 29544, "from_node": 30187, "to_node": 33521, "length_m": 0.14704506101078793 }, "geometry": { "type": "LineString", "coordinates": [ [ 80.265405550848172, 13.027966621287954 ], [ 80.265405185746005, 13.027965340806691 ] ] } },
{ "type": "Feature", "properties": { "edge_id": 29771, "from_node": 26910, "to_node": 33747, "length_m": 0.098857523386996327 }, "geometry": { "type": "LineString", "coordinates": [ [ 80.249487158300639, 13.139395382117232 ], [ 80.249488067287871, 13.139395308817909 ] ] } },
{ "type": "Feature", "properties": { "edge_id": 29943, "from_node": 33907, "to_node": 27101, "length_m": 0.32651447302921482 }, "geometry": { "type": "LineString", "coordinates": [ [ 80.280440063467182, 13.127313204733939 ], [ 80.280443034616724, 13.12731271844366 ] ] } },
{ "type": "Feature", "properties": { "edge_id": 29974, "from_node": 33934, "to_node": 33935, "length_m": 0.43616576026201298 }, "geometry": { "type": "LineString", "coordinates": [ [ 80.278974738948662, 13.135544360968463 ], [ 80.278973588430219, 13.135540581814505 ] ] } },
{ "type": "Feature", "properties": { "edge_id": 30109, "from_node": 34054, "to_node": 34055, "length_m": 0.3983344942966589 }, "geometry": { "type": "LineString", "coordinates": [ [ 80.207419818943862, 12.979788512600246 ], [ 80.207420513992631, 12.97979204921557 ] ] } },
{ "type": "Feature", "properties": { "edge_id": 30133, "from_node": 34078, "to_node": 34079, "length_m": 0.014698639772176851 }, "geometry": { "type": "LineString", "coordinates": [ [ 80.292797357415807, 13.109763056842771 ], [ 80.292797388411287, 13.109763186228687 ] ] } },
{ "type": "Feature", "properties": { "edge_id": 30252, "from_node": 34186, "to_node": 34187, "length_m": 0.45807480791804372 }, "geometry": { "type": "LineString", "coordinates": [ [ 80.293387195037695, 13.123408340443589 ], [ 80.293386356043086, 13.123404280991117 ] ] } },
{ "type": "Feature", "properties": { "edge_id": 30624, "from_node": 27705, "to_node": 31203, "length_m": 0.38471592169194513 }, "geometry": { "type": "LineString", "coordinates": [ [ 80.261740827414357, 13.125964275371624 ], [ 80.261740805510613, 13.125960796870194 ] ] } },
{ "type": "Feature", "properties": { "edge_id": 30678, "from_node": 23819, "to_node": 34487, "length_m": 0.45090434712943883 }, "geometry": { "type": "LineString", "coordinates": [ [ 80.267388767921972, 13.12446294006968 ], [ 80.267392927007492, 13.12446286419846 ] ] } },
{ "type": "Feature", "properties": { "edge_id": 30683, "from_node": 31249, "to_node": 34493, "length_m": 0.33311060178225077 }, "geometry": { "type": "LineString", "coordinates": [ [ 80.247446669330415, 13.11289416600672 ], [ 80.247443635540918, 13.112894645297349 ] ] } },
{ "type": "Feature", "properties": { "edge_id": 30728, "from_node": 34522, "to_node": 34523, "length_m": 0.10413136334509047 }, "geometry": { "type": "LineString", "coordinates": [ [ 80.252359220986264, 13.114700308838488 ], [ 80.25235935296908, 13.114701241454977 ] ] } },
{ "type": "Feature", "properties": { "edge_id": 30743, "from_node": 34525, "to_node": 20058, "length_m": 0.47596832805009887 }, "geometry": { "type": "LineString", "coordinates": [ [ 80.25791901407699, 13.118635792233988 ], [ 80.257914727066833, 13.11863672295673 ] ] } },
{ "type": "Feature", "properties": { "edge_id": 30870, "from_node": 34611, "to_node": 23766, "length_m": 0.42249795232486548 }, "geometry": { "type": "LineString", "coordinates": [ [ 80.264895261545249, 13.103105178553919 ], [ 80.264898878167088, 13.103103754808581 ] ] } },
{ "type": "Feature", "properties": { "edge_id": 31048, "from_node": 34755, "to_node": 34754, "length_m": 0.37973764561582368 }, "geometry": { "type": "LineString", "coordinates": [ [ 80.277465658659509, 13.084863574345782 ], [ 80.277462160394293, 13.084863747203492 ] ] } },
{ "type": "Feature", "properties": { "edge_id": 31296, "from_node": 34983, "to_node": 34984, "length_m": 0.47622385488341268 }, "geometry": { "type": "LineString", "coordinates": [ [ 80.20065641245418, 13.10222620234507 ], [ 80.200656291664373, 13.10222189804969 ] ] } },
{ "type": "Feature", "properties": { "edge_id": 32004, "from_node": 35577, "to_node": 35578, "length_m": 0.23525945262113823 }, "geometry": { "type": "LineString", "coordinates": [ [ 80.230524838050599, 13.063324204104552 ], [ 80.230524392562117, 13.063322122229359 ] ] } },
{ "type": "Feature", "properties": { "edge_id": 32094, "from_node": 35653, "to_node": 35654, "length_m": 0.49688431209477885 }, "geometry": { "type": "LineString", "coordinates": [ [ 80.215496217956712, 13.074280889563477 ], [ 80.215495273522052, 13.074276493236891 ] ] } },
{ "type": "Feature", "properties": { "edge_id": 32190, "from_node": 35743, "to_node": 35744, "length_m": 0.058077533555444538 }, "geometry": { "type": "LineString", "coordinates": [ [ 80.267421284141832, 13.082591330712059 ], [ 80.26742181920666, 13.082591305104179 ] ] } },
{ "type": "Feature", "properties": { "edge_id": 32224, "from_node": 35770, "to_node": 35771, "length_m": 0.31110475680452443 }, "geometry": { "type": "LineString", "coordinates": [ [ 80.271056029796085, 13.071304655390346 ], [ 80.271058857295699, 13.071304176002249 ] ] } },
{ "type": "Feature", "properties": { "edge_id": 32277, "from_node": 35813, "to_node": 35814, "length_m": 0.28377526361808253 }, "geometry": { "type": "LineString", "coordinates": [ [ 80.276994445510681, 13.059768504712896 ], [ 80.27699705262232, 13.059768278717099 ] ] } },
{ "type": "Feature", "properties": { "edge_id": 32449, "from_node": 33244, "to_node": 33240, "length_m": 0.41810918428801885 }, "geometry": { "type": "LineString", "coordinates": [ [ 80.24166400018008, 13.033616510403567 ], [ 80.241666872558994, 13.033619032480029 ] ] } },
{ "type": "Feature", "properties": { "edge_id": 32570, "from_node": 36075, "to_node": 36076, "length_m": 0.49679025684620071 }, "geometry": { "type": "LineString", "coordinates": [ [ 80.243890714130117, 13.054840436072661 ], [ 80.243890528674811, 13.054844924332569 ] ] } },
{ "type": "Feature", "properties": { "edge_id": 32698, "from_node": 36190, "to_node": 36187, "length_m": 0.46107479674736346 }, "geometry": { "type": "LineString", "coordinates": [ [ 80.210515073921357, 13.059629004889711 ], [ 80.210519215731651, 13.059629949753036 ] ] } },
{ "type": "Feature", "properties": { "edge_id": 32949, "from_node": 26562, "to_node": 30156, "length_m": 0.13478890827450091 }, "geometry": { "type": "LineString", "coordinates": [ [ 80.192146330751015, 13.040539241724259 ], [ 80.192146504824336, 13.040540448453505 ] ] } },
{ "type": "Feature", "properties": { "edge_id": 32956, "from_node": 26560, "to_node": 26566, "length_m": 0.2992242301744249 }, "geometry": { "type": "LineString", "coordinates": [ [ 80.192252922349667, 13.04133277547762 ], [ 80.192253130318804, 13.04133547331779 ] ] } },
{ "type": "Feature", "properties": { "edge_id": 32987, "from_node": 36475, "to_node": 32933, "length_m": 0.40765880274982103 }, "geometry": { "type": "LineString", "coordinates": [ [ 80.273787968071105, 13.036231300125289 ], [ 80.273788136509765, 13.036227617776712 ] ] } },
{ "type": "Feature", "properties": { "edge_id": 33101, "from_node": 36564, "to_node": 36565, "length_m": 0.37034325879814856 }, "geometry": { "type": "LineString", "coordinates": [ [ 80.201954248176889, 13.048688534045173 ], [ 80.201957662635792, 13.048688451441707 ] ] } },
{ "type": "Feature", "properties": { "edge_id": 33127, "from_node": 36589, "to_node": 36590, "length_m": 0.28757774497641697 }, "geometry": { "type": "LineString", "coordinates": [ [ 80.240797726349825, 12.980081004526435 ], [ 80.240800367678304, 12.980080777143952 ] ] } },
{ "type": "Feature", "properties": { "edge_id": 33131, "from_node": 36593, "to_node": 36594, "length_m": 0.33731262893731911 }, "geometry": { "type": "LineString", "coordinates": [ [ 80.241426461356625, 12.980048994743205 ], [ 80.241429564536503, 12.980048792210516 ] ] } },
{ "type": "Feature", "properties": { "edge_id": 33518, "from_node": 36929, "to_node": 36932, "length_m": 0.43752878843337212 }, "geometry": { "type": "LineString", "coordinates": [ [ 80.217416125837204, 13.022203295493505 ], [ 80.217416639151892, 13.022207219435547 ] ] } },
{ "type": "Feature", "properties": { "edge_id": 33775, "from_node": 37157, "to_node": 37158, "length_m": 0.3887237836357767 }, "geometry": { "type": "LineString", "coordinates": [ [ 80.23399329684878, 12.971736929849625 ], [ 80.233996880666027, 12.971736901517341 ] ] } },
{ "type": "Feature", "properties": { "edge_id": 33777, "from_node": 37159, "to_node": 37160, "length_m": 0.29632482279978128 }, "geometry": { "type": "LineString", "coordinates": [ [ 80.234233821904908, 12.971744394774172 ], [ 80.234236552543081, 12.971744480570058 ] ] } },
{ "type": "Feature", "properties": { "edge_id": 33796, "from_node": 16325, "to_node": 16383, "length_m": 0.33426260611298797 }, "geometry": { "type": "LineString", "coordinates": [ [ 80.236827321993317, 12.971584630912966 ], [ 80.236830382207188, 12.971584273685325 ] ] } },
{ "type": "Feature", "properties": { "edge_id": 33798, "from_node": 37176, "to_node": 16360, "length_m": 0.4736906161989517 }, "geometry": { "type": "LineString", "coordinates": [ [ 80.237075859739861, 12.971555594213154 ], [ 80.237080196425723, 12.971555087914449 ] ] } },
{ "type": "Feature", "properties": { "edge_id": 33800, "from_node": 37177, "to_node": 37178, "length_m": 0.47505137712916412 }, "geometry": { "type": "LineString", "coordinates": [ [ 80.237321821472875, 12.971531386295693 ], [ 80.237326183606811, 12.971531000326186 ] ] } },
{ "type": "Feature", "properties": { "edge_id": 33804, "from_node": 37181, "to_node": 37182, "length_m": 0.28829238508313276 }, "geometry": { "type": "LineString", "coordinates": [ [ 80.237801417483524, 12.971488584910833 ], [ 80.237804063394989, 12.97148833677082 ] ] } },
{ "type": "Feature", "properties": { "edge_id": 34165, "from_node": 37531, "to_node": 37537, "length_m": 0.49528295992642241 }, "geometry": { "type": "LineString", "coordinates": [ [ 80.212377134529362, 12.956368305939856 ], [ 80.212378998706072, 12.956372394026388 ] ] } },
{ "type": "Feature", "properties": { "edge_id": 34167, "from_node": 18174, "to_node": 37539, "length_m": 0.10936050378567137 }, "geometry": { "type": "LineString", "coordinates": [ [ 80.212436847884192, 12.956498618533262 ], [ 80.21243726545049, 12.956499518567661 ] ] } },
{ "type": "Feature", "properties": { "edge_id": 34211, "from_node": 37561, "to_node": 37565, "length_m": 0.43947688171939581 }, "geometry": { "type": "LineString", "coordinates": [ [ 80.210226851376632, 12.953110375522989 ], [ 80.210227809056605, 12.953114236634551 ] ] } },
{ "type": "Feature", "properties": { "edge_id": 34250, "from_node": 37584, "to_node": 37585, "length_m": 0.01464630484165202 }, "geometry": { "type": "LineString", "coordinates": [ [ 80.207871329665039, 12.955706008707052 ], [ 80.207871274379698, 12.955706129528345 ] ] } },
{ "type": "Feature", "properties": { "edge_id": 34256, "from_node": 37589, "to_node": 37590, "length_m": 0.36288462445292874 }, "geometry": { "type": "LineString", "coordinates": [ [ 80.209428933783869, 12.951658708212065 ], [ 80.209432026095897, 12.951657456237189 ] ] } },
{ "type": "Feature", "properties": { "edge_id": 34260, "from_node": 37586, "to_node": 37592, "length_m": 0.27553656872806709 }, "geometry": { "type": "LineString", "coordinates": [ [ 80.209884888518346, 12.951479778597905 ], [ 80.209887253290887, 12.951478868910909 ] ] } },
{ "type": "Feature", "properties": { "edge_id": 34272, "from_node": 18316, "to_node": 18309, "length_m": 0.20430296229316 }, "geometry": { "type": "LineString", "coordinates": [ [ 80.210441087161641, 12.951397444337516 ], [ 80.210441702101008, 12.951399190397018 ] ] } },
{ "type": "Feature", "properties": { "edge_id": 34671, "from_node": 37980, "to_node": 37977, "length_m": 0.36668625603378696 }, "geometry": { "type": "LineString", "coordinates": [ [ 80.232325435279819, 12.952513882512841 ], [ 80.232322062715426, 12.952513655569984 ] ] } },
{ "type": "Feature", "properties": { "edge_id": 34758, "from_node": 17221, "to_node": 17223, "length_m": 0.32679297777135319 }, "geometry": { "type": "LineString", "coordinates": [ [ 80.256160752778385, 12.920052684968811 ], [ 80.256160154809322, 12.920049788895689 ] ] } },
{ "type": "Feature", "properties": { "edge_id": 35231, "from_node": 33714, "to_node": 33715, "length_m": 0.34433521372675391 }, "geometry": { "type": "LineString", "coordinates": [ [ 80.267202176551891, 13.127968645469315 ], [ 80.2671990975293, 13.127969411598615 ] ] } },
{ "type": "Feature", "properties": { "edge_id": 35236, "from_node": 15437, "to_node": 15438, "length_m": 0.35910803325927859 }, "geometry": { "type": "LineString", "coordinates": [ [ 80.233946488772176, 12.88934311839278 ], [ 80.23394557012854, 12.889339998906397 ] ] } },
{ "type": "Feature", "properties": { "edge_id": 35449, "from_node": 38647, "to_node": 38648, "length_m": 0.026058395780466963 }, "geometry": { "type": "LineString", "coordinates": [ [ 80.278936275593651, 13.139392266998989 ], [ 80.278936046577314, 13.139392338692641 ] ] } },
{ "type": "Feature", "properties": { "edge_id": 35451, "from_node": 26943, "to_node": 26944, "length_m": 0.43561020242466875 }, "geometry": { "type": "LineString", "coordinates": [ [ 80.278737362676026, 13.139454281453878 ], [ 80.278733553247619, 13.139455536645846 ] ] } },
{ "type": "Feature", "properties": { "edge_id": 35506, "from_node": 33880, "to_node": 38691, "length_m": 0.41996386853388407 }, "geometry": { "type": "LineString", "coordinates": [ [ 80.253885735505818, 13.129452350935324 ], [ 80.253886241703071, 13.129456115655959 ] ] } },
{ "type": "Feature", "properties": { "edge_id": 35576, "from_node": 19879, "to_node": 38729, "length_m": 4.9665684231502044e-05 }, "geometry": { "type": "LineString", "coordinates": [ [ 80.278669320102296, 13.128402892267484 ], [ 80.278669319661716, 13.128402892144114 ] ] } },
{ "type": "Feature", "properties": { "edge_id": 35811, "from_node": 38898, "to_node": 38899, "length_m": 0.2734531233848394 }, "geometry": { "type": "LineString", "coordinates": [ [ 80.275079886958437, 13.124522299925417 ], [ 80.275077444986849, 13.124522920562182 ] ] } },
{ "type": "Feature", "properties": { "edge_id": 35815, "from_node": 38899, "to_node": 38901, "length_m": 0.22715056587070687 }, "geometry": { "type": "LineString", "coordinates": [ [ 80.275077444986849, 13.124522920562182 ], [ 80.27507541662564, 13.124523436572506 ] ] } },
{ "type": "Feature", "properties": { "edge_id": 35821, "from_node": 34138, "to_node": 34141, "length_m": 0.3204556920653408 }, "geometry": { "type": "LineString", "coordinates": [ [ 80.273221196810823, 13.126436774929832 ], [ 80.273223642343567, 13.126438403060362 ] ] } },
{ "type": "Feature", "properties": { "edge_id": 36019, "from_node": 39064, "to_node": 39062, "length_m": 0.37368988343390197 }, "geometry": { "type": "LineString", "coordinates": [ [ 80.286386574733456, 13.101539462382203 ], [ 80.286386287397221, 13.101536095245764 ] ] } },
{ "type": "Feature", "properties": { "edge_id": 36061, "from_node": 39106, "to_node": 39107, "length_m": 0.0093048375782346145 }, "geometry": { "type": "LineString", "coordinates": [ [ 80.19050115118371, 13.09441732432991 ], [ 80.190501236977127, 13.094417321886569 ] ] } },
{ "type": "Feature", "properties": { "edge_id": 36063, "from_node": 39109, "to_node": 39110, "length_m": 0.34889059992252985 }, "geometry": { "type": "LineString", "coordinates": [ [ 80.191637377508286, 13.092780395572255 ], [ 80.191637930023617, 13.092777287814831 ] ] } },
{ "type": "Feature", "properties": { "edge_id": 36073, "from_node": 39119, "to_node": 39120, "length_m": 0.21656576429460578 }, "geometry": { "type": "LineString", "coordinates": [ [ 80.292651423769712, 13.09818674163631 ], [ 80.292652011568123, 13.098188613139323 ] ] } },
{ "type": "Feature", "properties": { "edge_id": 36266, "from_node": 39322, "to_node": 39323, "length_m": 0.013354025416823637 }, "geometry": { "type": "LineString", "coordinates": [ [ 80.251187700032659, 13.175680646350557 ], [ 80.251187689325491, 13.175680526062067 ] ] } },
{ "type": "Feature", "properties": { "edge_id": 36591, "from_node": 39645, "to_node": 39644, "length_m": 0.13687402992253828 }, "geometry": { "type": "LineString", "coordinates": [ [ 80.183409595271158, 13.114915544366898 ], [ 80.183410786710411, 13.114915954120779 ] ] } },
{ "type": "Feature", "properties": { "edge_id": 36844, "from_node": 6766, "to_node": 6765, "length_m": 0.41509663944331338 }, "geometry": { "type": "LineString", "coordinates": [ [ 80.171947912538769, 13.083472369360756 ], [ 80.17194903966741, 13.083468782474803 ] ] } },
{ "type": "Feature", "properties": { "edge_id": 36990, "from_node": 39998, "to_node": 39999, "length_m": 0.05464796507730716 }, "geometry": { "type": "LineString", "coordinates": [ [ 80.156325275869875, 13.135719086117899 ], [ 80.156325226217135, 13.135719577825551 ] ] } },
{ "type": "Feature", "properties": { "edge_id": 37178, "from_node": 40169, "to_node": 40170, "length_m": 0.033416761957810945 }, "geometry": { "type": "LineString", "coordinates": [ [ 80.324945708814596, 13.223956597919647 ], [ 80.324945674569221, 13.223956297635013 ] ] } },
{ "type": "Feature", "properties": { "edge_id": 37180, "from_node": 40171, "to_node": 40172, "length_m": 0.38684142701107077 }, "geometry": { "type": "LineString", "coordinates": [ [ 80.324913280135888, 13.22365686782868 ], [ 80.324912941770123, 13.223653385767323 ] ] } },
{ "type": "Feature", "properties": { "edge_id": 37184, "from_node": 40175, "to_node": 40176, "length_m": 0.38512174694585782 }, "geometry": { "type": "LineString", "coordinates": [ [ 80.32484752440547, 13.223048548618193 ], [ 80.324847127837117, 13.223045088103749 ] ] } },
{ "type": "Feature", "properties": { "edge_id": 37186, "from_node": 40177, "to_node": 40178, "length_m": 0.32841954844178023 }, "geometry": { "type": "LineString", "coordinates": [ [ 80.324801734164012, 13.222747656585163 ], [ 80.324801214297935, 13.22274473103109 ] ] } },
{ "type": "Feature", "properties": { "edge_id": 37188, "from_node": 40179, "to_node": 40180, "length_m": 0.38223160415605595 }, "geometry": { "type": "LineString", "coordinates": [ [ 80.324741405134205, 13.222453468759106 ], [ 80.324740652086192, 13.222450092297695 ] ] } },
{ "type": "Feature", "properties": { "edge_id": 37193, "from_node": 40184, "to_node": 40185, "length_m": 0.18200066025555428 }, "geometry": { "type": "LineString", "coordinates": [ [ 80.324532817098145, 13.221545343800191 ], [ 80.324532480053108, 13.221543731626229 ] ] } },
{ "type": "Feature", "properties": { "edge_id": 37195, "from_node": 40186, "to_node": 40187, "length_m": 0.46262966795049149 }, "geometry": { "type": "LineString", "coordinates": [ [ 80.324473777634239, 13.221262667970196 ], [ 80.324472922289203, 13.221258569686526 ] ] } },
{ "type": "Feature", "properties": { "edge_id": 37198, "from_node": 40189, "to_node": 40190, "length_m": 0.055274225229728038 }, "geometry": { "type": "LineString", "coordinates": [ [ 80.324359196931027, 13.220680557132159 ], [ 80.324359089371171, 13.220680068580194 ] ] } },
{ "type": "Feature", "properties": { "edge_id": 37219, "from_node": 34468, "to_node": 34467, "length_m": 0.2617139263046443 }, "geometry": { "type": "LineString", "coordinates": [ [ 80.260392104812766, 13.125689398376496 ], [ 80.260392086981682, 13.125687032047258 ] ] } },
{ "type": "Feature", "properties": { "edge_id": 37221, "from_node": 40211, "to_node": 40212, "length_m": 0.22551172795773278 }, "geometry": { "type": "LineString", "coordinates": [ [ 80.260390075195289, 13.125412728799494 ], [ 80.260390060075267, 13.125410689796555 ] ] } },
{ "type": "Feature", "properties": { "edge_id": 37225, "from_node": 23780, "to_node": 23777, "length_m": 0.36611869728484625 }, "geometry": { "type": "LineString", "coordinates": [ [ 80.260386043995737, 13.124863266897075 ], [ 80.260386019762223, 13.124859956569763 ] ] } },
{ "type": "Feature", "properties": { "edge_id": 37307, "from_node": 40272, "to_node": 315, "length_m": 0.43377377907483494 }, "geometry": { "type": "LineString", "coordinates": [ [ 80.306377424431545, 13.160017414522445 ], [ 80.306381382566769, 13.160016832962246 ] ] } },
{ "type": "Feature", "properties": { "edge_id": 37454, "from_node": 40395, "to_node": 40396, "length_m": 0.24462504085642631 }, "geometry": { "type": "LineString", "coordinates": [ [ 80.263055619816981, 13.166983671540351 ], [ 80.263057876839255, 13.166983646374014 ] ] } },
{ "type": "Feature", "properties": { "edge_id": 37611, "from_node": 40536, "to_node": 40537, "length_m": 0.34293439671598103 }, "geometry": { "type": "LineString", "coordinates": [ [ 80.263536917584346, 13.167380899479012 ], [ 80.263536838266816, 13.167377799679231 ] ] } },
{ "type": "Feature", "properties": { "edge_id": 37615, "from_node": 40542, "to_node": 40543, "length_m": 0.40869676851196385 }, "geometry": { "type": "LineString", "coordinates": [ [ 80.300193302278061, 13.146013190173049 ], [ 80.300193269045423, 13.146013196411966 ], [ 80.300189594141287, 13.146013860940725 ] ] } },
{ "type": "Feature", "properties": { "edge_id": 37826, "from_node": 40751, "to_node": 40749, "length_m": 0.094661081139315276 }, "geometry": { "type": "LineString", "coordinates": [ [ 80.19159722673848, 13.098672777980504 ], [ 80.191597366037769, 13.098673622924542 ] ] } },
{ "type": "Feature", "properties": { "edge_id": 38071, "from_node": 40968, "to_node": 1253, "length_m": 0.40973641421066426 }, "geometry": { "type": "LineString", "coordinates": [ [ 80.261271313422114, 13.172580768462481 ], [ 80.261267722373333, 13.17258192724271 ] ] } },
{ "type": "Feature", "properties": { "edge_id": 38139, "from_node": 41016, "to_node": 41017, "length_m": 0.29979074275328166 }, "geometry": { "type": "LineString", "coordinates": [ [ 80.252498977584963, 13.109911630046025 ], [ 80.252498863993011, 13.109908921653977 ] ] } },
{ "type": "Feature", "properties": { "edge_id": 38589, "from_node": 21142, "to_node": 41399, "length_m": 0.49145564043658524 }, "geometry": { "type": "LineString", "coordinates": [ [ 80.19067750560869, 13.118563519876332 ], [ 80.190677990184696, 13.118560057478058 ], [ 80.190678135320525, 13.118559119393293 ] ] } },
{ "type": "Feature", "properties": { "edge_id": 38764, "from_node": 4310, "to_node": 4307, "length_m": 0.40742827599937093 }, "geometry": { "type": "LineString", "coordinates": [ [ 80.267667917029868, 13.097279909656699 ], [ 80.267671674931066, 13.097279963727729 ] ] } },
{ "type": "Feature", "properties": { "edge_id": 38775, "from_node": 6718, "to_node": 41536, "length_m": 0.48865452905844514 }, "geometry": { "type": "LineString", "coordinates": [ [ 80.165524419269758, 13.083055124741605 ], [ 80.165528733535908, 13.083056403632122 ] ] } },
{ "type": "Feature", "properties": { "edge_id": 38883, "from_node": 41617, "to_node": 41618, "length_m": 0.17925540430059103 }, "geometry": { "type": "LineString", "coordinates": [ [ 80.264953425248322, 13.097790294482415 ], [ 80.264953757233485, 13.097791882295388 ] ] } },
{ "type": "Feature", "properties": { "edge_id": 38885, "from_node": 41619, "to_node": 41620, "length_m": 0.43881874393529813 }, "geometry": { "type": "LineString", "coordinates": [ [ 80.264990043021228, 13.097969389279834 ], [ 80.264990617128902, 13.097973316942044 ] ] } },
{ "type": "Feature", "properties": { "edge_id": 38979, "from_node": 40921, "to_node": 4818, "length_m": 0.35093044860847122 }, "geometry": { "type": "LineString", "coordinates": [ [ 80.161983647239879, 13.116348382318678 ], [ 80.161982538343182, 13.116345401258691 ] ] } },
{ "type": "Feature", "properties": { "edge_id": 39011, "from_node": 34561, "to_node": 34562, "length_m": 0.47400151845067517 }, "geometry": { "type": "LineString", "coordinates": [ [ 80.27666833026926, 13.098236750147827 ], [ 80.276668328828578, 13.098241036050542 ] ] } },
{ "type": "Feature", "properties": { "edge_id": 39014, "from_node": 34703, "to_node": 34704, "length_m": 0.32865217250359141 }, "geometry": { "type": "LineString", "coordinates": [ [ 80.27667838453749, 13.098707798586409 ], [ 80.27667846811228, 13.098710769116851 ] ] } },
{ "type": "Feature", "properties": { "edge_id": 39032, "from_node": 41740, "to_node": 41741, "length_m": 0.040582385375842238 }, "geometry": { "type": "LineString", "coordinates": [ [ 80.31615227856345, 13.199711356038183 ], [ 80.316152631430924, 13.199711233105168 ] ] } },
{ "type": "Feature", "properties": { "edge_id": 39038, "from_node": 41747, "to_node": 41748, "length_m": 0.27807684298333774 }, "geometry": { "type": "LineString", "coordinates": [ [ 80.309823702950496, 13.184743192807266 ], [ 80.30982618883445, 13.184742569273016 ] ] } },
{ "type": "Feature", "properties": { "edge_id": 39047, "from_node": 41756, "to_node": 41757, "length_m": 0.25621116205929145 }, "geometry": { "type": "LineString", "coordinates": [ [ 80.277047941904669, 13.095920390875357 ], [ 80.277048031086636, 13.095922705877209 ] ] } },
{ "type": "Feature", "properties": { "edge_id": 39202, "from_node": 41873, "to_node": 41874, "length_m": 0.096540613227969072 }, "geometry": { "type": "LineString", "coordinates": [ [ 80.153963572704484, 13.125306586206927 ], [ 80.153963543888594, 13.125307458640057 ] ] } },
{ "type": "Feature", "properties": { "edge_id": 39217, "from_node": 40061, "to_node": 41887, "length_m": 0.065946796902738025 }, "geometry": { "type": "LineString", "coordinates": [ [ 80.162989913656034, 13.135079632038785 ], [ 80.16298996825428, 13.135079038173364 ] ] } },
{ "type": "Feature", "properties": { "edge_id": 39275, "from_node": 41941, "to_node": 41942, "length_m": 0.25377677217389727 }, "geometry": { "type": "LineString", "coordinates": [ [ 80.15631087587154, 13.114658408651847 ], [ 80.156313090080815, 13.1146591537104 ] ] } },
{ "type": "Feature", "properties": { "edge_id": 39380, "from_node": 36961, "to_node": 36960, "length_m": 0.20228850661378864 }, "geometry": { "type": "LineString", "coordinates": [ [ 80.267061339455353, 13.089744107012399 ], [ 80.267063202443026, 13.089744209956834 ] ] } },
{ "type": "Feature", "properties": { "edge_id": 39560, "from_node": 42165, "to_node": 6288, "length_m": 0.38093957617724228 }, "geometry": { "type": "LineString", "coordinates": [ [ 80.183068049490359, 13.089879537880497 ], [ 80.183069598170249, 13.089882629661627 ] ] } },
{ "type": "Feature", "properties": { "edge_id": 40055, "from_node": 40418, "to_node": 42547, "length_m": 0.44323507314337213 }, "geometry": { "type": "LineString", "coordinates": [ [ 80.298838461139212, 13.168029035283896 ], [ 80.298839573116538, 13.16803289201729 ] ] } },
{ "type": "Feature", "properties": { "edge_id": 40298, "from_node": 42546, "to_node": 42705, "length_m": 0.290199278862872 }, "geometry": { "type": "LineString", "coordinates": [ [ 80.298760602384505, 13.167745161822882 ], [ 80.298763197981515, 13.167744516987291 ] ] } },
{ "type": "Feature", "properties": { "edge_id": 40464, "from_node": 4420, "to_node": 4418, "length_m": 0.24981939494151756 }, "geometry": { "type": "LineString", "coordinates": [ [ 80.155359621511366, 13.136078369497199 ], [ 80.155361906639598, 13.136078663623879 ] ] } },
{ "type": "Feature", "properties": { "edge_id": 40469, "from_node": 42845, "to_node": 42846, "length_m": 0.30232026024203951 }, "geometry": { "type": "LineString", "coordinates": [ [ 80.154130640458703, 13.129240974039808 ], [ 80.154133429393198, 13.129240951560641 ] ] } },
{ "type": "Feature", "properties": { "edge_id": 40471, "from_node": 42758, "to_node": 42759, "length_m": 0.15005415737249481 }, "geometry": { "type": "LineString", "coordinates": [ [ 80.154390722810845, 13.129238298877901 ], [ 80.154392105902645, 13.129238241938753 ] ] } },
{ "type": "Feature", "properties": { "edge_id": 40662, "from_node": 42993, "to_node": 18699, "length_m": 0.42871302825366348 }, "geometry": { "type": "LineString", "coordinates": [ [ 80.321963686931639, 13.207480333542497 ], [ 80.321959956792199, 13.207481297483968 ], [ 80.321959861664723, 13.207481323453761 ] ] } },
{ "type": "Feature", "properties": { "edge_id": 40686, "from_node": 43015, "to_node": 43013, "length_m": 0.0088323283031533553 }, "geometry": { "type": "LineString", "coordinates": [ [ 80.319468319400912, 13.204790778161993 ], [ 80.319468297465235, 13.204790701246687 ] ] } },
{ "type": "Feature", "properties": { "edge_id": 40888, "from_node": 43157, "to_node": 43158, "length_m": 0.092529995618093261 }, "geometry": { "type": "LineString", "coordinates": [ [ 80.291938800405802, 13.164942196778888 ], [ 80.291938905054764, 13.164943027121168 ] ] } },
{ "type": "Feature", "properties": { "edge_id": 40894, "from_node": 43163, "to_node": 43164, "length_m": 0.3595000000204891 }, "geometry": { "type": "LineString", "coordinates": [ [ 80.293940747794707, 13.169682896570013 ], [ 80.293940738480842, 13.169686147135746 ] ] } },
{ "type": "Feature", "properties": { "edge_id": 41014, "from_node": 43256, "to_node": 43257, "length_m": 0.33346875359907119 }, "geometry": { "type": "LineString", "coordinates": [ [ 80.259878360714637, 13.165352907027453 ], [ 80.259881429363872, 13.165352686210385 ] ] } },
{ "type": "Feature", "properties": { "edge_id": 41017, "from_node": 39746, "to_node": 39751, "length_m": 0.45805472439862016 }, "geometry": { "type": "LineString", "coordinates": [ [ 80.261218635343326, 13.165214681316526 ], [ 80.261222827828263, 13.165214157196514 ] ] } },
{ "type": "Feature", "properties": { "edge_id": 41022, "from_node": 41165, "to_node": 41163, "length_m": 0.35595876043575858 }, "geometry": { "type": "LineString", "coordinates": [ [ 80.262295854201895, 13.165080346574248 ], [ 80.262299112551446, 13.165079941817902 ] ] } },
{ "type": "Feature", "properties": { "edge_id": 41357, "from_node": 43401, "to_node": 43405, "length_m": 0.40727631919450397 }, "geometry": { "type": "LineString", "coordinates": [ [ 80.190339801702962, 13.095337073363245 ], [ 80.190343538766257, 13.095336696293588 ] ] } },
{ "type": "Feature", "properties": { "edge_id": 41659, "from_node": 41576, "to_node": 41575, "length_m": 0.43832449076289159 }, "geometry": { "type": "LineString", "coordinates": [ [ 80.152281748946351, 13.129836351775449 ], [ 80.152280950428022, 13.129832466624974 ] ] } },
{ "type": "Feature", "properties": { "edge_id": 41843, "from_node": 43811, "to_node": 6643, "length_m": 0.44839849355458777 }, "geometry": { "type": "LineString", "coordinates": [ [ 80.179123364926653, 13.076565283080829 ], [ 80.179127496470301, 13.076565467100831 ] ] } },
{ "type": "Feature", "properties": { "edge_id": 41905, "from_node": 42525, "to_node": 508, "length_m": 0.378298451231388 }, "geometry": { "type": "LineString", "coordinates": [ [ 80.295552838509593, 13.15159965680569 ], [ 80.295553811273635, 13.15160294183787 ] ] } },
{ "type": "Feature", "properties": { "edge_id": 42179, "from_node": 44076, "to_node": 40265, "length_m": 0.29910407788569998 }, "geometry": { "type": "LineString", "coordinates": [ [ 80.302257340808808, 13.168825311076453 ], [ 80.302254592245546, 13.168825555875211 ] ] } },
{ "type": "Feature", "properties": { "edge_id": 42322, "from_node": 41162, "to_node": 44195, "length_m": 0.32594639251127111 }, "geometry": { "type": "LineString", "coordinates": [ [ 80.259530631058425, 13.170101111170281 ], [ 80.259530167376141, 13.170098199239321 ] ] } },
{ "type": "Feature", "properties": { "edge_id": 42424, "from_node": 44271, "to_node": 44272, "length_m": 0.40988498311111771 }, "geometry": { "type": "LineString", "coordinates": [ [ 80.30477118732874, 13.166251464651511 ], [ 80.304772315057278, 13.166255002223783 ] ] } },
{ "type": "Feature", "properties": { "edge_id": 42501, "from_node": 44330, "to_node": 44331, "length_m": 0.17409796176838091 }, "geometry": { "type": "LineString", "coordinates": [ [ 80.159123106164046, 13.029557852207493 ], [ 80.159123177397404, 13.029559424810335 ] ] } },
{ "type": "Feature", "properties": { "edge_id": 42514, "from_node": 44347, "to_node": 44348, "length_m": 0.0093434470555435658 }, "geometry": { "type": "LineString", "coordinates": [ [ 80.148936477285943, 13.054508852268997 ], [ 80.148936391488206, 13.054508860124342 ] ] } },
{ "type": "Feature", "properties": { "edge_id": 42574, "from_node": 13559, "to_node": 44406, "length_m": 0.42502547003847824 }, "geometry": { "type": "LineString", "coordinates": [ [ 80.204437343630445, 12.919158673192793 ], [ 80.204441241224899, 12.919158283598399 ] ] } },
{ "type": "Feature", "properties": { "edge_id": 42607, "from_node": 38126, "to_node": 38129, "length_m": 0.4319097743090885 }, "geometry": { "type": "LineString", "coordinates": [ [ 80.228600685862418, 12.930432893891281 ], [ 80.228601244081176, 12.930432726455148 ], [ 80.228604492826761, 12.930431750475597 ] ] } },
{ "type": "Feature", "properties": { "edge_id": 42649, "from_node": 44475, "to_node": 44476, "length_m": 0.35412494866029465 }, "geometry": { "type": "LineString", "coordinates": [ [ 80.311352969440605, 13.184578814259893 ], [ 80.311356120354205, 13.184577965542893 ] ] } },
{ "type": "Feature", "properties": { "edge_id": 42798, "from_node": 42225, "to_node": 44487, "length_m": 0.45033116597019873 }, "geometry": { "type": "LineString", "coordinates": [ [ 80.189587267736741, 13.122015490246161 ], [ 80.189586961847482, 13.122011429508493 ] ] } },
{ "type": "Feature", "properties": { "edge_id": 43338, "from_node": 17743, "to_node": 17740, "length_m": 0.45960867043848119 }, "geometry": { "type": "LineString", "coordinates": [ [ 80.170871984862984, 13.126213918246103 ], [ 80.170873140311642, 13.126217916623663 ] ] } },
{ "type": "Feature", "properties": { "edge_id": 43649, "from_node": 6031, "to_node": 6026, "length_m": 0.35670427644667368 }, "geometry": { "type": "LineString", "coordinates": [ [ 80.183431781679985, 13.095785481054769 ], [ 80.183434971277023, 13.095784689141988 ] ] } },
{ "type": "Feature", "properties": { "edge_id": 43688, "from_node": 39861, "to_node": 21977, "length_m": 0.090558986196436528 }, "geometry": { "type": "LineString", "coordinates": [ [ 80.184513210142569, 13.081078034693567 ], [ 80.18451332072749, 13.081077223086218 ] ] } },
{ "type": "Feature", "properties": { "edge_id": 43698, "from_node": 43819, "to_node": 43818, "length_m": 0.4006663083397739 }, "geometry": { "type": "LineString", "coordinates": [ [ 80.171135278987435, 13.085006119653972 ], [ 80.171136411207982, 13.085002671128967 ] ] } },
{ "type": "Feature", "properties": { "edge_id": 43798, "from_node": 24524, "to_node": 45156, "length_m": 0.03658469630775963 }, "geometry": { "type": "LineString", "coordinates": [ [ 80.192369649510184, 13.062082252529365 ], [ 80.192369961657263, 13.06208212691825 ] ] } },
{ "type": "Feature", "properties": { "edge_id": 43886, "from_node": 45198, "to_node": 45196, "length_m": 0.0080324347080938489 }, "geometry": { "type": "LineString", "coordinates": [ [ 80.155651221290654, 13.090640110296603 ], [ 80.15565119754244, 13.090640041501468 ] ] } },
{ "type": "Feature", "properties": { "edge_id": 44042, "from_node": 41125, "to_node": 41123, "length_m": 0.43754328872285525 }, "geometry": { "type": "LineString", "coordinates": [ [ 80.165590648222164, 13.116253746431987 ], [ 80.165591094368935, 13.116257678334538 ] ] } },
{ "type": "Feature", "properties": { "edge_id": 44053, "from_node": 45263, "to_node": 45264, "length_m": 0.44117525841341443 }, "geometry": { "type": "LineString", "coordinates": [ [ 80.164842932485627, 13.133687101267398 ], [ 80.164844044123768, 13.133690938580726 ] ] } },
{ "type": "Feature", "properties": { "edge_id": 44229, "from_node": 45375, "to_node": 45376, "length_m": 0.0024711609813405895 }, "geometry": { "type": "LineString", "coordinates": [ [ 80.299768920825656, 13.143216870008089 ], [ 80.299768927176572, 13.14321689146788 ] ] } },
{ "type": "Feature", "properties": { "edge_id": 44288, "from_node": 40556, "to_node": 515, "length_m": 0.13298695418695086 }, "geometry": { "type": "LineString", "coordinates": [ [ 80.295476238075992, 13.154771698868858 ], [ 80.295477225137859, 13.154772413180662 ] ] } },
{ "type": "Feature", "properties": { "edge_id": 44400, "from_node": 42896, "to_node": 42898, "length_m": 0.38226404404479042 }, "geometry": { "type": "LineString", "coordinates": [ [ 80.309935833656368, 13.192461214876863 ], [ 80.309932338572224, 13.192461682880355 ] ] } },
{ "type": "Feature", "properties": { "edge_id": 44716, "from_node": 432, "to_node": 45628, "length_m": 0.14502844526200309 }, "geometry": { "type": "LineString", "coordinates": [ [ 80.298701782322084, 13.155325966077614 ], [ 80.298702172737478, 13.15532722036426 ] ] } },
{ "type": "Feature", "properties": { "edge_id": 44904, "from_node": 45743, "to_node": 45744, "length_m": 0.33425141686287502 }, "geometry": { "type": "LineString", "coordinates": [ [ 80.263071707574213, 13.167411898095013 ], [ 80.263071509905132, 13.167408882045486 ] ] } },
{ "type": "Feature", "properties": { "edge_id": 44956, "from_node": 45769, "to_node": 45770, "length_m": 0.37682087171833456 }, "geometry": { "type": "LineString", "coordinates": [ [ 80.164482595926344, 13.1234358008155 ], [ 80.164482465417919, 13.123439205519722 ] ] } },
{ "type": "Feature", "properties": { "edge_id": 45059, "from_node": 45074, "to_node": 21800, "length_m": 0.33007368805922344 }, "geometry": { "type": "LineString", "coordinates": [ [ 80.180003456256969, 13.09053918686234 ], [ 80.180003244724944, 13.090536209624002 ] ] } },
{ "type": "Feature", "properties": { "edge_id": 45383, "from_node": 20781, "to_node": 16197, "length_m": 0.18782824729863865 }, "geometry": { "type": "LineString", "coordinates": [ [ 80.155135054734146, 13.139906602483906 ], [ 80.15513672067884, 13.139906135074735 ] ] } },
{ "type": "Feature", "properties": { "edge_id": 45705, "from_node": 46143, "to_node": 46144, "length_m": 0.21634796027308584 }, "geometry": { "type": "LineString", "coordinates": [ [ 80.3195529262332, 13.196331092236925 ], [ 80.319554654633905, 13.196330113058451 ] ] } },
{ "type": "Feature", "properties": { "edge_id": 46105, "from_node": 45997, "to_node": 45998, "length_m": 0.10401586311982804 }, "geometry": { "type": "LineString", "coordinates": [ [ 80.152934052021351, 13.123746810027686 ], [ 80.152934123533569, 13.123747747891217 ] ] } },
{ "type": "Feature", "properties": { "edge_id": 46113, "from_node": 41886, "to_node": 41888, "length_m": 0.029910700417356554 }, "geometry": { "type": "LineString", "coordinates": [ [ 80.163036736610607, 13.134572293467862 ], [ 80.163037012430948, 13.134572301598656 ] ] } },
{ "type": "Feature", "properties": { "edge_id": 46125, "from_node": 43618, "to_node": 4595, "length_m": 0.23545243802363058 }, "geometry": { "type": "LineString", "coordinates": [ [ 80.161515983761021, 13.130806891822179 ], [ 80.161518125651909, 13.130807246004887 ] ] } },
{ "type": "Feature", "properties": { "edge_id": 46324, "from_node": 46453, "to_node": 46454, "length_m": 0.21683941214155419 }, "geometry": { "type": "LineString", "coordinates": [ [ 80.201064470187021, 12.923056795109099 ], [ 80.201062482537068, 12.923056588296751 ] ] } },
{ "type": "Feature", "properties": { "edge_id": 46328, "from_node": 46457, "to_node": 46458, "length_m": 0.40457315743028321 }, "geometry": { "type": "LineString", "coordinates": [ [ 80.199514580271313, 12.922949261841405 ], [ 80.199510858830521, 12.922949024385639 ] ] } },
{ "type": "Feature", "properties": { "edge_id": 46372, "from_node": 46508, "to_node": 7754, "length_m": 0.38533524396657026 }, "geometry": { "type": "LineString", "coordinates": [ [ 80.21427005550774, 13.072117726765386 ], [ 80.214271195231007, 13.072121026907174 ] ] } },
{ "type": "Feature", "properties": { "edge_id": 46401, "from_node": 46532, "to_node": 46533, "length_m": 0.48233386765836683 }, "geometry": { "type": "LineString", "coordinates": [ [ 80.197365293382973, 12.910623844875605 ], [ 80.197365002972376, 12.910628196790491 ] ] } },
{ "type": "Feature", "properties": { "edge_id": 46904, "from_node": 47046, "to_node": 43303, "length_m": 0.42690141773501766 }, "geometry": { "type": "LineString", "coordinates": [ [ 80.170763527478925, 13.053024062770955 ], [ 80.170759590333276, 13.053024060098855 ] ] } },
{ "type": "Feature", "properties": { "edge_id": 46916, "from_node": 47059, "to_node": 47060, "length_m": 0.43148452961835065 }, "geometry": { "type": "LineString", "coordinates": [ [ 80.269450481269018, 13.061277318669083 ], [ 80.269450887670274, 13.061281199743574 ] ] } },
{ "type": "Feature", "properties": { "edge_id": 46952, "from_node": 47097, "to_node": 47098, "length_m": 0.44003896403636195 }, "geometry": { "type": "LineString", "coordinates": [ [ 80.27473009201023, 13.063750746518751 ], [ 80.274729969880781, 13.063746769496815 ] ] } },
{ "type": "Feature", "properties": { "edge_id": 47303, "from_node": 47438, "to_node": 47439, "length_m": 0.28471798271530946 }, "geometry": { "type": "LineString", "coordinates": [ [ 80.18824868890151, 12.973457938580029 ], [ 80.188246064157099, 12.973457901457966 ] ] } },
{ "type": "Feature", "properties": { "edge_id": 47348, "from_node": 47485, "to_node": 47486, "length_m": 0.49393104631644802 }, "geometry": { "type": "LineString", "coordinates": [ [ 80.164171529355954, 13.035557462046416 ], [ 80.164172669438699, 13.035561785907252 ] ] } },
{ "type": "Feature", "properties": { "edge_id": 47400, "from_node": 47521, "to_node": 47522, "length_m": 0.45882138205101297 }, "geometry": { "type": "LineString", "coordinates": [ [ 80.165694895623517, 13.017256491281193 ], [ 80.165694209418945, 13.017252397642643 ] ] } },
{ "type": "Feature", "properties": { "edge_id": 47592, "from_node": 47705, "to_node": 47706, "length_m": 0.34616829677782729 }, "geometry": { "type": "LineString", "coordinates": [ [ 80.175982104593885, 13.037118217712143 ], [ 80.175985292096072, 13.037118390605102 ] ] } },
{ "type": "Feature", "properties": { "edge_id": 47615, "from_node": 31896, "to_node": 47730, "length_m": 0.34228153619087603 }, "geometry": { "type": "LineString", "coordinates": [ [ 80.16952673205941, 13.04052135736349 ], [ 80.169526101289406, 13.040524389778787 ] ] } },
{ "type": "Feature", "properties": { "edge_id": 47741, "from_node": 47851, "to_node": 47849, "length_m": 0.21500206990549489 }, "geometry": { "type": "LineString", "coordinates": [ [ 80.193418403969503, 12.990067463618269 ], [ 80.193420371444702, 12.990067225592339 ] ] } },
{ "type": "Feature", "properties": { "edge_id": 47770, "from_node": 17065, "to_node": 17068, "length_m": 0.27324715842301461 }, "geometry": { "type": "LineString", "coordinates": [ [ 80.162543968776816, 13.017989893810649 ], [ 80.162546481297341, 13.017989707523141 ] ] } },
{ "type": "Feature", "properties": { "edge_id": 47862, "from_node": 9174, "to_node": 9173, "length_m": 0.36002840147527948 }, "geometry": { "type": "LineString", "coordinates": [ [ 80.162515854514893, 13.057058785408207 ], [ 80.16251278008842, 13.05705755571481 ] ] } },
{ "type": "Feature", "properties": { "edge_id": 47919, "from_node": 48038, "to_node": 48039, "length_m": 0.37366649604939539 }, "geometry": { "type": "LineString", "coordinates": [ [ 80.215711000069248, 12.936938859637163 ], [ 80.21570764322712, 12.936938101773396 ] ] } },
{ "type": "Feature", "properties": { "edge_id": 48044, "from_node": 48170, "to_node": 48171, "length_m": 0.44225202172340827 }, "geometry": { "type": "LineString", "coordinates": [ [ 80.164558006939757, 13.080953343696301 ], [ 80.164561919508841, 13.080954474824194 ] ] } },
{ "type": "Feature", "properties": { "edge_id": 48123, "from_node": 48245, "to_node": 48246, "length_m": 0.10987997909702391 }, "geometry": { "type": "LineString", "coordinates": [ [ 80.150800794541567, 13.026499947860039 ], [ 80.150801746452458, 13.026499607389947 ] ] } },
{ "type": "Feature", "properties": { "edge_id": 48159, "from_node": 47650, "to_node": 9406, "length_m": 0.4464179212158223 }, "geometry": { "type": "LineString", "coordinates": [ [ 80.181693896643694, 13.053436873970746 ], [ 80.181698013495364, 13.053436923158559 ] ] } },
{ "type": "Feature", "properties": { "edge_id": 48171, "from_node": 48300, "to_node": 48301, "length_m": 0.20441296471766973 }, "geometry": { "type": "LineString", "coordinates": [ [ 80.204320578226103, 12.979622668813764 ], [ 80.204322446063799, 12.979622422257462 ] ] } },
{ "type": "Feature", "properties": { "edge_id": 48325, "from_node": 48452, "to_node": 48453, "length_m": 0.41445372531244734 }, "geometry": { "type": "LineString", "coordinates": [ [ 80.165491012542816, 13.054001788415938 ], [ 80.165491133702531, 13.054005533925338 ] ] } },
{ "type": "Feature", "properties": { "edge_id": 48339, "from_node": 48469, "to_node": 48470, "length_m": 1.7208052423400502e-05 }, "geometry": { "type": "LineString", "coordinates": [ [ 80.188310434883874, 12.981315525779292 ], [ 80.188310435042069, 12.981315525767352 ] ] } },
{ "type": "Feature", "properties": { "edge_id": 48554, "from_node": 25723, "to_node": 48694, "length_m": 0.355937777116897 }, "geometry": { "type": "LineString", "coordinates": [ [ 80.26931047219, 13.055328750643367 ], [ 80.269312197134383, 13.05533148891605 ] ] } },
{ "type": "Feature", "properties": { "edge_id": 48595, "from_node": 47002, "to_node": 10098, "length_m": 0.40327555176851471 }, "geometry": { "type": "LineString", "coordinates": [ [ 80.17827928990441, 13.035340279450738 ], [ 80.17828300593753, 13.035340133909116 ] ] } },
{ "type": "Feature", "properties": { "edge_id": 48715, "from_node": 9765, "to_node": 9891, "length_m": 0.34585895926220239 }, "geometry": { "type": "LineString", "coordinates": [ [ 80.176674310793331, 13.037143527916927 ], [ 80.176671128969517, 13.037143310745394 ] ] } },
{ "type": "Feature", "properties": { "edge_id": 48783, "from_node": 48870, "to_node": 48871, "length_m": 0.38544500202851106 }, "geometry": { "type": "LineString", "coordinates": [ [ 80.20063089681463, 12.955827538581371 ], [ 80.200631379947623, 12.955830991376166 ] ] } },
{ "type": "Feature", "properties": { "edge_id": 48905, "from_node": 49006, "to_node": 48013, "length_m": 3.0667725388034968e-05 }, "geometry": { "type": "LineString", "coordinates": [ [ 80.249357770796195, 13.031357517255643 ], [ 80.249357770513967, 13.031357517273717 ] ] } },
{ "type": "Feature", "properties": { "edge_id": 49406, "from_node": 49492, "to_node": 49493, "length_m": 0.45606563768222974 }, "geometry": { "type": "LineString", "coordinates": [ [ 80.154297506554613, 13.02750741449459 ], [ 80.15429617343186, 13.027507588268753 ], [ 80.154293337435647, 13.027507956963552 ] ] } },
{ "type": "Feature", "properties": { "edge_id": 49428, "from_node": 49516, "to_node": 49517, "length_m": 0.36330104615058995 }, "geometry": { "type": "LineString", "coordinates": [ [ 80.177062903469519, 13.049933673233964 ], [ 80.177063322459034, 13.04993693234081 ] ] } },
{ "type": "Feature", "properties": { "edge_id": 49845, "from_node": 46816, "to_node": 46818, "length_m": 0.19356954709388569 }, "geometry": { "type": "LineString", "coordinates": [ [ 80.182125645864048, 13.037580163149419 ], [ 80.182125565421927, 13.037581911590673 ] ] } },
{ "type": "Feature", "properties": { "edge_id": 49979, "from_node": 49290, "to_node": 47713, "length_m": 0.48768601644799409 }, "geometry": { "type": "LineString", "coordinates": [ [ 80.187945380881672, 13.033910817075434 ], [ 80.187945241244066, 13.033906409629402 ] ] } },
{ "type": "Feature", "properties": { "edge_id": 50171, "from_node": 50227, "to_node": 50228, "length_m": 0.21810586882337446 }, "geometry": { "type": "LineString", "coordinates": [ [ 80.172589420046265, 13.030912196130872 ], [ 80.172591366582722, 13.030911699619288 ] ] } },
{ "type": "Feature", "properties": { "edge_id": 50173, "from_node": 48200, "to_node": 48199, "length_m": 0.46330509600153824 }, "geometry": { "type": "LineString", "coordinates": [ [ 80.172930026989107, 13.030825289981419 ], [ 80.172934161876498, 13.030824235335977 ] ] } },
{ "type": "Feature", "properties": { "edge_id": 50292, "from_node": 48901, "to_node": 48900, "length_m": 0.40406030319573555 }, "geometry": { "type": "LineString", "coordinates": [ [ 80.182857649074336, 13.045854738401589 ], [ 80.182857091244827, 13.045858350669599 ] ] } },
{ "type": "Feature", "properties": { "edge_id": 50301, "from_node": 50331, "to_node": 50332, "length_m": 0.42764757720253038 }, "geometry": { "type": "LineString", "coordinates": [ [ 80.183419065580082, 13.064065750890181 ], [ 80.18341962667877, 13.064069578265787 ] ] } },
{ "type": "Feature", "properties": { "edge_id": 50389, "from_node": 50405, "to_node": 43987, "length_m": 0.37175767743739552 }, "geometry": { "type": "LineString", "coordinates": [ [ 80.185663121482463, 12.978457322248925 ], [ 80.185660143557598, 12.978458986582934 ] ] } },
{ "type": "Feature", "properties": { "edge_id": 50933, "from_node": 50815, "to_node": 49481, "length_m": 0.38445942617340861 }, "geometry": { "type": "LineString", "coordinates": [ [ 80.166056970133752, 13.035766907010814 ], [ 80.166057478734956, 13.03577034725441 ] ] } },
{ "type": "Feature", "properties": { "edge_id": 50992, "from_node": 31903, "to_node": 50859, "length_m": 0.20403926034567776 }, "geometry": { "type": "LineString", "coordinates": [ [ 80.178531659986447, 13.038979900220808 ], [ 80.178529815842282, 13.03897953360199 ] ] } },
{ "type": "Feature", "properties": { "edge_id": 51107, "from_node": 49510, "to_node": 50960, "length_m": 0.3566466034190674 }, "geometry": { "type": "LineString", "coordinates": [ [ 80.19917426230387, 12.915283323017045 ], [ 80.199174938045033, 12.915286478928905 ] ] } },
{ "type": "Feature", "properties": { "edge_id": 51186, "from_node": 51025, "to_node": 11196, "length_m": 0.33659691008259718 }, "geometry": { "type": "LineString", "coordinates": [ [ 80.199672176535529, 12.985357615843672 ], [ 80.199669124716934, 12.985358168857401 ] ] } },
{ "type": "Feature", "properties": { "edge_id": 51448, "from_node": 47567, "to_node": 47574, "length_m": 0.0028442936091862907 }, "geometry": { "type": "LineString", "coordinates": [ [ 80.21531025557158, 12.942307618718214 ], [ 80.215310281397748, 12.942307614274917 ] ] } },
{ "type": "Feature", "properties": { "edge_id": 51569, "from_node": 51331, "to_node": 51332, "length_m": 0.43001165056177854 }, "geometry": { "type": "LineString", "coordinates": [ [ 80.162969672095244, 13.050935526011223 ], [ 80.162969944019522, 13.050939404922644 ] ] } },
{ "type": "Feature", "properties": { "edge_id": 51604, "from_node": 49721, "to_node": 49724, "length_m": 0.31795600226083426 }, "geometry": { "type": "LineString", "coordinates": [ [ 80.196942632160244, 12.911692572959616 ], [ 80.196945542899215, 12.911692908317859 ] ] } },
{ "type": "Feature", "properties": { "edge_id": 51691, "from_node": 530, "to_node": 51423, "length_m": 0.33090482040597979 }, "geometry": { "type": "LineString", "coordinates": [ [ 80.294346564167824, 13.149505184381161 ], [ 80.294347535912081, 13.14950802081022 ] ] } },
{ "type": "Feature", "properties": { "edge_id": 51696, "from_node": 51426, "to_node": 44662, "length_m": 0.017611928201415456 }, "geometry": { "type": "LineString", "coordinates": [ [ 80.147975319471328, 13.114696653653327 ], [ 80.147975350451688, 13.114696497333791 ] ] } },
{ "type": "Feature", "properties": { "edge_id": 51909, "from_node": 37133, "to_node": 37134, "length_m": 0.41065474496053966 }, "geometry": { "type": "LineString", "coordinates": [ [ 80.235196034467592, 12.972661812360213 ], [ 80.235199760957329, 12.972662468911246 ] ] } },
{ "type": "Feature", "properties": { "edge_id": 52035, "from_node": 48405, "to_node": 48402, "length_m": 0.11852851918807432 }, "geometry": { "type": "LineString", "coordinates": [ [ 80.154515077290426, 13.026516965818704 ], [ 80.154515056949322, 13.026515894298125 ] ] } },
{ "type": "Feature", "properties": { "edge_id": 52046, "from_node": 51696, "to_node": 11373, "length_m": 0.20398259624355239 }, "geometry": { "type": "LineString", "coordinates": [ [ 80.181345901441148, 12.975234515057508 ], [ 80.181347690994514, 12.975235082190125 ] ] } },
{ "type": "Feature", "properties": { "edge_id": 52343, "from_node": 51914, "to_node": 51915, "length_m": 0.15071910856361076 }, "geometry": { "type": "LineString", "coordinates": [ [ 80.180087247157203, 13.070481224239145 ], [ 80.180087264794466, 13.070482586899022 ] ] } },
{ "type": "Feature", "properties": { "edge_id": 52345, "from_node": 51916, "to_node": 51917, "length_m": 0.35030001339158151 }, "geometry": { "type": "LineString", "coordinates": [ [ 80.180088218426675, 13.070871208717895 ], [ 80.180088208892002, 13.070874376040926 ] ] } },
{ "type": "Feature", "properties": { "edge_id": 52527, "from_node": 52047, "to_node": 52048, "length_m": 0.011007270132518376 }, "geometry": { "type": "LineString", "coordinates": [ [ 80.139400013113701, 13.046174652669658 ], [ 80.139400114545779, 13.046174656623569 ] ] } },
{ "type": "Feature", "properties": { "edge_id": 52752, "from_node": 52194, "to_node": 52195, "length_m": 0.42913951208795442 }, "geometry": { "type": "LineString", "coordinates": [ [ 80.20313294460108, 12.961339885564174 ], [ 80.203136886019294, 12.961339548604125 ] ] } },
{ "type": "Feature", "properties": { "edge_id": 52914, "from_node": 10927, "to_node": 10926, "length_m": 0.43291395243564307 }, "geometry": { "type": "LineString", "coordinates": [ [ 80.165115815816264, 13.013167089057502 ], [ 80.165119749177421, 13.013167757246608 ] ] } },
{ "type": "Feature", "properties": { "edge_id": 52925, "from_node": 52333, "to_node": 51864, "length_m": 0.061012868429980278 }, "geometry": { "type": "LineString", "coordinates": [ [ 80.166764395982469, 13.017391554545751 ], [ 80.166764290825611, 13.017391012601758 ] ] } },
{ "type": "Feature", "properties": { "edge_id": 52976, "from_node": 47128, "to_node": 52371, "length_m": 0.47389673942553306 }, "geometry": { "type": "LineString", "coordinates": [ [ 80.182303906672544, 12.968830959852733 ], [ 80.182308255955235, 12.968830552162402 ] ] } },
{ "type": "Feature", "properties": { "edge_id": 53138, "from_node": 48403, "to_node": 51691, "length_m": 0.24295370034501185 }, "geometry": { "type": "LineString", "coordinates": [ [ 80.154528889773658, 13.026852848024612 ], [ 80.154528984688184, 13.026855042780927 ] ] } },
{ "type": "Feature", "properties": { "edge_id": 53147, "from_node": 37727, "to_node": 52487, "length_m": 0.47132482873629217 }, "geometry": { "type": "LineString", "coordinates": [ [ 80.214966898220268, 12.933804076703202 ], [ 80.214967034685031, 12.933804950570325 ], [ 80.214967542310859, 12.933808291305699 ] ] } },
{ "type": "Feature", "properties": { "edge_id": 53148, "from_node": 52487, "to_node": 47162, "length_m": 0.40661678590080136 }, "geometry": { "type": "LineString", "coordinates": [ [ 80.214967542310859, 12.933808291305699 ], [ 80.214968094181714, 12.933811927847394 ] ] } },
{ "type": "Feature", "properties": { "edge_id": 53243, "from_node": 11243, "to_node": 11184, "length_m": 0.36904473914585545 }, "geometry": { "type": "LineString", "coordinates": [ [ 80.18889908087155, 12.988772152507526 ], [ 80.188896142427183, 12.988773835078629 ] ] } },
{ "type": "Feature", "properties": { "edge_id": 53429, "from_node": 51153, "to_node": 52460, "length_m": 0.39528121780715642 }, "geometry": { "type": "LineString", "coordinates": [ [ 80.17904684841875, 13.04322790062443 ], [ 80.179046543401469, 13.043231462145242 ] ] } },
{ "type": "Feature", "properties": { "edge_id": 53582, "from_node": 52784, "to_node": 11353, "length_m": 0.33180828757051811 }, "geometry": { "type": "LineString", "coordinates": [ [ 80.182291897558912, 12.968416180801066 ], [ 80.182292019608084, 12.968419178575969 ] ] } },
{ "type": "Feature", "properties": { "edge_id": 53612, "from_node": 52801, "to_node": 14004, "length_m": 0.46893267046634685 }, "geometry": { "type": "LineString", "coordinates": [ [ 80.235141324717972, 12.953668509259959 ], [ 80.235140663585355, 12.953664319056097 ] ] } },
{ "type": "Feature", "properties": { "edge_id": 53924, "from_node": 53005, "to_node": 53006, "length_m": 0.44597087345522218 }, "geometry": { "type": "LineString", "coordinates": [ [ 80.185844223642121, 13.067571228262189 ], [ 80.18584350709834, 13.067567257539565 ] ] } },
{ "type": "Feature", "properties": { "edge_id": 53950, "from_node": 53025, "to_node": 53026, "length_m": 0.25624090348539547 }, "geometry": { "type": "LineString", "coordinates": [ [ 80.200333464113001, 12.988719429683654 ], [ 80.200333864347499, 12.988721713097483 ] ] } },
{ "type": "Feature", "properties": { "edge_id": 54001, "from_node": 18354, "to_node": 13259, "length_m": 0.37611966119091478 }, "geometry": { "type": "LineString", "coordinates": [ [ 80.215017703117496, 12.93309591225842 ], [ 80.21501923736335, 12.933092862487554 ] ] } },
{ "type": "Feature", "properties": { "edge_id": 54083, "from_node": 53117, "to_node": 8825, "length_m": 0.002906890284952265 }, "geometry": { "type": "LineString", "coordinates": [ [ 80.175495934357073, 13.060908799779099 ], [ 80.175495961109405, 13.060908798056033 ] ] } },
{ "type": "Feature", "properties": { "edge_id": 54097, "from_node": 53126, "to_node": 53127, "length_m": 0.003765634832179043 }, "geometry": { "type": "LineString", "coordinates": [ [ 80.15278251770809, 13.055701325446764 ], [ 80.152782551810233, 13.055701331887704 ] ] } },
{ "type": "Feature", "properties": { "edge_id": 54259, "from_node": 53233, "to_node": 53234, "length_m": 0.49406351757456723 }, "geometry": { "type": "LineString", "coordinates": [ [ 80.143250708554746, 13.048965280619685 ], [ 80.143250342766663, 13.048969733384112 ] ] } },
{ "type": "Feature", "properties": { "edge_id": 54286, "from_node": 11469, "to_node": 11470, "length_m": 0.29745856930177877 }, "geometry": { "type": "LineString", "coordinates": [ [ 80.188997619626264, 12.97311348289168 ], [ 80.188997304873098, 12.973116154700948 ] ] } },
{ "type": "Feature", "properties": { "edge_id": 54474, "from_node": 52346, "to_node": 53053, "length_m": 0.35762831280405982 }, "geometry": { "type": "LineString", "coordinates": [ [ 80.232430392662252, 12.961391050347647 ], [ 80.232433689615036, 12.961391019375197 ] ] } },
{ "type": "Feature", "properties": { "edge_id": 54512, "from_node": 50418, "to_node": 50417, "length_m": 0.32842320289618232 }, "geometry": { "type": "LineString", "coordinates": [ [ 80.188705227316831, 12.990123483031823 ], [ 80.188702407898234, 12.990124566492961 ] ] } },
{ "type": "Feature", "properties": { "edge_id": 54581, "from_node": 53454, "to_node": 51107, "length_m": 0.38727278501772422 }, "geometry": { "type": "LineString", "coordinates": [ [ 80.164447493621097, 13.034303321904787 ], [ 80.164447034951266, 13.034299849269567 ] ] } },
{ "type": "Feature", "properties": { "edge_id": 54630, "from_node": 53497, "to_node": 51489, "length_m": 0.47040179692234596 }, "geometry": { "type": "LineString", "coordinates": [ [ 80.189309930745168, 13.027111220669198 ], [ 80.189310452792625, 13.027115443051125 ] ] } },
{ "type": "Feature", "properties": { "edge_id": 54633, "from_node": 49852, "to_node": 52689, "length_m": 0.38896463945688858 }, "geometry": { "type": "LineString", "coordinates": [ [ 80.189416959800894, 13.027919595569125 ], [ 80.18941742614561, 13.027923082671823 ] ] } },
{ "type": "Feature", "properties": { "edge_id": 54854, "from_node": 51763, "to_node": 52454, "length_m": 0.35994599514145786 }, "geometry": { "type": "LineString", "coordinates": [ [ 80.180694600658299, 13.058923930654419 ], [ 80.180697889168243, 13.058923485363067 ] ] } },
{ "type": "Feature", "properties": { "edge_id": 55067, "from_node": 13689, "to_node": 13662, "length_m": 0.36560608603588313 }, "geometry": { "type": "LineString", "coordinates": [ [ 80.261884988440087, 12.954988365577698 ], [ 80.26188581795364, 12.954991569723981 ] ] } },
{ "type": "Feature", "properties": { "edge_id": 55181, "from_node": 50846, "to_node": 53777, "length_m": 0.038341231927567596 }, "geometry": { "type": "LineString", "coordinates": [ [ 80.199402332306931, 13.017268237048082 ], [ 80.199402681962781, 13.017268185684179 ] ] } },
{ "type": "Feature", "properties": { "edge_id": 55238, "from_node": 53810, "to_node": 53811, "length_m": 0.42558290554107453 }, "geometry": { "type": "LineString", "coordinates": [ [ 80.164172237805175, 13.046451036155545 ], [ 80.164176105120561, 13.046450379548213 ] ] } },
{ "type": "Feature", "properties": { "edge_id": 55296, "from_node": 53838, "to_node": 53839, "length_m": 0.081169020885042603 }, "geometry": { "type": "LineString", "coordinates": [ [ 80.164950418297167, 13.058777615104106 ], [ 80.164951161045508, 13.058777523467382 ] ] } },
{ "type": "Feature", "properties": { "edge_id": 55339, "from_node": 53865, "to_node": 53866, "length_m": 0.36680721137159111 }, "geometry": { "type": "LineString", "coordinates": [ [ 80.194243242522631, 12.960961473303378 ], [ 80.194243210651535, 12.960964789786278 ] ] } },
{ "type": "Feature", "properties": { "edge_id": 55393, "from_node": 22356, "to_node": 22365, "length_m": 0.14920557182038105 }, "geometry": { "type": "LineString", "coordinates": [ [ 80.198516275513342, 13.030711996917645 ], [ 80.198516422300344, 13.030713094153526 ], [ 80.19851645933889, 13.030713333878294 ] ] } },
{ "type": "Feature", "properties": { "edge_id": 55505, "from_node": 46374, "to_node": 46373, "length_m": 0.26711929856859135 }, "geometry": { "type": "LineString", "coordinates": [ [ 80.208462446186431, 12.920490514489536 ], [ 80.208462776021932, 12.92049290799959 ] ] } },
{ "type": "Feature", "properties": { "edge_id": 55605, "from_node": 52060, "to_node": 13585, "length_m": 0.18684070664026453 }, "geometry": { "type": "LineString", "coordinates": [ [ 80.201782278267402, 12.923425769586368 ], [ 80.201782236952383, 12.923427458500983 ] ] } },
{ "type": "Feature", "properties": { "edge_id": 55787, "from_node": 54141, "to_node": 48431, "length_m": 0.24900194727261052 }, "geometry": { "type": "LineString", "coordinates": [ [ 80.182902786010175, 13.053653084830779 ], [ 80.182902994454636, 13.053655326963234 ] ] } },
{ "type": "Feature", "properties": { "edge_id": 55946, "from_node": 54246, "to_node": 54247, "length_m": 0.13962356554382263 }, "geometry": { "type": "LineString", "coordinates": [ [ 80.178809294918807, 13.04933816679508 ], [ 80.178808010515652, 13.049338076822222 ] ] } },
{ "type": "Feature", "properties": { "edge_id": 56063, "from_node": 31182, "to_node": 49797, "length_m": 0.43654820012514695 }, "geometry": { "type": "LineString", "coordinates": [ [ 80.173552485244386, 13.053823102642646 ], [ 80.173552723006821, 13.053827042927011 ] ] } },
{ "type": "Feature", "properties": { "edge_id": 56210, "from_node": 10841, "to_node": 48581, "length_m": 0.0032015624762280859 }, "geometry": { "type": "LineString", "coordinates": [ [ 80.175325809971739, 13.015472469546991 ], [ 80.175325817256009, 13.015472497599911 ] ] } },
{ "type": "Feature", "properties": { "edge_id": 56235, "from_node": 54402, "to_node": 54403, "length_m": 0.36253922517922099 }, "geometry": { "type": "LineString", "coordinates": [ [ 80.182920912495689, 13.064166638262417 ], [ 80.182924199737172, 13.064166038327098 ] ] } },
{ "type": "Feature", "properties": { "edge_id": 56438, "from_node": 54534, "to_node": 54535, "length_m": 0.49595162999683179 }, "geometry": { "type": "LineString", "coordinates": [ [ 80.246375384559755, 13.144875282746549 ], [ 80.246379890270518, 13.144874501171788 ] ] } },
{ "type": "Feature", "properties": { "edge_id": 56461, "from_node": 52696, "to_node": 9309, "length_m": 0.30141174542669735 }, "geometry": { "type": "LineString", "coordinates": [ [ 80.183300062010474, 13.057401520470778 ], [ 80.183302829879651, 13.057401773339905 ] ] } },
{ "type": "Feature", "properties": { "edge_id": 56477, "from_node": 54570, "to_node": 54571, "length_m": 0.08964307474865485 }, "geometry": { "type": "LineString", "coordinates": [ [ 80.244666735067355, 13.145595449588832 ], [ 80.244666617336165, 13.145594647302223 ] ] } },
{ "type": "Feature", "properties": { "edge_id": 56699, "from_node": 49407, "to_node": 47891, "length_m": 0.32753908130992887 }, "geometry": { "type": "LineString", "coordinates": [ [ 80.162234314101582, 13.082609287131664 ], [ 80.16223444154447, 13.082612246017495 ] ] } },
{ "type": "Feature", "properties": { "edge_id": 56744, "from_node": 54708, "to_node": 38238, "length_m": 0.12944381034278846 }, "geometry": { "type": "LineString", "coordinates": [ [ 80.246381563095426, 13.136682980982721 ], [ 80.246382564210052, 13.136682342844106 ] ] } },
{ "type": "Feature", "properties": { "edge_id": 56784, "from_node": 30318, "to_node": 33661, "length_m": 0.013535139159650048 }, "geometry": { "type": "LineString", "coordinates": [ [ 80.246803146161582, 13.13409302759043 ], [ 80.24680324969944, 13.134092959174986 ] ] } },
{ "type": "Feature", "properties": { "edge_id": 56797, "from_node": 51593, "to_node": 51594, "length_m": 0.13180242891335067 }, "geometry": { "type": "LineString", "coordinates": [ [ 80.161512113750675, 13.029545785187423 ], [ 80.161510898309913, 13.029545788488644 ] ] } },
{ "type": "Feature", "properties": { "edge_id": 57021, "from_node": 38624, "to_node": 38625, "length_m": 0.35371562053032468 }, "geometry": { "type": "LineString", "coordinates": [ [ 80.252851720239491, 13.137339495173098 ], [ 80.252848467314053, 13.137339750652115 ] ] } },
{ "type": "Feature", "properties": { "edge_id": 57162, "from_node": 30441, "to_node": 30438, "length_m": 0.38141518158916582 }, "geometry": { "type": "LineString", "coordinates": [ [ 80.297191486515445, 13.139548293943102 ], [ 80.297192190080523, 13.139551673054862 ] ] } },
{ "type": "Feature", "properties": { "edge_id": 57388, "from_node": 55038, "to_node": 55039, "length_m": 0.396678535313848 }, "geometry": { "type": "LineString", "coordinates": [ [ 80.165216417217266, 13.054020733068626 ], [ 80.165216319503202, 13.054017147675051 ] ] } },
{ "type": "Feature", "properties": { "edge_id": 57532, "from_node": 54915, "to_node": 48549, "length_m": 0.42665406439402265 }, "geometry": { "type": "LineString", "coordinates": [ [ 80.156025420468879, 13.023922538276443 ], [ 80.156026163810083, 13.023926326503146 ] ] } },
{ "type": "Feature", "properties": { "edge_id": 57586, "from_node": 11131, "to_node": 54807, "length_m": 0.0056568544934831252 }, "geometry": { "type": "LineString", "coordinates": [ [ 80.203013190654033, 12.995133755664522 ], [ 80.203013242311883, 12.995133748589437 ] ] } },
{ "type": "Feature", "properties": { "edge_id": 57605, "from_node": 54960, "to_node": 9983, "length_m": 0.28023499234218646 }, "geometry": { "type": "LineString", "coordinates": [ [ 80.158528518435659, 13.026934760773562 ], [ 80.158531075008469, 13.026934391124611 ] ] } },
{ "type": "Feature", "properties": { "edge_id": 57889, "from_node": 55252, "to_node": 55253, "length_m": 0.092095657387329069 }, "geometry": { "type": "LineString", "coordinates": [ [ 80.154792497778274, 13.032305964863234 ], [ 80.154792445267077, 13.032305133750107 ] ] } },
{ "type": "Feature", "properties": { "edge_id": 57919, "from_node": 55264, "to_node": 55265, "length_m": 0.3552845895966783 }, "geometry": { "type": "LineString", "coordinates": [ [ 80.27641374740044, 13.130763293903808 ], [ 80.276412912337079, 13.130760187445782 ] ] } },
{ "type": "Feature", "properties": { "edge_id": 57990, "from_node": 27180, "to_node": 38935, "length_m": 0.17946768533254689 }, "geometry": { "type": "LineString", "coordinates": [ [ 80.273465006841732, 13.110980027260057 ], [ 80.273463439819039, 13.110980550893652 ] ] } },
{ "type": "Feature", "properties": { "edge_id": 58207, "from_node": 53685, "to_node": 55388, "length_m": 0.43893535910409248 }, "geometry": { "type": "LineString", "coordinates": [ [ 80.177958969172821, 13.056727929880752 ], [ 80.177958855527038, 13.056731897077235 ] ] } },
{ "type": "Feature", "properties": { "edge_id": 58615, "from_node": 34140, "to_node": 55559, "length_m": 0.46956666210083142 }, "geometry": { "type": "LineString", "coordinates": [ [ 80.272662649955592, 13.126861646427956 ], [ 80.272665103823471, 13.126865145370997 ] ] } },
{ "type": "Feature", "properties": { "edge_id": 58619, "from_node": 55560, "to_node": 55561, "length_m": 0.26985999948412054 }, "geometry": { "type": "LineString", "coordinates": [ [ 80.272921458550144, 13.127209960934943 ], [ 80.272922946425595, 13.127211917299395 ] ] } },
{ "type": "Feature", "properties": { "edge_id": 58633, "from_node": 46917, "to_node": 55568, "length_m": 0.077046608727022972 }, "geometry": { "type": "LineString", "coordinates": [ [ 80.253944009947375, 12.948215181252012 ], [ 80.253944717231789, 12.948215117269102 ] ] } },
{ "type": "Feature", "properties": { "edge_id": 58750, "from_node": 53054, "to_node": 37200, "length_m": 0.038402083951284534 }, "geometry": { "type": "LineString", "coordinates": [ [ 80.233141149780181, 12.967112168240492 ], [ 80.233140795739146, 12.967112170814437 ] ] } },
{ "type": "Feature", "properties": { "edge_id": 58863, "from_node": 52697, "to_node": 54161, "length_m": 0.42917088857552033 }, "geometry": { "type": "LineString", "coordinates": [ [ 80.204392335496038, 12.980038167519492 ], [ 80.204393072958609, 12.980041980049519 ] ] } },
{ "type": "Feature", "properties": { "edge_id": 58975, "from_node": 26752, "to_node": 2964, "length_m": 0.49337471637754315 }, "geometry": { "type": "LineString", "coordinates": [ [ 80.244682992289711, 13.142608494353574 ], [ 80.244687505796804, 13.142609072732364 ] ] } },
{ "type": "Feature", "properties": { "edge_id": 59140, "from_node": 55807, "to_node": 55808, "length_m": 0.059355959521012018 }, "geometry": { "type": "LineString", "coordinates": [ [ 80.270882605063903, 13.077699326371444 ], [ 80.27088288688222, 13.077699786500618 ] ] } },
{ "type": "Feature", "properties": { "edge_id": 59216, "from_node": 55856, "to_node": 55857, "length_m": 0.31047660056913035 }, "geometry": { "type": "LineString", "coordinates": [ [ 80.231963909314217, 13.122032419187438 ], [ 80.23196351572318, 13.122029638533936 ] ] } },
{ "type": "Feature", "properties": { "edge_id": 59470, "from_node": 42071, "to_node": 34714, "length_m": 0.34888579849883311 }, "geometry": { "type": "LineString", "coordinates": [ [ 80.277705485586893, 13.094884736461974 ], [ 80.277702384642012, 13.094885580440579 ] ] } },
{ "type": "Feature", "properties": { "edge_id": 59499, "from_node": 56021, "to_node": 55991, "length_m": 0.31606537244816318 }, "geometry": { "type": "LineString", "coordinates": [ [ 80.25825403329398, 13.099057430370367 ], [ 80.258254258519528, 13.099059230368811 ], [ 80.258254388250094, 13.099060266950925 ] ] } },
{ "type": "Feature", "properties": { "edge_id": 59503, "from_node": 56051, "to_node": 55988, "length_m": 0.38366288567194018 }, "geometry": { "type": "LineString", "coordinates": [ [ 80.258327924666361, 13.099389973004797 ], [ 80.258328707852442, 13.099393356047166 ] ] } },
{ "type": "Feature", "properties": { "edge_id": 59766, "from_node": 56206, "to_node": 56209, "length_m": 0.42853631063020986 }, "geometry": { "type": "LineString", "coordinates": [ [ 80.246661437598846, 13.114900201784943 ], [ 80.246659327987288, 13.114903478740814 ] ] } },
{ "type": "Feature", "properties": { "edge_id": 59814, "from_node": 31318, "to_node": 56245, "length_m": 0.38059117204259291 }, "geometry": { "type": "LineString", "coordinates": [ [ 80.256524240501165, 13.12326705848217 ], [ 80.256525160442663, 13.123270379531951 ] ] } },
{ "type": "Feature", "properties": { "edge_id": 60185, "from_node": 23978, "to_node": 3950, "length_m": 0.34370005957268945 }, "geometry": { "type": "LineString", "coordinates": [ [ 80.225637881817775, 13.122823005218281 ], [ 80.225638113818633, 13.122826104570191 ] ] } },
{ "type": "Feature", "properties": { "edge_id": 60313, "from_node": 56498, "to_node": 55516, "length_m": 0.23905417749167868 }, "geometry": { "type": "LineString", "coordinates": [ [ 80.247370897161318, 12.946121024471365 ], [ 80.247370504366373, 12.946118897552125 ] ] } },
{ "type": "Feature", "properties": { "edge_id": 60514, "from_node": 48665, "to_node": 47869, "length_m": 0.46833545672032012 }, "geometry": { "type": "LineString", "coordinates": [ [ 80.165245544223183, 13.057721336228372 ], [ 80.165245970002331, 13.057725550181345 ] ] } },
{ "type": "Feature", "properties": { "edge_id": 60520, "from_node": 55992, "to_node": 55993, "length_m": 0.39308383335689301 }, "geometry": { "type": "LineString", "coordinates": [ [ 80.261918248565436, 13.098690031099244 ], [ 80.261919357422983, 13.098693415065254 ] ] } },
{ "type": "Feature", "properties": { "edge_id": 60625, "from_node": 56756, "to_node": 56757, "length_m": 0.4101401349069913 }, "geometry": { "type": "LineString", "coordinates": [ [ 80.195297285442805, 13.094555358737702 ], [ 80.195297427457561, 13.094559064528857 ] ] } },
{ "type": "Feature", "properties": { "edge_id": 60645, "from_node": 30527, "to_node": 30526, "length_m": 0.49986312241712305 }, "geometry": { "type": "LineString", "coordinates": [ [ 80.175201944006204, 13.06219857403214 ], [ 80.175206540969853, 13.062198231543361 ] ] } },
{ "type": "Feature", "properties": { "edge_id": 60740, "from_node": 48483, "to_node": 56839, "length_m": 0.16400259090322528 }, "geometry": { "type": "LineString", "coordinates": [ [ 80.191197314002224, 12.966696349046575 ], [ 80.191198781974492, 12.966695993738501 ] ] } },
{ "type": "Feature", "properties": { "edge_id": 61384, "from_node": 57192, "to_node": 4921, "length_m": 0.42499319924825796 }, "geometry": { "type": "LineString", "coordinates": [ [ 80.163151391920877, 13.12546177705115 ], [ 80.163151296814334, 13.125465618585091 ] ] } },
{ "type": "Feature", "properties": { "edge_id": 61752, "from_node": 57337, "to_node": 57338, "length_m": 0.49122447005566361 }, "geometry": { "type": "LineString", "coordinates": [ [ 80.151220782288291, 13.11090873344901 ], [ 80.151220125792435, 13.110904338807639 ] ] } },
{ "type": "Feature", "properties": { "edge_id": 61828, "from_node": 16835, "to_node": 4925, "length_m": 0.30787432652506558 }, "geometry": { "type": "LineString", "coordinates": [ [ 80.168576890026827, 13.125409554641076 ], [ 80.168579681499907, 13.125409041042884 ] ] } },
{ "type": "Feature", "properties": { "edge_id": 62078, "from_node": 57491, "to_node": 57492, "length_m": 0.0032202471770690008 }, "geometry": { "type": "LineString", "coordinates": [ [ 80.200598553735887, 13.112970693711496 ], [ 80.200598527024695, 13.11297068097004 ] ] } },
{ "type": "Feature", "properties": { "edge_id": 62120, "from_node": 6966, "to_node": 21930, "length_m": 0.39254066003121935 }, "geometry": { "type": "LineString", "coordinates": [ [ 80.175482950163882, 13.084992422233812 ], [ 80.175479343760401, 13.08499210691047 ] ] } },
{ "type": "Feature", "properties": { "edge_id": 62298, "from_node": 57614, "to_node": 57615, "length_m": 0.30717773288031319 }, "geometry": { "type": "LineString", "coordinates": [ [ 80.275008082919342, 13.192255798944464 ], [ 80.275008877903119, 13.192258464946411 ] ] } },
{ "type": "Feature", "properties": { "edge_id": 62332, "from_node": 57653, "to_node": 57654, "length_m": 0.30697299527272842 }, "geometry": { "type": "LineString", "coordinates": [ [ 80.247022055271046, 13.170661875377574 ], [ 80.247024860079861, 13.170662262463464 ] ] } },
{ "type": "Feature", "properties": { "edge_id": 62336, "from_node": 57659, "to_node": 57660, "length_m": 0.35964467126573479 }, "geometry": { "type": "LineString", "coordinates": [ [ 80.248465771091844, 13.168744635240424 ], [ 80.248469066786001, 13.168745015609405 ] ] } },
{ "type": "Feature", "properties": { "edge_id": 62352, "from_node": 57677, "to_node": 57678, "length_m": 0.21291183569555025 }, "geometry": { "type": "LineString", "coordinates": [ [ 80.251090730971612, 13.172215273632162 ], [ 80.251091006202117, 13.172213367498932 ] ] } },
{ "type": "Feature", "properties": { "edge_id": 62410, "from_node": 57716, "to_node": 57717, "length_m": 0.25401741983988607 }, "geometry": { "type": "LineString", "coordinates": [ [ 80.255070486371039, 13.173467479448547 ], [ 80.255070699064504, 13.173469766764168 ] ] } },
{ "type": "Feature", "properties": { "edge_id": 62416, "from_node": 57723, "to_node": 57724, "length_m": 0.24443608538138206 }, "geometry": { "type": "LineString", "coordinates": [ [ 80.254173904466356, 13.17386127340114 ], [ 80.254173724744632, 13.173859070270808 ] ] } },
{ "type": "Feature", "properties": { "edge_id": 62429, "from_node": 1183, "to_node": 1181, "length_m": 0.046369170135996646 }, "geometry": { "type": "LineString", "coordinates": [ [ 80.226122446402513, 13.176216045811378 ], [ 80.226122356339445, 13.176215635943873 ] ] } },
{ "type": "Feature", "properties": { "edge_id": 62448, "from_node": 57737, "to_node": 39514, "length_m": 0.45760394386020342 }, "geometry": { "type": "LineString", "coordinates": [ [ 80.255857029634555, 13.195477519459006 ], [ 80.255857059688097, 13.195473381976418 ] ] } },
{ "type": "Feature", "properties": { "edge_id": 62472, "from_node": 57642, "to_node": 57643, "length_m": 0.1093400656896425 }, "geometry": { "type": "LineString", "coordinates": [ [ 80.244220899531413, 13.173090436875432 ], [ 80.244221019729423, 13.173089455280692 ] ] } },
{ "type": "Feature", "properties": { "edge_id": 62484, "from_node": 57762, "to_node": 57763, "length_m": 0.38065844221275685 }, "geometry": { "type": "LineString", "coordinates": [ [ 80.246259429881903, 13.168289938097166 ], [ 80.246258960861894, 13.168293349130181 ] ] } },
{ "type": "Feature", "properties": { "edge_id": 62492, "from_node": 57770, "to_node": 57771, "length_m": 0.031877891985529698 }, "geometry": { "type": "LineString", "coordinates": [ [ 80.246006633075979, 13.170142701123083 ], [ 80.246006672704084, 13.170142415515752 ] ] } },
{ "type": "Feature", "properties": { "edge_id": 62497, "from_node": 57775, "to_node": 57776, "length_m": 0.33484433641121886 }, "geometry": { "type": "LineString", "coordinates": [ [ 80.246501480160234, 13.167936511345399 ], [ 80.246504545158302, 13.167936892870015 ] ] } },
{ "type": "Feature", "properties": { "edge_id": 62524, "from_node": 57807, "to_node": 57808, "length_m": 0.20602439282485008 }, "geometry": { "type": "LineString", "coordinates": [ [ 80.248040224852247, 13.170411072320938 ], [ 80.248040475930765, 13.170409225797536 ] ] } },
{ "type": "Feature", "properties": { "edge_id": 62641, "from_node": 57909, "to_node": 57910, "length_m": 0.13440628694584184 }, "geometry": { "type": "LineString", "coordinates": [ [ 80.245483478114679, 13.171390094354328 ], [ 80.245482245775548, 13.171389957814711 ] ] } },
{ "type": "Feature", "properties": { "edge_id": 62647, "from_node": 57915, "to_node": 1385, "length_m": 0.41136224790359371 }, "geometry": { "type": "LineString", "coordinates": [ [ 80.244790112388813, 13.172122715140922 ], [ 80.244786346324759, 13.17212225105707 ] ] } },
{ "type": "Feature", "properties": { "edge_id": 62684, "from_node": 57946, "to_node": 57947, "length_m": 0.29999768562234796 }, "geometry": { "type": "LineString", "coordinates": [ [ 80.250338102289746, 13.170038220496128 ], [ 80.250338204666562, 13.170038235262261 ], [ 80.25034084063337, 13.170038617297607 ] ] } },
{ "type": "Feature", "properties": { "edge_id": 62696, "from_node": 57958, "to_node": 57959, "length_m": 0.13734860760346579 }, "geometry": { "type": "LineString", "coordinates": [ [ 80.250407450464749, 13.172490814824403 ], [ 80.250407269561109, 13.172492043994007 ] ] } },
{ "type": "Feature", "properties": { "edge_id": 62733, "from_node": 57993, "to_node": 57994, "length_m": 4.7350969853311491e-05 }, "geometry": { "type": "LineString", "coordinates": [ [ 80.273326171844047, 13.203002769042669 ], [ 80.273326171407135, 13.203002769049268 ] ] } },
{ "type": "Feature", "properties": { "edge_id": 62764, "from_node": 57912, "to_node": 57908, "length_m": 0.14932558373281019 }, "geometry": { "type": "LineString", "coordinates": [ [ 80.247479048034705, 13.171648594318702 ], [ 80.247479220984502, 13.171647254817378 ] ] } },
{ "type": "Feature", "properties": { "edge_id": 62768, "from_node": 58012, "to_node": 58013, "length_m": 0.13883292182302168 }, "geometry": { "type": "LineString", "coordinates": [ [ 80.247651842376641, 13.170360531697957 ], [ 80.247652009498054, 13.170359287119084 ] ] } },
{ "type": "Feature", "properties": { "edge_id": 62773, "from_node": 58016, "to_node": 58017, "length_m": 0.091382329287299113 }, "geometry": { "type": "LineString", "coordinates": [ [ 80.248028074185953, 13.167629565043883 ], [ 80.248028171729118, 13.167628744325427 ] ] } },
{ "type": "Feature", "properties": { "edge_id": 62791, "from_node": 58034, "to_node": 58035, "length_m": 0.023928642714944246 }, "geometry": { "type": "LineString", "coordinates": [ [ 80.246609220055802, 13.170434978869933 ], [ 80.246609251160478, 13.170434764668418 ] ] } },
{ "type": "Feature", "properties": { "edge_id": 62793, "from_node": 58036, "to_node": 58037, "length_m": 0.22110382191880582 }, "geometry": { "type": "LineString", "coordinates": [ [ 80.246639320503988, 13.170228412077707 ], [ 80.246639600605818, 13.17022643182138 ] ] } },
{ "type": "Feature", "properties": { "edge_id": 62796, "from_node": 58038, "to_node": 58039, "length_m": 0.16245679391253379 }, "geometry": { "type": "LineString", "coordinates": [ [ 80.246690663826385, 13.169860629203022 ], [ 80.246690838988911, 13.169859170355709 ] ] } },
{ "type": "Feature", "properties": { "edge_id": 62799, "from_node": 58028, "to_node": 58024, "length_m": 0.13910370301493016 }, "geometry": { "type": "LineString", "coordinates": [ [ 80.246837181685635, 13.168733470043165 ], [ 80.246835910723817, 13.168733294517191 ] ] } },
{ "type": "Feature", "properties": { "edge_id": 62891, "from_node": 58109, "to_node": 58110, "length_m": 0.039338104317447588 }, "geometry": { "type": "LineString", "coordinates": [ [ 80.273341589396409, 13.203417958592961 ], [ 80.273341226490516, 13.203417967867763 ] ] } },
{ "type": "Feature", "properties": { "edge_id": 62914, "from_node": 58040, "to_node": 58031, "length_m": 0.058806206650921476 }, "geometry": { "type": "LineString", "coordinates": [ [ 80.246717729430003, 13.169635606206155 ], [ 80.246717794711074, 13.169635078351231 ] ] } },
{ "type": "Feature", "properties": { "edge_id": 62931, "from_node": 58136, "to_node": 58137, "length_m": 0.18458702721841927 }, "geometry": { "type": "LineString", "coordinates": [ [ 80.245666708094092, 13.172739193842405 ], [ 80.245666906019991, 13.172737536141879 ] ] } },
{ "type": "Feature", "properties": { "edge_id": 63054, "from_node": 58221, "to_node": 58222, "length_m": 0.41973688159006084 }, "geometry": { "type": "LineString", "coordinates": [ [ 80.248812315960876, 13.169561426098861 ], [ 80.248808472425594, 13.169560959136216 ] ] } },
{ "type": "Feature", "properties": { "edge_id": 63062, "from_node": 57644, "to_node": 57645, "length_m": 0.41398207736118325 }, "geometry": { "type": "LineString", "coordinates": [ [ 80.244855617593686, 13.173171190934513 ], [ 80.244856086654636, 13.173167476099509 ] ] } },
{ "type": "Feature", "properties": { "edge_id": 63082, "from_node": 58236, "to_node": 58237, "length_m": 0.2057579169385009 }, "geometry": { "type": "LineString", "coordinates": [ [ 80.249415613026201, 13.168312328802411 ], [ 80.249417498382272, 13.168312547705229 ] ] } },
{ "type": "Feature", "properties": { "edge_id": 63093, "from_node": 57840, "to_node": 57838, "length_m": 0.11829835182724434 }, "geometry": { "type": "LineString", "coordinates": [ [ 80.248334179697451, 13.176125840718736 ], [ 80.248335267866793, 13.176125756201232 ] ] } },
{ "type": "Feature", "properties": { "edge_id": 63095, "from_node": 57965, "to_node": 57964, "length_m": 0.27552455519397956 }, "geometry": { "type": "LineString", "coordinates": [ [ 80.248724716918915, 13.176097076107963 ], [ 80.248727252252635, 13.176096890941494 ] ] } },
{ "type": "Feature", "properties": { "edge_id": 63104, "from_node": 45737, "to_node": 40527, "length_m": 0.16942709190616334 }, "geometry": { "type": "LineString", "coordinates": [ [ 80.25880035479824, 13.169526982346559 ], [ 80.258800196061244, 13.169525458325303 ] ] } },
{ "type": "Feature", "properties": { "edge_id": 63187, "from_node": 57792, "to_node": 57793, "length_m": 0.30947471667400056 }, "geometry": { "type": "LineString", "coordinates": [ [ 80.248294396213069, 13.168554761645273 ], [ 80.248294779292593, 13.168551988713384 ] ] } },
{ "type": "Feature", "properties": { "edge_id": 63200, "from_node": 58151, "to_node": 58150, "length_m": 0.18926460260931266 }, "geometry": { "type": "LineString", "coordinates": [ [ 80.248879208659702, 13.168996429169146 ], [ 80.24887898664808, 13.168998126587711 ] ] } },
{ "type": "Feature", "properties": { "edge_id": 63202, "from_node": 58289, "to_node": 58290, "length_m": 0.47916015070647228 }, "geometry": { "type": "LineString", "coordinates": [ [ 80.248850095862309, 13.169221725007391 ], [ 80.248849567875467, 13.169226026500933 ] ] } },
{ "type": "Feature", "properties": { "edge_id": 63207, "from_node": 57818, "to_node": 57819, "length_m": 0.40866887551614312 }, "geometry": { "type": "LineString", "coordinates": [ [ 80.248643284428965, 13.17069893347576 ], [ 80.248643813231737, 13.170695274864672 ] ] } },
{ "type": "Feature", "properties": { "edge_id": 63209, "from_node": 58052, "to_node": 58053, "length_m": 0.090863908898366139 }, "geometry": { "type": "LineString", "coordinates": [ [ 80.248673522919319, 13.170489827803531 ], [ 80.248673640739611, 13.170489014377848 ] ] } },
{ "type": "Feature", "properties": { "edge_id": 63212, "from_node": 57813, "to_node": 57814, "length_m": 0.12863724212970115 }, "geometry": { "type": "LineString", "coordinates": [ [ 80.24872763097099, 13.170120388762493 ], [ 80.248727805181758, 13.170119238239094 ] ] } },
{ "type": "Feature", "properties": { "edge_id": 63214, "from_node": 58293, "to_node": 58294, "length_m": 0.018597041788526329 }, "geometry": { "type": "LineString", "coordinates": [ [ 80.248761844582873, 13.169894563575296 ], [ 80.24876187000325, 13.169894397278826 ] ] } },
{ "type": "Feature", "properties": { "edge_id": 63234, "from_node": 57811, "to_node": 57801, "length_m": 0.42491656701661829 }, "geometry": { "type": "LineString", "coordinates": [ [ 80.248124289212711, 13.169817163044407 ], [ 80.248128181672953, 13.169817623831447 ] ] } },
{ "type": "Feature", "properties": { "edge_id": 63264, "from_node": 58316, "to_node": 57953, "length_m": 0.32063218820357137 }, "geometry": { "type": "LineString", "coordinates": [ [ 80.250877926804506, 13.169350116039752 ], [ 80.250877539753418, 13.169352990234442 ] ] } },
{ "type": "Feature", "properties": { "edge_id": 63271, "from_node": 38731, "to_node": 58160, "length_m": 0.19391062288898075 }, "geometry": { "type": "LineString", "coordinates": [ [ 80.250720421925038, 13.170519617541688 ], [ 80.250720179503432, 13.170521354686988 ] ] } },
{ "type": "Feature", "properties": { "edge_id": 63353, "from_node": 58084, "to_node": 58086, "length_m": 0.36162169489418333 }, "geometry": { "type": "LineString", "coordinates": [ [ 80.255780819141904, 13.173402828030872 ], [ 80.255781083346207, 13.173406087500725 ] ] } },
{ "type": "Feature", "properties": { "edge_id": 63362, "from_node": 58096, "to_node": 58097, "length_m": 0.089024996726482217 }, "geometry": { "type": "LineString", "coordinates": [ [ 80.254502578187441, 13.173829949123583 ], [ 80.254502510487498, 13.173829146909899 ] ] } },
{ "type": "Feature", "properties": { "edge_id": 63429, "from_node": 58215, "to_node": 58216, "length_m": 0.093056971130959121 }, "geometry": { "type": "LineString", "coordinates": [ [ 80.246019557911211, 13.167368648522464 ], [ 80.246019439100749, 13.167369481835999 ] ] } },
{ "type": "Feature", "properties": { "edge_id": 63457, "from_node": 58030, "to_node": 58027, "length_m": 0.1945781582257938 }, "geometry": { "type": "LineString", "coordinates": [ [ 80.24680655808389, 13.168962505374807 ], [ 80.246808337277869, 13.168962741164925 ] ] } },
{ "type": "Feature", "properties": { "edge_id": 63461, "from_node": 58406, "to_node": 58407, "length_m": 0.20035940101019686 }, "geometry": { "type": "LineString", "coordinates": [ [ 80.246293558817015, 13.172821130092348 ], [ 80.246293779315621, 13.172819331403986 ] ] } },
{ "type": "Feature", "properties": { "edge_id": 63463, "from_node": 58232, "to_node": 58231, "length_m": 0.17927980927611897 }, "geometry": { "type": "LineString", "coordinates": [ [ 80.246319889319452, 13.172611359637184 ], [ 80.246320099084045, 13.172609751701099 ] ] } },
{ "type": "Feature", "properties": { "edge_id": 63477, "from_node": 58410, "to_node": 58411, "length_m": 0.28932734924915054 }, "geometry": { "type": "LineString", "coordinates": [ [ 80.248261765555199, 13.170263347547483 ], [ 80.248263292937722, 13.170263557273046 ], [ 80.248264409893352, 13.170263707023919 ] ] } },
{ "type": "Feature", "properties": { "edge_id": 63500, "from_node": 58165, "to_node": 58164, "length_m": 0.23159933183329365 }, "geometry": { "type": "LineString", "coordinates": [ [ 80.250240320959421, 13.173697936967891 ], [ 80.250240600407011, 13.173695860860853 ] ] } },
{ "type": "Feature", "properties": { "edge_id": 63596, "from_node": 58449, "to_node": 58481, "length_m": 0.48552957702407962 }, "geometry": { "type": "LineString", "coordinates": [ [ 80.274244172943256, 13.213376073908604 ], [ 80.274246674575238, 13.213372431689129 ] ] } },
{ "type": "Feature", "properties": { "edge_id": 63615, "from_node": 58500, "to_node": 58501, "length_m": 0.39222218126428343 }, "geometry": { "type": "LineString", "coordinates": [ [ 80.2769241553911, 13.209342600882326 ], [ 80.276926256961445, 13.209339713405772 ] ] } },
{ "type": "Feature", "properties": { "edge_id": 63628, "from_node": 1035, "to_node": 655, "length_m": 0.059167643664473697 }, "geometry": { "type": "LineString", "coordinates": [ [ 80.276355565345696, 13.204357159622923 ], [ 80.276355026151691, 13.204357243997 ] ] } },
{ "type": "Feature", "properties": { "edge_id": 63817, "from_node": 58635, "to_node": 58636, "length_m": 0.39260719690920876 }, "geometry": { "type": "LineString", "coordinates": [ [ 80.277267799128339, 13.202374775407563 ], [ 80.277268236345691, 13.20237829937634 ] ] } },
{ "type": "Feature", "properties": { "edge_id": 63915, "from_node": 58262, "to_node": 58708, "length_m": 0.10323768639393147 }, "geometry": { "type": "LineString", "coordinates": [ [ 80.279224169607843, 13.199845603092763 ], [ 80.279223979417026, 13.199844688418136 ] ] } },
{ "type": "Feature", "properties": { "edge_id": 63921, "from_node": 787, "to_node": 781, "length_m": 0.22857226409679632 }, "geometry": { "type": "LineString", "coordinates": [ [ 80.270604277643869, 13.195178408404047 ], [ 80.270604928858802, 13.195180374163257 ] ] } },
{ "type": "Feature", "properties": { "edge_id": 63926, "from_node": 58715, "to_node": 58716, "length_m": 0.48055994530466001 }, "geometry": { "type": "LineString", "coordinates": [ [ 80.270638242100304, 13.196540486667859 ], [ 80.270638523618004, 13.196544823069473 ] ] } },
{ "type": "Feature", "properties": { "edge_id": 64034, "from_node": 58768, "to_node": 58769, "length_m": 0.49769042422715731 }, "geometry": { "type": "LineString", "coordinates": [ [ 80.270531372932822, 13.192805219384368 ], [ 80.270531516470768, 13.192809717244538 ] ] } },
{ "type": "Feature", "properties": { "edge_id": 64044, "from_node": 961, "to_node": 963, "length_m": 0.041005974662766335 }, "geometry": { "type": "LineString", "coordinates": [ [ 80.270580000556961, 13.194533306811767 ], [ 80.270580005917083, 13.194533677545737 ] ] } },
{ "type": "Feature", "properties": { "edge_id": 64175, "from_node": 58857, "to_node": 58843, "length_m": 0.33040679546200019 }, "geometry": { "type": "LineString", "coordinates": [ [ 80.277678723177345, 13.196639720700523 ], [ 80.27767851509212, 13.196642701238423 ] ] } },
{ "type": "Feature", "properties": { "edge_id": 64184, "from_node": 58858, "to_node": 58859, "length_m": 0.20030301993657548 }, "geometry": { "type": "LineString", "coordinates": [ [ 80.277730571040934, 13.195894497093338 ], [ 80.277730448534896, 13.195896304230061 ] ] } },
{ "type": "Feature", "properties": { "edge_id": 64185, "from_node": 58859, "to_node": 58860, "length_m": 0.20330966512290435 }, "geometry": { "type": "LineString", "coordinates": [ [ 80.277730448534896, 13.195896304230061 ], [ 80.277730324103587, 13.195898138487159 ] ] } },
{ "type": "Feature", "properties": { "edge_id": 64189, "from_node": 58861, "to_node": 58862, "length_m": 0.26133160929081228 }, "geometry": { "type": "LineString", "coordinates": [ [ 80.277134082805745, 13.195865373986443 ], [ 80.277133974356531, 13.195867734528511 ] ] } },
{ "type": "Feature", "properties": { "edge_id": 64190, "from_node": 58862, "to_node": 58863, "length_m": 0.40475297444847641 }, "geometry": { "type": "LineString", "coordinates": [ [ 80.277133974356531, 13.195867734528511 ], [ 80.277133807652575, 13.195871390614856 ] ] } },
{ "type": "Feature", "properties": { "edge_id": 64192, "from_node": 58864, "to_node": 1051, "length_m": 0.22239453700980757 }, "geometry": { "type": "LineString", "coordinates": [ [ 80.27711721770622, 13.196233791392427 ], [ 80.277117125978336, 13.196235800250502 ] ] } },
{ "type": "Feature", "properties": { "edge_id": 64289, "from_node": 58909, "to_node": 58906, "length_m": 0.41451668108341766 }, "geometry": { "type": "LineString", "coordinates": [ [ 80.280148984814232, 13.194440881284152 ], [ 80.280152806655522, 13.194441038503042 ] ] } },
{ "type": "Feature", "properties": { "edge_id": 64293, "from_node": 58917, "to_node": 58918, "length_m": 0.1887975105386126 }, "geometry": { "type": "LineString", "coordinates": [ [ 80.201584263850307, 13.062517270807632 ], [ 80.201582540849685, 13.062517024069113 ] ] } },
{ "type": "Feature", "properties": { "edge_id": 64393, "from_node": 58977, "to_node": 55413, "length_m": 0.012813274476191541 }, "geometry": { "type": "LineString", "coordinates": [ [ 80.211450026851878, 12.95801889923068 ], [ 80.211450143983427, 12.958018884213875 ] ] } },
{ "type": "Feature", "properties": { "edge_id": 64459, "from_node": 16461, "to_node": 37535, "length_m": 0.13990957844034346 }, "geometry": { "type": "LineString", "coordinates": [ [ 80.212221549304829, 12.956035591858736 ], [ 80.212222086855149, 12.956036741814691 ] ] } },
{ "type": "Feature", "properties": { "edge_id": 64461, "from_node": 16459, "to_node": 37533, "length_m": 0.34996275515336145 }, "geometry": { "type": "LineString", "coordinates": [ [ 80.212278245665885, 12.956156329857132 ], [ 80.212279607540069, 12.956159198471791 ] ] } },
{ "type": "Feature", "properties": { "edge_id": 64468, "from_node": 16495, "to_node": 16490, "length_m": 0.19181097561635319 }, "geometry": { "type": "LineString", "coordinates": [ [ 80.211922334401194, 12.95511246359708 ], [ 80.211922864830612, 12.955114118074126 ] ] } },
{ "type": "Feature", "properties": { "edge_id": 64473, "from_node": 59000, "to_node": 16465, "length_m": 0.067788864393943854 }, "geometry": { "type": "LineString", "coordinates": [ [ 80.211439018926129, 12.955425078772613 ], [ 80.21143885299702, 12.955424487829637 ] ] } },
{ "type": "Feature", "properties": { "edge_id": 64476, "from_node": 18283, "to_node": 59002, "length_m": 0.0056920996353051574 }, "geometry": { "type": "LineString", "coordinates": [ [ 80.210611816677485, 12.955474617737478 ], [ 80.210611866511627, 12.955474601612904 ] ] } },
{ "type": "Feature", "properties": { "edge_id": 64620, "from_node": 13134, "to_node": 59080, "length_m": 0.45878954678087225 }, "geometry": { "type": "LineString", "coordinates": [ [ 80.21415567976571, 12.933868225756504 ], [ 80.214159898071856, 12.933868524186291 ] ] } },
{ "type": "Feature", "properties": { "edge_id": 64626, "from_node": 37689, "to_node": 37687, "length_m": 0.4348030019790054 }, "geometry": { "type": "LineString", "coordinates": [ [ 80.213906846668237, 12.931290662133712 ], [ 80.213910814111429, 12.931290103532877 ] ] } },
{ "type": "Feature", "properties": { "edge_id": 64975, "from_node": 59281, "to_node": 59282, "length_m": 0.46230956007125379 }, "geometry": { "type": "LineString", "coordinates": [ [ 80.209840566128534, 12.878046311552149 ], [ 80.209839839886698, 12.8780421925296 ] ] } },
{ "type": "Feature", "properties": { "edge_id": 64999, "from_node": 40961, "to_node": 40959, "length_m": 0.052727412340911724 }, "geometry": { "type": "LineString", "coordinates": [ [ 80.291951461208271, 13.167210497716386 ], [ 80.291951475525394, 13.167210974268066 ] ] } },
{ "type": "Feature", "properties": { "edge_id": 65003, "from_node": 45715, "to_node": 45716, "length_m": 0.43685770182979977 }, "geometry": { "type": "LineString", "coordinates": [ [ 80.291968307729064, 13.167773365652138 ], [ 80.29196836189503, 13.167777315336959 ] ] } },
{ "type": "Feature", "properties": { "edge_id": 65092, "from_node": 59363, "to_node": 59364, "length_m": 0.40281449938942143 }, "geometry": { "type": "LineString", "coordinates": [ [ 80.209984826649887, 12.877156996217479 ], [ 80.209984177998322, 12.877153410004103 ] ] } },
{ "type": "Feature", "properties": { "edge_id": 65316, "from_node": 59450, "to_node": 59414, "length_m": 0.49482588833146307 }, "geometry": { "type": "LineString", "coordinates": [ [ 80.20874612622319, 12.875322924886879 ], [ 80.208750625103193, 12.875322192503658 ] ] } },
{ "type": "Feature", "properties": { "edge_id": 65508, "from_node": 59605, "to_node": 59606, "length_m": 0.36921126637833945 }, "geometry": { "type": "LineString", "coordinates": [ [ 80.214439001772661, 13.071261348742835 ], [ 80.214437132709989, 13.07125855815597 ] ] } },
{ "type": "Feature", "properties": { "edge_id": 65633, "from_node": 59682, "to_node": 59683, "length_m": 0.23082677639967722 }, "geometry": { "type": "LineString", "coordinates": [ [ 80.268049992164606, 13.078130711526171 ], [ 80.268052045165689, 13.078130158548804 ] ] } },
{ "type": "Feature", "properties": { "edge_id": 65684, "from_node": 59707, "to_node": 59708, "length_m": 1.622194040445824e-05 }, "geometry": { "type": "LineString", "coordinates": [ [ 80.272369307183524, 13.06952745617221 ], [ 80.272369307047725, 13.069527456233779 ] ] } },
{ "type": "Feature", "properties": { "edge_id": 65705, "from_node": 23139, "to_node": 23140, "length_m": 0.46623807234246628 }, "geometry": { "type": "LineString", "coordinates": [ [ 80.269078885108172, 13.073263785340236 ], [ 80.269083143532754, 13.073263197902319 ] ] } },
{ "type": "Feature", "properties": { "edge_id": 65755, "from_node": 59738, "to_node": 59739, "length_m": 0.24956187598701479 }, "geometry": { "type": "LineString", "coordinates": [ [ 80.268853043153143, 13.060351886776163 ], [ 80.268855284044832, 13.060351371387677 ] ] } },
{ "type": "Feature", "properties": { "edge_id": 65757, "from_node": 47058, "to_node": 47056, "length_m": 0.018264993934771809 }, "geometry": { "type": "LineString", "coordinates": [ [ 80.269384751491074, 13.060251631599099 ], [ 80.269384917588354, 13.060251604038111 ] ] } },
{ "type": "Feature", "properties": { "edge_id": 65850, "from_node": 59783, "to_node": 59784, "length_m": 0.43845449045353202 }, "geometry": { "type": "LineString", "coordinates": [ [ 80.271786567000589, 13.054600135220388 ], [ 80.271786094327538, 13.054596197899269 ] ] } },
{ "type": "Feature", "properties": { "edge_id": 66119, "from_node": 45609, "to_node": 59934, "length_m": 0.27281502972939853 }, "geometry": { "type": "LineString", "coordinates": [ [ 80.223603018251296, 13.061388545430905 ], [ 80.22360226931545, 13.061386190473737 ] ] } },
{ "type": "Feature", "properties": { "edge_id": 66255, "from_node": 25681, "to_node": 25680, "length_m": 0.11047615149500059 }, "geometry": { "type": "LineString", "coordinates": [ [ 80.209556749077905, 13.04765556930165 ], [ 80.209556988546154, 13.047656540229408 ] ] } },
{ "type": "Feature", "properties": { "edge_id": 66442, "from_node": 60121, "to_node": 38699, "length_m": 0.42915649849853432 }, "geometry": { "type": "LineString", "coordinates": [ [ 80.261527082639446, 13.133236554231329 ], [ 80.261526284892156, 13.133232753420121 ] ] } },
{ "type": "Feature", "properties": { "edge_id": 66445, "from_node": 60122, "to_node": 33872, "length_m": 0.39613598617504875 }, "geometry": { "type": "LineString", "coordinates": [ [ 80.26144361435081, 13.132806653129361 ], [ 80.261442779687812, 13.132803165967465 ] ] } },
{ "type": "Feature", "properties": { "edge_id": 66508, "from_node": 26693, "to_node": 60147, "length_m": 0.27440089261936318 }, "geometry": { "type": "LineString", "coordinates": [ [ 80.270807417149072, 13.040269407830609 ], [ 80.270804886565358, 13.040269394376011 ] ] } },
{ "type": "Feature", "properties": { "edge_id": 67158, "from_node": 60561, "to_node": 60560, "length_m": 0.05488624680857454 }, "geometry": { "type": "LineString", "coordinates": [ [ 80.204974689379014, 13.033642443124887 ], [ 80.204974631009392, 13.033641950161892 ] ] } },
{ "type": "Feature", "properties": { "edge_id": 67457, "from_node": 60736, "to_node": 60737, "length_m": 0.35434775251453254 }, "geometry": { "type": "LineString", "coordinates": [ [ 80.308801167024725, 13.193519427112081 ], [ 80.308802493038016, 13.19351649837296 ] ] } },
{ "type": "Feature", "properties": { "edge_id": 67629, "from_node": 55734, "to_node": 55735, "length_m": 0.40467237420287072 }, "geometry": { "type": "LineString", "coordinates": [ [ 80.279768362614945, 13.135313853695401 ], [ 80.279771961721849, 13.135312880909344 ] ] } },
{ "type": "Feature", "properties": { "edge_id": 67634, "from_node": 22719, "to_node": 22717, "length_m": 0.31997332645786397 }, "geometry": { "type": "LineString", "coordinates": [ [ 80.280146690358109, 13.135163564426239 ], [ 80.280149477522713, 13.135162611063361 ] ] } },
{ "type": "Feature", "properties": { "edge_id": 67751, "from_node": 60922, "to_node": 44096, "length_m": 0.48615956326916454 }, "geometry": { "type": "LineString", "coordinates": [ [ 80.307728230949749, 13.163222230748072 ], [ 80.307727455118282, 13.163217901151443 ] ] } },
{ "type": "Feature", "properties": { "edge_id": 67786, "from_node": 60949, "to_node": 60950, "length_m": 0.016160754573455595 }, "geometry": { "type": "LineString", "coordinates": [ [ 80.312977949581878, 13.188752967695384 ], [ 80.312978098186889, 13.188752955434957 ] ] } },
{ "type": "Feature", "properties": { "edge_id": 67789, "from_node": 60952, "to_node": 60953, "length_m": 0.47341927389909771 }, "geometry": { "type": "LineString", "coordinates": [ [ 80.312403122492356, 13.189028131064179 ], [ 80.312404869463336, 13.189032054553092 ] ] } },
{ "type": "Feature", "properties": { "edge_id": 67793, "from_node": 60660, "to_node": 60956, "length_m": 0.34012987271059825 }, "geometry": { "type": "LineString", "coordinates": [ [ 80.312515138634026, 13.189398306246654 ], [ 80.312515662617983, 13.189401338529834 ] ] } },
{ "type": "Feature", "properties": { "edge_id": 67795, "from_node": 60957, "to_node": 60657, "length_m": 0.075406763785493561 }, "geometry": { "type": "LineString", "coordinates": [ [ 80.312548518563617, 13.189584458395913 ], [ 80.312548680046618, 13.189585121607507 ] ] } },
{ "type": "Feature", "properties": { "edge_id": 67797, "from_node": 60959, "to_node": 60960, "length_m": 0.037850495548634934 }, "geometry": { "type": "LineString", "coordinates": [ [ 80.313072621804309, 13.189318380737209 ], [ 80.313072690077362, 13.189318716378354 ] ] } },
{ "type": "Feature", "properties": { "edge_id": 67814, "from_node": 15940, "to_node": 15939, "length_m": 0.15126486685073035 }, "geometry": { "type": "LineString", "coordinates": [ [ 80.312694902676142, 13.191108897707204 ], [ 80.312696279217818, 13.191108670828653 ] ] } },
{ "type": "Feature", "properties": { "edge_id": 67839, "from_node": 60998, "to_node": 60999, "length_m": 0.36983958578010634 }, "geometry": { "type": "LineString", "coordinates": [ [ 80.311384983818115, 13.189345852826301 ], [ 80.311386309565151, 13.189348934283959 ] ] } },
{ "type": "Feature", "properties": { "edge_id": 67841, "from_node": 60663, "to_node": 60661, "length_m": 0.34571089023629026 }, "geometry": { "type": "LineString", "coordinates": [ [ 80.311429567423886, 13.189536995626518 ], [ 80.311430591754785, 13.189539956015535 ] ] } },
{ "type": "Feature", "properties": { "edge_id": 67843, "from_node": 61000, "to_node": 61001, "length_m": 0.31717933432688161 }, "geometry": { "type": "LineString", "coordinates": [ [ 80.311479942842738, 13.189720799222185 ], [ 80.311480791523024, 13.189723543939603 ] ] } },
{ "type": "Feature", "properties": { "edge_id": 67992, "from_node": 61098, "to_node": 18819, "length_m": 0.27965974024812645 }, "geometry": { "type": "LineString", "coordinates": [ [ 80.270391601964747, 13.149676521671493 ], [ 80.270389028176211, 13.149676700628223 ] ] } },
{ "type": "Feature", "properties": { "edge_id": 68038, "from_node": 61133, "to_node": 61129, "length_m": 0.38131862003797901 }, "geometry": { "type": "LineString", "coordinates": [ [ 80.307382997241433, 13.161250316541436 ], [ 80.307382137452976, 13.161246973200294 ] ] } },
{ "type": "Feature", "properties": { "edge_id": 68041, "from_node": 60914, "to_node": 60913, "length_m": 0.33815211146093749 }, "geometry": { "type": "LineString", "coordinates": [ [ 80.306932098177313, 13.162581325645565 ], [ 80.306931455160878, 13.162578333718322 ] ] } },
{ "type": "Feature", "properties": { "edge_id": 68102, "from_node": 7342, "to_node": 7340, "length_m": 0.37395026403984094 }, "geometry": { "type": "LineString", "coordinates": [ [ 80.204445746446183, 13.109864879050486 ], [ 80.204442297925212, 13.109864964248116 ] ] } },
{ "type": "Feature", "properties": { "edge_id": 68230, "from_node": 60978, "to_node": 60977, "length_m": 0.25324085266268326 }, "geometry": { "type": "LineString", "coordinates": [ [ 80.324541068274158, 13.212467566314352 ], [ 80.324541609421914, 13.212469793883798 ] ] } },
{ "type": "Feature", "properties": { "edge_id": 68337, "from_node": 22444, "to_node": 22446, "length_m": 0.36269740716984145 }, "geometry": { "type": "LineString", "coordinates": [ [ 80.269876406296859, 13.037304964298734 ], [ 80.269877184527218, 13.037308153806762 ] ] } },
{ "type": "Feature", "properties": { "edge_id": 68362, "from_node": 54233, "to_node": 54232, "length_m": 0.42557839486071036 }, "geometry": { "type": "LineString", "coordinates": [ [ 80.269819158742536, 13.037863601989724 ], [ 80.269820041387746, 13.037867351493626 ] ] } },
{ "type": "Feature", "properties": { "edge_id": 68364, "from_node": 61271, "to_node": 61272, "length_m": 0.20075681776249585 }, "geometry": { "type": "LineString", "coordinates": [ [ 80.269857628288648, 13.038055879715237 ], [ 80.269857944902526, 13.038057668216336 ] ] } },
{ "type": "Feature", "properties": { "edge_id": 68367, "from_node": 30200, "to_node": 30202, "length_m": 0.38129843896379467 }, "geometry": { "type": "LineString", "coordinates": [ [ 80.269894213009664, 13.038441524896431 ], [ 80.269894596753318, 13.038444952001848 ] ] } },
{ "type": "Feature", "properties": { "edge_id": 68369, "from_node": 54226, "to_node": 54228, "length_m": 0.43041418542263943 }, "geometry": { "type": "LineString", "coordinates": [ [ 80.269927135377173, 13.038637601804849 ], [ 80.269927812118112, 13.038641436627264 ] ] } },
{ "type": "Feature", "properties": { "edge_id": 68371, "from_node": 37100, "to_node": 37102, "length_m": 0.339843053602984 }, "geometry": { "type": "LineString", "coordinates": [ [ 80.269962580591368, 13.038838542291856 ], [ 80.269963114908677, 13.038841570164019 ] ] } },
{ "type": "Feature", "properties": { "edge_id": 68377, "from_node": 60780, "to_node": 39494, "length_m": 0.40817270831394892 }, "geometry": { "type": "LineString", "coordinates": [ [ 80.296971804883142, 13.166781398124353 ], [ 80.296975555746684, 13.166781064802583 ] ] } },
{ "type": "Feature", "properties": { "edge_id": 68565, "from_node": 61359, "to_node": 38122, "length_m": 0.024434603813080439 }, "geometry": { "type": "LineString", "coordinates": [ [ 80.251402255845036, 13.13261213112893 ], [ 80.251402443499302, 13.132612008704715 ] ] } },
{ "type": "Feature", "properties": { "edge_id": 68738, "from_node": 30396, "to_node": 30267, "length_m": 0.4122960338327184 }, "geometry": { "type": "LineString", "coordinates": [ [ 80.243988663461778, 13.142666502757837 ], [ 80.243992455390043, 13.142666207387219 ] ] } },
{ "type": "Feature", "properties": { "edge_id": 68891, "from_node": 33842, "to_node": 30459, "length_m": 0.47806653266404847 }, "geometry": { "type": "LineString", "coordinates": [ [ 80.254438291873853, 13.131070271416316 ], [ 80.2544426782719, 13.131070722659437 ] ] } },
{ "type": "Feature", "properties": { "edge_id": 68954, "from_node": 33938, "to_node": 33941, "length_m": 0.43405872926671329 }, "geometry": { "type": "LineString", "coordinates": [ [ 80.276352079813307, 13.134102140367597 ], [ 80.276354189230219, 13.134105476459444 ] ] } },
{ "type": "Feature", "properties": { "edge_id": 69190, "from_node": 60251, "to_node": 60252, "length_m": 0.45328177745061687 }, "geometry": { "type": "LineString", "coordinates": [ [ 80.263964436287395, 13.117165363570201 ], [ 80.263968614860289, 13.117165207330412 ] ] } },
{ "type": "Feature", "properties": { "edge_id": 69283, "from_node": 54514, "to_node": 54510, "length_m": 0.14950481648689792 }, "geometry": { "type": "LineString", "coordinates": [ [ 80.254441938399196, 13.144685718825025 ], [ 80.254442068115807, 13.144687064639642 ] ] } },
{ "type": "Feature", "properties": { "edge_id": 69287, "from_node": 22509, "to_node": 22511, "length_m": 0.22987914211287219 }, "geometry": { "type": "LineString", "coordinates": [ [ 80.254492390281456, 13.145118683089374 ], [ 80.254492661767202, 13.145120744531319 ] ] } },
{ "type": "Feature", "properties": { "edge_id": 69290, "from_node": 61482, "to_node": 61484, "length_m": 0.45529473982684854 }, "geometry": { "type": "LineString", "coordinates": [ [ 80.254532365758067, 13.145506765395057 ], [ 80.254532880241456, 13.145510851124314 ] ] } },
{ "type": "Feature", "properties": { "edge_id": 69304, "from_node": 22491, "to_node": 22496, "length_m": 0.35138413598149021 }, "geometry": { "type": "LineString", "coordinates": [ [ 80.255055380137776, 13.144421245944043 ], [ 80.255055739660364, 13.144424403522265 ] ] } },
{ "type": "Feature", "properties": { "edge_id": 69307, "from_node": 33529, "to_node": 33526, "length_m": 0.182324382342236 }, "geometry": { "type": "LineString", "coordinates": [ [ 80.255103651713725, 13.14486041744202 ], [ 80.255103824833029, 13.144862057244838 ] ] } },
{ "type": "Feature", "properties": { "edge_id": 69309, "from_node": 22512, "to_node": 22507, "length_m": 0.054034155917781115 }, "geometry": { "type": "LineString", "coordinates": [ [ 80.255128180639531, 13.14508059792694 ], [ 80.255128234531711, 13.145081083634514 ] ] } },
{ "type": "Feature", "properties": { "edge_id": 69311, "from_node": 54519, "to_node": 54516, "length_m": 0.17675477385658392 }, "geometry": { "type": "LineString", "coordinates": [ [ 80.255152170354776, 13.145342511661815 ], [ 80.255152305789053, 13.145344104337353 ] ] } },
{ "type": "Feature", "properties": { "edge_id": 69328, "from_node": 30449, "to_node": 30447, "length_m": 0.12673200227196191 }, "geometry": { "type": "LineString", "coordinates": [ [ 80.2541880633527, 13.142587597586886 ], [ 80.254189228001167, 13.142587496078926 ] ] } },
{ "type": "Feature", "properties": { "edge_id": 69387, "from_node": 31057, "to_node": 31056, "length_m": 0.4269406766063456 }, "geometry": { "type": "LineString", "coordinates": [ [ 80.284674230007511, 13.102370900215082 ], [ 80.284678058118317, 13.102369993071424 ] ] } },
{ "type": "Feature", "properties": { "edge_id": 69393, "from_node": 55920, "to_node": 55921, "length_m": 0.40571361792002919 }, "geometry": { "type": "LineString", "coordinates": [ [ 80.285462142322828, 13.103838996325729 ], [ 80.285463079462104, 13.103842547911659 ] ] } },
{ "type": "Feature", "properties": { "edge_id": 69554, "from_node": 61726, "to_node": 61719, "length_m": 0.13199371132642168 }, "geometry": { "type": "LineString", "coordinates": [ [ 80.246155615883552, 13.143316802317743 ], [ 80.246155393424473, 13.143315628929701 ] ] } },
{ "type": "Feature", "properties": { "edge_id": 69667, "from_node": 61839, "to_node": 40229, "length_m": 0.066502705494116243 }, "geometry": { "type": "LineString", "coordinates": [ [ 80.265753488291466, 13.119893620770036 ], [ 80.265753484540951, 13.119893019468835 ] ] } },
{ "type": "Feature", "properties": { "edge_id": 69841, "from_node": 34682, "to_node": 34684, "length_m": 0.45834752157915598 }, "geometry": { "type": "LineString", "coordinates": [ [ 80.275903127804256, 13.100248881956064 ], [ 80.275898900018916, 13.100248929762056 ] ] } },
{ "type": "Feature", "properties": { "edge_id": 69843, "from_node": 41677, "to_node": 41676, "length_m": 0.32673525960312227 }, "geometry": { "type": "LineString", "coordinates": [ [ 80.275539477238155, 13.100253045289739 ], [ 80.275536463451203, 13.100253080224668 ] ] } },
{ "type": "Feature", "properties": { "edge_id": 69915, "from_node": 61932, "to_node": 61933, "length_m": 0.298426891442864 }, "geometry": { "type": "LineString", "coordinates": [ [ 80.277364705061444, 13.093175584358477 ], [ 80.277362185365391, 13.093174497686219 ] ] } },
{ "type": "Feature", "properties": { "edge_id": 69979, "from_node": 61963, "to_node": 61957, "length_m": 0.098171483943959859 }, "geometry": { "type": "LineString", "coordinates": [ [ 80.227129528214377, 13.098126283904021 ], [ 80.227129471949482, 13.098127169842144 ] ] } },
{ "type": "Feature", "properties": { "edge_id": 69982, "from_node": 61960, "to_node": 61958, "length_m": 0.069056787918338983 }, "geometry": { "type": "LineString", "coordinates": [ [ 80.22710906344588, 13.098326910375864 ], [ 80.227109699848739, 13.098326937600319 ] ] } },
{ "type": "Feature", "properties": { "edge_id": 70173, "from_node": 58132, "to_node": 58131, "length_m": 0.27582844376316862 }, "geometry": { "type": "LineString", "coordinates": [ [ 80.247273563413273, 13.170314064571857 ], [ 80.247273886540285, 13.170311590753405 ] ] } },
{ "type": "Feature", "properties": { "edge_id": 70193, "from_node": 58056, "to_node": 58055, "length_m": 0.43382127607976645 }, "geometry": { "type": "LineString", "coordinates": [ [ 80.249307842010253, 13.170569488919613 ], [ 80.249308377036058, 13.170565601564803 ] ] } },
{ "type": "Feature", "properties": { "edge_id": 70264, "from_node": 62081, "to_node": 62082, "length_m": 0.44332367340421813 }, "geometry": { "type": "LineString", "coordinates": [ [ 80.240447433563688, 13.17049462456999 ], [ 80.240451428116828, 13.170495488139201 ] ] } },
{ "type": "Feature", "properties": { "edge_id": 70265, "from_node": 62083, "to_node": 62084, "length_m": 0.26943841629767268 }, "geometry": { "type": "LineString", "coordinates": [ [ 80.241144703521641, 13.170611946254345 ], [ 80.24114715203946, 13.170612368517855 ] ] } },
{ "type": "Feature", "properties": { "edge_id": 70328, "from_node": 62120, "to_node": 62119, "length_m": 0.22341792615883307 }, "geometry": { "type": "LineString", "coordinates": [ [ 80.239866675351408, 13.172980631315539 ], [ 80.239866857801076, 13.172978619134081 ] ] } },
{ "type": "Feature", "properties": { "edge_id": 70343, "from_node": 62138, "to_node": 62085, "length_m": 0.19152404516092394 }, "geometry": { "type": "LineString", "coordinates": [ [ 80.241561592954241, 13.170683738946398 ], [ 80.241563331320435, 13.170684050604386 ] ] } },
{ "type": "Feature", "properties": { "edge_id": 70449, "from_node": 62197, "to_node": 62181, "length_m": 0.17264614254648417 }, "geometry": { "type": "LineString", "coordinates": [ [ 80.298469599578667, 13.176794082335105 ], [ 80.298468208388954, 13.176793321716161 ] ] } },
{ "type": "Feature", "properties": { "edge_id": 70484, "from_node": 28249, "to_node": 62215, "length_m": 0.43081550467276125 }, "geometry": { "type": "LineString", "coordinates": [ [ 80.203783698177944, 13.100193851752973 ], [ 80.203784122972252, 13.100197724788249 ] ] } },
{ "type": "Feature", "properties": { "edge_id": 70633, "from_node": 62260, "to_node": 62288, "length_m": 0.32472181949873719 }, "geometry": { "type": "LineString", "coordinates": [ [ 80.302948946588401, 13.180677844441158 ], [ 80.302951673124184, 13.180676626663725 ] ] } },
{ "type": "Feature", "properties": { "edge_id": 70698, "from_node": 44994, "to_node": 44995, "length_m": 0.15043540138217187 }, "geometry": { "type": "LineString", "coordinates": [ [ 80.291456107347472, 13.170863710677592 ], [ 80.291456288014999, 13.17086505933473 ] ] } },
{ "type": "Feature", "properties": { "edge_id": 70704, "from_node": 40585, "to_node": 40586, "length_m": 0.24348710296194676 }, "geometry": { "type": "LineString", "coordinates": [ [ 80.291584204210878, 13.171752694142855 ], [ 80.291584524592508, 13.171754873238749 ] ] } },
{ "type": "Feature", "properties": { "edge_id": 70912, "from_node": 62400, "to_node": 62403, "length_m": 0.23430172881541261 }, "geometry": { "type": "LineString", "coordinates": [ [ 80.193874219804641, 13.06096072985804 ], [ 80.193875939422981, 13.060962012834194 ] ] } },
{ "type": "Feature", "properties": { "edge_id": 70963, "from_node": 58919, "to_node": 58921, "length_m": 0.060424167669618903 }, "geometry": { "type": "LineString", "coordinates": [ [ 80.197528886826504, 13.070715304132619 ], [ 80.197528840624258, 13.070714759668808 ] ] } },
{ "type": "Feature", "properties": { "edge_id": 70965, "from_node": 24722, "to_node": 24721, "length_m": 0.40038603884807356 }, "geometry": { "type": "LineString", "coordinates": [ [ 80.197524644283192, 13.070525134185166 ], [ 80.197524579425135, 13.070521514524746 ] ] } },
{ "type": "Feature", "properties": { "edge_id": 70991, "from_node": 44823, "to_node": 44785, "length_m": 0.35215956619149347 }, "geometry": { "type": "LineString", "coordinates": [ [ 80.187852737566828, 13.050861269379332 ], [ 80.187855983582082, 13.050861375410115 ] ] } },
{ "type": "Feature", "properties": { "edge_id": 71065, "from_node": 24847, "to_node": 24848, "length_m": 0.31101892380236046 }, "geometry": { "type": "LineString", "coordinates": [ [ 80.260975752914646, 13.094253067741693 ], [ 80.260975823862793, 13.094255879093902 ] ] } },
{ "type": "Feature", "properties": { "edge_id": 71080, "from_node": 35561, "to_node": 35560, "length_m": 0.12741463851761317 }, "geometry": { "type": "LineString", "coordinates": [ [ 80.256736502997285, 13.089577830243089 ], [ 80.256735367467414, 13.089577533108784 ] ] } },
{ "type": "Feature", "properties": { "edge_id": 71462, "from_node": 62798, "to_node": 62751, "length_m": 0.36806049781658806 }, "geometry": { "type": "LineString", "coordinates": [ [ 80.204535020953443, 13.172718200255103 ], [ 80.20453832493007, 13.17271743019089 ] ] } },
{ "type": "Feature", "properties": { "edge_id": 71472, "from_node": 62805, "to_node": 62801, "length_m": 0.34792530841910452 }, "geometry": { "type": "LineString", "coordinates": [ [ 80.204630477653126, 13.173258781410802 ], [ 80.204633599739964, 13.173258048757479 ] ] } },
{ "type": "Feature", "properties": { "edge_id": 71605, "from_node": 62927, "to_node": 62928, "length_m": 0.38494597060238467 }, "geometry": { "type": "LineString", "coordinates": [ [ 80.207215665691606, 13.169467692308798 ], [ 80.207215752304052, 13.1694711718677 ] ] } },
{ "type": "Feature", "properties": { "edge_id": 71674, "from_node": 62992, "to_node": 62993, "length_m": 0.3255887285581906 }, "geometry": { "type": "LineString", "coordinates": [ [ 80.201762270345384, 13.155330954892122 ], [ 80.201765259726329, 13.155331245382103 ] ] } },
{ "type": "Feature", "properties": { "edge_id": 71786, "from_node": 63105, "to_node": 63106, "length_m": 0.051960850625030044 }, "geometry": { "type": "LineString", "coordinates": [ [ 80.209637924278866, 13.1590598325869 ], [ 80.209637877798642, 13.159059364981275 ] ] } },
{ "type": "Feature", "properties": { "edge_id": 73049, "from_node": 64216, "to_node": 2301, "length_m": 0.41462745768771886 }, "geometry": { "type": "LineString", "coordinates": [ [ 80.219781021640372, 13.132810957926027 ], [ 80.219782579605408, 13.132807533974555 ] ] } },
{ "type": "Feature", "properties": { "edge_id": 73076, "from_node": 64243, "to_node": 64244, "length_m": 0.26285617906007774 }, "geometry": { "type": "LineString", "coordinates": [ [ 80.217068394042926, 13.133565524235323 ], [ 80.21707081088654, 13.133565329052633 ] ] } },
{ "type": "Feature", "properties": { "edge_id": 73250, "from_node": 64394, "to_node": 64395, "length_m": 0.1628135444314853 }, "geometry": { "type": "LineString", "coordinates": [ [ 80.232514627642857, 13.163398624893016 ], [ 80.232516065597778, 13.163398198798685 ] ] } },
{ "type": "Feature", "properties": { "edge_id": 73406, "from_node": 64544, "to_node": 64540, "length_m": 0.30680143406758803 }, "geometry": { "type": "LineString", "coordinates": [ [ 80.203301260174072, 13.135414963769906 ], [ 80.203304053347409, 13.135414514904024 ] ] } },
{ "type": "Feature", "properties": { "edge_id": 73613, "from_node": 64719, "to_node": 64720, "length_m": 5.4266582655169323e-05 }, "geometry": { "type": "LineString", "coordinates": [ [ 80.248984135170844, 13.154513294245135 ], [ 80.248984134678594, 13.154513294334887 ] ] } },
{ "type": "Feature", "properties": { "edge_id": 73654, "from_node": 64776, "to_node": 64777, "length_m": 0.36579897400880201 }, "geometry": { "type": "LineString", "coordinates": [ [ 80.234061552126377, 13.136981022629341 ], [ 80.23406491407826, 13.136981311131104 ] ] } },
{ "type": "Feature", "properties": { "edge_id": 74003, "from_node": 65110, "to_node": 65109, "length_m": 0.49211852264932543 }, "geometry": { "type": "LineString", "coordinates": [ [ 80.24314270940711, 13.164562132418313 ], [ 80.243142822715626, 13.164557684142526 ] ] } },
{ "type": "Feature", "properties": { "edge_id": 74053, "from_node": 65174, "to_node": 1942, "length_m": 0.37524089542056094 }, "geometry": { "type": "LineString", "coordinates": [ [ 80.234963436291608, 13.151749512889094 ], [ 80.2349654548009, 13.151752269440067 ] ] } },
{ "type": "Feature", "properties": { "edge_id": 74178, "from_node": 65288, "to_node": 65289, "length_m": 0.073111489425643592 }, "geometry": { "type": "LineString", "coordinates": [ [ 80.256317961003646, 13.154410414658598 ], [ 80.256318625659901, 13.154410301750305 ] ] } },
{ "type": "Feature", "properties": { "edge_id": 74263, "from_node": 65358, "to_node": 65359, "length_m": 0.24047089127729901 }, "geometry": { "type": "LineString", "coordinates": [ [ 80.245394007694031, 13.149783361395595 ], [ 80.245393556572949, 13.149781232510795 ] ] } },
{ "type": "Feature", "properties": { "edge_id": 74265, "from_node": 65360, "to_node": 65361, "length_m": 0.38580099746225838 }, "geometry": { "type": "LineString", "coordinates": [ [ 80.245314816296116, 13.149409865465072 ], [ 80.245314092318182, 13.149406450020026 ] ] } },
{ "type": "Feature", "properties": { "edge_id": 74267, "from_node": 65362, "to_node": 65363, "length_m": 0.47908132861238284 }, "geometry": { "type": "LineString", "coordinates": [ [ 80.245232476783016, 13.149026806589553 ], [ 80.245231561568048, 13.149022568673507 ] ] } },
{ "type": "Feature", "properties": { "edge_id": 74273, "from_node": 65368, "to_node": 54571, "length_m": 0.47269244910910457 }, "geometry": { "type": "LineString", "coordinates": [ [ 80.244662330502351, 13.145595433029492 ], [ 80.244666108005475, 13.145594740669216 ], [ 80.244666617336165, 13.145594647302223 ] ] } },
{ "type": "Feature", "properties": { "edge_id": 74295, "from_node": 2017, "to_node": 2020, "length_m": 0.42321143627621483 }, "geometry": { "type": "LineString", "coordinates": [ [ 80.254312466555945, 13.159124928931124 ], [ 80.254316228647241, 13.159123903651594 ] ] } },
{ "type": "Feature", "properties": { "edge_id": 74370, "from_node": 65460, "to_node": 65461, "length_m": 0.33964360774792168 }, "geometry": { "type": "LineString", "coordinates": [ [ 80.260763798976853, 13.159121067924904 ], [ 80.260766924750939, 13.15912084816186 ] ] } },
{ "type": "Feature", "properties": { "edge_id": 74501, "from_node": 65573, "to_node": 65574, "length_m": 0.3357232483025499 }, "geometry": { "type": "LineString", "coordinates": [ [ 80.228459526304377, 13.157434920368607 ], [ 80.228460919707899, 13.157432209281744 ] ] } },
{ "type": "Feature", "properties": { "edge_id": 74806, "from_node": 65855, "to_node": 65856, "length_m": 0.38063595619158047 }, "geometry": { "type": "LineString", "coordinates": [ [ 80.252347933808849, 13.157740895194568 ], [ 80.252348566649914, 13.157744280520232 ] ] } },
{ "type": "Feature", "properties": { "edge_id": 74911, "from_node": 65373, "to_node": 65374, "length_m": 0.37703327417414156 }, "geometry": { "type": "LineString", "coordinates": [ [ 80.244478898954014, 13.15074164414084 ], [ 80.244475485917619, 13.150742303206437 ] ] } },
{ "type": "Feature", "properties": { "edge_id": 74930, "from_node": 65947, "to_node": 18631, "length_m": 0.36085691075368526 }, "geometry": { "type": "LineString", "coordinates": [ [ 80.260074472562707, 13.155243752806852 ], [ 80.260074853918312, 13.155243654444124 ], [ 80.260077693298385, 13.155242925705691 ] ] } },
{ "type": "Feature", "properties": { "edge_id": 75003, "from_node": 1573, "to_node": 65330, "length_m": 0.38177628294894511 }, "geometry": { "type": "LineString", "coordinates": [ [ 80.257335553796977, 13.15682117001756 ], [ 80.25733480459489, 13.156817797022864 ] ] } },
{ "type": "Feature", "properties": { "edge_id": 75174, "from_node": 3232, "to_node": 3224, "length_m": 0.46711888330254131 }, "geometry": { "type": "LineString", "coordinates": [ [ 80.292453762396818, 13.136891818357332 ], [ 80.292458010252773, 13.136891105778298 ] ] } },
{ "type": "Feature", "properties": { "edge_id": 75181, "from_node": 56224, "to_node": 33743, "length_m": 0.44961184461729281 }, "geometry": { "type": "LineString", "coordinates": [ [ 80.249950501118363, 13.120465533775079 ], [ 80.249951268545217, 13.120469528928034 ] ] } },
{ "type": "Feature", "properties": { "edge_id": 75334, "from_node": 66236, "to_node": 66271, "length_m": 0.37522687788575465 }, "geometry": { "type": "LineString", "coordinates": [ [ 80.275768205678347, 13.120367204548666 ], [ 80.275767374889327, 13.120363910931234 ] ] } },
{ "type": "Feature", "properties": { "edge_id": 75353, "from_node": 66274, "to_node": 66289, "length_m": 0.47866841435156932 }, "geometry": { "type": "LineString", "coordinates": [ [ 80.275597528362042, 13.120890644829867 ], [ 80.275593241964827, 13.120891685257874 ] ] } },
{ "type": "Feature", "properties": { "edge_id": 75372, "from_node": 66283, "to_node": 66242, "length_m": 0.44661072456018164 }, "geometry": { "type": "LineString", "coordinates": [ [ 80.275694930681908, 13.119908335857881 ], [ 80.275690919562464, 13.119909258612747 ] ] } },
{ "type": "Feature", "properties": { "edge_id": 75395, "from_node": 66312, "to_node": 66314, "length_m": 0.0038209935002094853 }, "geometry": { "type": "LineString", "coordinates": [ [ 80.275024704061664, 13.119426631826039 ], [ 80.275024700270876, 13.11942666617488 ] ] } },
{ "type": "Feature", "properties": { "edge_id": 75492, "from_node": 66362, "to_node": 22253, "length_m": 0.38521797841985028 }, "geometry": { "type": "LineString", "coordinates": [ [ 80.240613803357377, 13.073791128948018 ], [ 80.240614901870231, 13.073787816494567 ] ] } },
{ "type": "Feature", "properties": { "edge_id": 75501, "from_node": 66369, "to_node": 66358, "length_m": 0.079094122173958045 }, "geometry": { "type": "LineString", "coordinates": [ [ 80.240563284416922, 13.073776516957363 ], [ 80.240563482062328, 13.073775828541907 ] ] } },
{ "type": "Feature", "properties": { "edge_id": 75522, "from_node": 66392, "to_node": 66393, "length_m": 0.117964486445529 }, "geometry": { "type": "LineString", "coordinates": [ [ 80.242464280001073, 13.073229299997278 ], [ 80.242463192661006, 13.07322926154564 ] ] } },
{ "type": "Feature", "properties": { "edge_id": 75672, "from_node": 3939, "to_node": 66559, "length_m": 0.3752008805213331 }, "geometry": { "type": "LineString", "coordinates": [ [ 80.220148882003514, 13.129195462981107 ], [ 80.220152342244035, 13.129195552130986 ] ] } },
{ "type": "Feature", "properties": { "edge_id": 75706, "from_node": 59923, "to_node": 66581, "length_m": 0.13212588722946161 }, "geometry": { "type": "LineString", "coordinates": [ [ 80.245706876352301, 13.029520385216379 ], [ 80.245705661543084, 13.029520477525972 ] ] } },
{ "type": "Feature", "properties": { "edge_id": 75737, "from_node": 66595, "to_node": 66596, "length_m": 0.34846062952951118 }, "geometry": { "type": "LineString", "coordinates": [ [ 80.220282883744048, 13.127459454494513 ], [ 80.220286098074496, 13.1274594054599 ] ] } },
{ "type": "Feature", "properties": { "edge_id": 75786, "from_node": 66641, "to_node": 66617, "length_m": 0.30824152815224576 }, "geometry": { "type": "LineString", "coordinates": [ [ 80.20836160185759, 13.085723241603283 ], [ 80.20836444315978, 13.085723140005699 ] ] } },
{ "type": "Feature", "properties": { "edge_id": 75849, "from_node": 66706, "to_node": 66707, "length_m": 0.12770317166411671 }, "geometry": { "type": "LineString", "coordinates": [ [ 80.20141062588263, 13.091546706148348 ], [ 80.201409623324437, 13.091546099953522 ] ] } },
{ "type": "Feature", "properties": { "edge_id": 76077, "from_node": 66937, "to_node": 66938, "length_m": 0.46406424253993489 }, "geometry": { "type": "LineString", "coordinates": [ [ 80.230274680657047, 13.078835727444048 ], [ 80.23027494345807, 13.078839915542542 ] ] } },
{ "type": "Feature", "properties": { "edge_id": 76233, "from_node": 67111, "to_node": 67112, "length_m": 0.31232311828300474 }, "geometry": { "type": "LineString", "coordinates": [ [ 80.214840144734168, 13.065049521704948 ], [ 80.214840100762942, 13.06505234535806 ] ] } },
{ "type": "Feature", "properties": { "edge_id": 76423, "from_node": 26136, "to_node": 26137, "length_m": 0.27242338417348483 }, "geometry": { "type": "LineString", "coordinates": [ [ 80.238926606337287, 13.048910712739845 ], [ 80.238924146960983, 13.048911216378745 ] ] } },
{ "type": "Feature", "properties": { "edge_id": 76651, "from_node": 67525, "to_node": 67526, "length_m": 0.41336637503416873 }, "geometry": { "type": "LineString", "coordinates": [ [ 80.205381914100386, 13.080473652104942 ], [ 80.205378104224081, 13.080473797710303 ] ] } },
{ "type": "Feature", "properties": { "edge_id": 76682, "from_node": 67552, "to_node": 67553, "length_m": 0.40981327415810875 }, "geometry": { "type": "LineString", "coordinates": [ [ 80.211013590667861, 13.090626836628351 ], [ 80.211017367524292, 13.090626681805327 ] ] } },
{ "type": "Feature", "properties": { "edge_id": 76709, "from_node": 67569, "to_node": 67562, "length_m": 0.38681738506741215 }, "geometry": { "type": "LineString", "coordinates": [ [ 80.213090924043456, 13.088614541081062 ], [ 80.213091097440042, 13.08861803448973 ] ] } },
{ "type": "Feature", "properties": { "edge_id": 76930, "from_node": 67447, "to_node": 67446, "length_m": 0.46432768504579702 }, "geometry": { "type": "LineString", "coordinates": [ [ 80.219158987059643, 13.068209345821591 ], [ 80.219159383434203, 13.06821352619003 ] ] } },
{ "type": "Feature", "properties": { "edge_id": 76991, "from_node": 67859, "to_node": 67860, "length_m": 0.34100476637953536 }, "geometry": { "type": "LineString", "coordinates": [ [ 80.192484797955132, 13.057118420216518 ], [ 80.192484995174212, 13.057115342981275 ] ] } },
{ "type": "Feature", "properties": { "edge_id": 77058, "from_node": 67923, "to_node": 67924, "length_m": 0.45598070121210393 }, "geometry": { "type": "LineString", "coordinates": [ [ 80.223492936154599, 13.068608295482928 ], [ 80.223488914691487, 13.068609502251467 ] ] } },
{ "type": "Feature", "properties": { "edge_id": 77125, "from_node": 68002, "to_node": 68003, "length_m": 0.21710389195472324 }, "geometry": { "type": "LineString", "coordinates": [ [ 80.21292179651256, 13.063949726878104 ], [ 80.212921778304732, 13.063951689819403 ] ] } },
{ "type": "Feature", "properties": { "edge_id": 77432, "from_node": 49673, "to_node": 29457, "length_m": 0.16387318293408792 }, "geometry": { "type": "LineString", "coordinates": [ [ 80.215184668348783, 13.025837937735972 ], [ 80.215184819616951, 13.025836463454858 ] ] } },
{ "type": "Feature", "properties": { "edge_id": 77448, "from_node": 68290, "to_node": 68291, "length_m": 0.43056838040819856 }, "geometry": { "type": "LineString", "coordinates": [ [ 80.246233864154405, 13.1112458236727 ], [ 80.246229894262797, 13.111245949497205 ] ] } },
{ "type": "Feature", "properties": { "edge_id": 77505, "from_node": 31248, "to_node": 68334, "length_m": 8.0391235397861556e-06 }, "geometry": { "type": "LineString", "coordinates": [ [ 80.247821415272327, 13.113565134690294 ], [ 80.247821415203248, 13.113565134716737 ] ] } },
{ "type": "Feature", "properties": { "edge_id": 77610, "from_node": 68421, "to_node": 68422, "length_m": 0.01853672110465393 }, "geometry": { "type": "LineString", "coordinates": [ [ 80.244924075866606, 13.104304201859536 ], [ 80.244924242722263, 13.104304238515985 ] ] } },
{ "type": "Feature", "properties": { "edge_id": 77706, "from_node": 68491, "to_node": 68492, "length_m": 0.35644786475944479 }, "geometry": { "type": "LineString", "coordinates": [ [ 80.217782247447943, 13.11367667561815 ], [ 80.217785524993104, 13.113676416121413 ] ] } },
{ "type": "Feature", "properties": { "edge_id": 77708, "from_node": 68493, "to_node": 68494, "length_m": 0.41354889622880031 }, "geometry": { "type": "LineString", "coordinates": [ [ 80.218193039700637, 13.11365139908702 ], [ 80.21819685020327, 13.113651218058287 ] ] } },
{ "type": "Feature", "properties": { "edge_id": 77713, "from_node": 68497, "to_node": 68498, "length_m": 0.11849375543832748 }, "geometry": { "type": "LineString", "coordinates": [ [ 80.219181968745005, 13.113535878124109 ], [ 80.219183044972951, 13.113535690602198 ] ] } },
{ "type": "Feature", "properties": { "edge_id": 77716, "from_node": 68501, "to_node": 68490, "length_m": 0.12718191660488154 }, "geometry": { "type": "LineString", "coordinates": [ [ 80.217379883104442, 13.113694371969906 ], [ 80.21738105486439, 13.113694314044647 ] ] } },
{ "type": "Feature", "properties": { "edge_id": 77737, "from_node": 68526, "to_node": 68527, "length_m": 0.26701807018619311 }, "geometry": { "type": "LineString", "coordinates": [ [ 80.21794032146336, 13.11088805088327 ], [ 80.217940657996962, 13.110890442577363 ] ] } },
{ "type": "Feature", "properties": { "edge_id": 78074, "from_node": 20529, "to_node": 68856, "length_m": 0.14143754679228904 }, "geometry": { "type": "LineString", "coordinates": [ [ 80.237333189112405, 13.117022434402591 ], [ 80.237332894979488, 13.117021188460425 ] ] } },
{ "type": "Feature", "properties": { "edge_id": 78126, "from_node": 4044, "to_node": 4046, "length_m": 0.18112683573037744 }, "geometry": { "type": "LineString", "coordinates": [ [ 80.233520193312245, 13.119721834342132 ], [ 80.233520555524507, 13.119723433124419 ] ] } },
{ "type": "Feature", "properties": { "edge_id": 78131, "from_node": 4029, "to_node": 4032, "length_m": 0.05380278837794724 }, "geometry": { "type": "LineString", "coordinates": [ [ 80.233476788835489, 13.12061487510532 ], [ 80.233476734752784, 13.12061535868609 ] ] } },
{ "type": "Feature", "properties": { "edge_id": 78165, "from_node": 68911, "to_node": 68912, "length_m": 0.41586406387231339 }, "geometry": { "type": "LineString", "coordinates": [ [ 80.278872500125161, 13.112055375079416 ], [ 80.27887303724799, 13.112059098266499 ] ] } },
{ "type": "Feature", "properties": { "edge_id": 78176, "from_node": 68925, "to_node": 68926, "length_m": 0.19430432320082061 }, "geometry": { "type": "LineString", "coordinates": [ [ 80.279598840967836, 13.111095735712565 ], [ 80.279597059059554, 13.111095926037944 ] ] } },
{ "type": "Feature", "properties": { "edge_id": 78208, "from_node": 68962, "to_node": 68963, "length_m": 0.022737852949418932 }, "geometry": { "type": "LineString", "coordinates": [ [ 80.208291770426229, 13.112370968393448 ], [ 80.208291794141942, 13.112370764120319 ] ] } },
{ "type": "Feature", "properties": { "edge_id": 78222, "from_node": 68981, "to_node": 68982, "length_m": 0.089440764401221381 }, "geometry": { "type": "LineString", "coordinates": [ [ 80.210733151209325, 13.113713063771124 ], [ 80.210733975838579, 13.113713090710455 ] ] } },
{ "type": "Feature", "properties": { "edge_id": 78302, "from_node": 69062, "to_node": 69063, "length_m": 0.042353392946897737 }, "geometry": { "type": "LineString", "coordinates": [ [ 80.228232074241191, 13.114690972144267 ], [ 80.228232174562805, 13.114691342258352 ] ] } },
{ "type": "Feature", "properties": { "edge_id": 78372, "from_node": 5272, "to_node": 5273, "length_m": 0.39267151615982476 }, "geometry": { "type": "LineString", "coordinates": [ [ 80.17721071582271, 13.131605131817603 ], [ 80.177214302550553, 13.13160463333041 ] ] } },
{ "type": "Feature", "properties": { "edge_id": 78458, "from_node": 69199, "to_node": 69181, "length_m": 0.39567898637728816 }, "geometry": { "type": "LineString", "coordinates": [ [ 80.2411631484525, 13.118094190734368 ], [ 80.241163269199447, 13.118090615011457 ] ] } },
{ "type": "Feature", "properties": { "edge_id": 78574, "from_node": 69308, "to_node": 68149, "length_m": 0.31300920215148154 }, "geometry": { "type": "LineString", "coordinates": [ [ 80.248562564420524, 13.113855690896365 ], [ 80.248562550872961, 13.113852860731162 ] ] } },
{ "type": "Feature", "properties": { "edge_id": 78863, "from_node": 69569, "to_node": 69570, "length_m": 0.24161715610258805 }, "geometry": { "type": "LineString", "coordinates": [ [ 80.214739356849364, 13.117108781494228 ], [ 80.214739204175316, 13.11711096102319 ] ] } },
{ "type": "Feature", "properties": { "edge_id": 78912, "from_node": 5255, "to_node": 5257, "length_m": 0.4074547583272361 }, "geometry": { "type": "LineString", "coordinates": [ [ 80.178628446194423, 13.131275391121029 ], [ 80.178628021988942, 13.131271730555985 ] ] } },
{ "type": "Feature", "properties": { "edge_id": 78914, "from_node": 69613, "to_node": 69614, "length_m": 0.4236212707497643 }, "geometry": { "type": "LineString", "coordinates": [ [ 80.178587702967832, 13.13088127697316 ], [ 80.178587343852428, 13.13087746290541 ] ] } },
{ "type": "Feature", "properties": { "edge_id": 78996, "from_node": 31256, "to_node": 69687, "length_m": 1.3342027301738787e-05 }, "geometry": { "type": "LineString", "coordinates": [ [ 80.244349567483837, 13.116745241597515 ], [ 80.244349567604488, 13.116745241573694 ] ] } },
{ "type": "Feature", "properties": { "edge_id": 79145, "from_node": 26857, "to_node": 69191, "length_m": 0.0070576197360124049 }, "geometry": { "type": "LineString", "coordinates": [ [ 80.243645687693416, 13.126351792247327 ], [ 80.243645710939603, 13.126351732638984 ] ] } },
{ "type": "Feature", "properties": { "edge_id": 79200, "from_node": 69877, "to_node": 69878, "length_m": 0.34272417489672907 }, "geometry": { "type": "LineString", "coordinates": [ [ 80.242624781003926, 13.116040589642772 ], [ 80.242627914212349, 13.116040174788953 ] ] } },
{ "type": "Feature", "properties": { "edge_id": 79310, "from_node": 69972, "to_node": 69973, "length_m": 0.42676233403874747 }, "geometry": { "type": "LineString", "coordinates": [ [ 80.207092439170509, 13.112029640268377 ], [ 80.207096365290099, 13.112029355777365 ] ] } },
{ "type": "Feature", "properties": { "edge_id": 79353, "from_node": 70014, "to_node": 70015, "length_m": 0.11442324977841031 }, "geometry": { "type": "LineString", "coordinates": [ [ 80.229203160913386, 13.11286566280852 ], [ 80.229204178366857, 13.112865387361916 ] ] } },
{ "type": "Feature", "properties": { "edge_id": 79568, "from_node": 70176, "to_node": 70177, "length_m": 0.14347156431489078 }, "geometry": { "type": "LineString", "coordinates": [ [ 80.235498322986373, 13.117211714157778 ], [ 80.235499618105464, 13.117211446744639 ] ] } },
{ "type": "Feature", "properties": { "edge_id": 79574, "from_node": 69164, "to_node": 70181, "length_m": 0.30466829574093635 }, "geometry": { "type": "LineString", "coordinates": [ [ 80.235379544106877, 13.116724222450243 ], [ 80.23538031914083, 13.11672687041329 ] ] } },
{ "type": "Feature", "properties": { "edge_id": 79591, "from_node": 10921, "to_node": 10923, "length_m": 0.37696860583356523 }, "geometry": { "type": "LineString", "coordinates": [ [ 80.172775814627997, 13.018437925432222 ], [ 80.172776783080408, 13.018441198958516 ] ] } },
{ "type": "Feature", "properties": { "edge_id": 79816, "from_node": 70395, "to_node": 70404, "length_m": 0.47643136919293255 }, "geometry": { "type": "LineString", "coordinates": [ [ 80.173962557512127, 13.039733863088157 ], [ 80.173963127781633, 13.039729591733717 ] ] } },
{ "type": "Feature", "properties": { "edge_id": 79977, "from_node": 26028, "to_node": 36558, "length_m": 0.013050671708203381 }, "geometry": { "type": "LineString", "coordinates": [ [ 80.276340602677564, 13.028594000839396 ], [ 80.276340570992275, 13.028594114680706 ] ] } },
{ "type": "Feature", "properties": { "edge_id": 80294, "from_node": 70768, "to_node": 70772, "length_m": 0.28382903247209623 }, "geometry": { "type": "LineString", "coordinates": [ [ 80.254465518848448, 13.008581670266533 ], [ 80.254465382653791, 13.008579107367375 ] ] } },
{ "type": "Feature", "properties": { "edge_id": 80296, "from_node": 70833, "to_node": 70834, "length_m": 0.029149615409417004 }, "geometry": { "type": "LineString", "coordinates": [ [ 80.254416557736633, 13.007671778696521 ], [ 80.254416542846798, 13.007671515530991 ] ] } },
{ "type": "Feature", "properties": { "edge_id": 80526, "from_node": 70638, "to_node": 71045, "length_m": 0.33538148419731795 }, "geometry": { "type": "LineString", "coordinates": [ [ 80.1704156866506, 13.039061118759795 ], [ 80.170415920823984, 13.039058095016868 ] ] } },
{ "type": "Feature", "properties": { "edge_id": 80598, "from_node": 71111, "to_node": 71112, "length_m": 0.43027665565600759 }, "geometry": { "type": "LineString", "coordinates": [ [ 80.260744421218533, 13.020054755355707 ], [ 80.260740482199168, 13.02005522335519 ] ] } },
{ "type": "Feature", "properties": { "edge_id": 80787, "from_node": 71272, "to_node": 71312, "length_m": 0.33113553071519736 }, "geometry": { "type": "LineString", "coordinates": [ [ 80.229588585374358, 13.045841383339827 ], [ 80.229589307713084, 13.045844292475072 ] ] } },
{ "type": "Feature", "properties": { "edge_id": 80888, "from_node": 71422, "to_node": 67618, "length_m": 0.13386205574836521 }, "geometry": { "type": "LineString", "coordinates": [ [ 80.250430480228573, 13.085918204036854 ], [ 80.250431704729351, 13.085918048454005 ] ] } },
{ "type": "Feature", "properties": { "edge_id": 81123, "from_node": 71628, "to_node": 71626, "length_m": 0.30097192514035265 }, "geometry": { "type": "LineString", "coordinates": [ [ 80.161603246611122, 13.042117492488662 ], [ 80.161606016631282, 13.042117319716921 ] ] } },
{ "type": "Feature", "properties": { "edge_id": 81166, "from_node": 71648, "to_node": 37871, "length_m": 0.038540934771077014 }, "geometry": { "type": "LineString", "coordinates": [ [ 80.242413695941892, 13.054729801523999 ], [ 80.242414049153382, 13.054729840628047 ] ] } },
{ "type": "Feature", "properties": { "edge_id": 81386, "from_node": 71855, "to_node": 71859, "length_m": 0.33929669948138447 }, "geometry": { "type": "LineString", "coordinates": [ [ 80.206725210380512, 13.044131486280897 ], [ 80.206727154747696, 13.044129082571292 ] ] } },
{ "type": "Feature", "properties": { "edge_id": 81984, "from_node": 72391, "to_node": 72392, "length_m": 0.34048086525402721 }, "geometry": { "type": "LineString", "coordinates": [ [ 80.209726531291409, 13.088790150473438 ], [ 80.209723393751503, 13.088790286440362 ] ] } },
{ "type": "Feature", "properties": { "edge_id": 82192, "from_node": 72591, "to_node": 72592, "length_m": 0.29545209384152998 }, "geometry": { "type": "LineString", "coordinates": [ [ 80.218755448970072, 13.043657001600057 ], [ 80.218758067685457, 13.043656263542724 ] ] } },
{ "type": "Feature", "properties": { "edge_id": 82580, "from_node": 72935, "to_node": 72936, "length_m": 0.35405765096966985 }, "geometry": { "type": "LineString", "coordinates": [ [ 80.244846515232581, 12.969592228864732 ], [ 80.2448460259927, 12.969589063640143 ] ] } },
{ "type": "Feature", "properties": { "edge_id": 82639, "from_node": 72995, "to_node": 72996, "length_m": 0.14730166377765236 }, "geometry": { "type": "LineString", "coordinates": [ [ 80.251773777401198, 12.99727295610125 ], [ 80.251773650793055, 12.997274282201072 ] ] } },
{ "type": "Feature", "properties": { "edge_id": 82709, "from_node": 72988, "to_node": 73056, "length_m": 0.20753298693154332 }, "geometry": { "type": "LineString", "coordinates": [ [ 80.250852153456336, 12.999654582562615 ], [ 80.25085219320087, 12.999652706458573 ] ] } },
{ "type": "Feature", "properties": { "edge_id": 83345, "from_node": 73691, "to_node": 73690, "length_m": 0.025486664452818168 }, "geometry": { "type": "LineString", "coordinates": [ [ 80.250016371858038, 12.932315420298162 ], [ 80.2500163531856, 12.932315190576119 ] ] } },
{ "type": "Feature", "properties": { "edge_id": 83569, "from_node": 73872, "to_node": 73870, "length_m": 0.36700327043744857 }, "geometry": { "type": "LineString", "coordinates": [ [ 80.23562918581338, 12.930921499390362 ], [ 80.235625805946, 12.930921645015598 ] ] } },
{ "type": "Feature", "properties": { "edge_id": 83701, "from_node": 73974, "to_node": 73975, "length_m": 0.38827459937116238 }, "geometry": { "type": "LineString", "coordinates": [ [ 80.228356107354443, 12.88059868540658 ], [ 80.228359311318854, 12.880598576393242 ], [ 80.228359683700759, 12.880598563927048 ] ] } },
{ "type": "Feature", "properties": { "edge_id": 83881, "from_node": 38088, "to_node": 38083, "length_m": 0.050377475579634082 }, "geometry": { "type": "LineString", "coordinates": [ [ 80.245459313028761, 12.922458196283415 ], [ 80.245459206509437, 12.922457752914729 ] ] } },
{ "type": "Feature", "properties": { "edge_id": 83971, "from_node": 74220, "to_node": 74221, "length_m": 0.0028999993810430169 }, "geometry": { "type": "LineString", "coordinates": [ [ 80.228829283384428, 12.978815180244505 ], [ 80.228829310122279, 12.978815180323776 ] ] } },
{ "type": "Feature", "properties": { "edge_id": 84125, "from_node": 74337, "to_node": 74338, "length_m": 0.098514670516029038 }, "geometry": { "type": "LineString", "coordinates": [ [ 80.255240263111261, 12.993160747742937 ], [ 80.255241171288404, 12.993160765717306 ] ] } },
{ "type": "Feature", "properties": { "edge_id": 84426, "from_node": 74597, "to_node": 74598, "length_m": 0.24019102927796807 }, "geometry": { "type": "LineString", "coordinates": [ [ 80.210529710478809, 12.976871597868913 ], [ 80.210531921005568, 12.976871728451796 ] ] } },
{ "type": "Feature", "properties": { "edge_id": 84515, "from_node": 74676, "to_node": 74677, "length_m": 0.44532658953628168 }, "geometry": { "type": "LineString", "coordinates": [ [ 80.202875516514894, 12.976915425778909 ], [ 80.202876883017154, 12.976911628734058 ] ] } },
{ "type": "Feature", "properties": { "edge_id": 84612, "from_node": 72897, "to_node": 72900, "length_m": 0.011208923846538623 }, "geometry": { "type": "LineString", "coordinates": [ [ 80.258997159534275, 12.969564236941709 ], [ 80.258997259187055, 12.969564210099234 ] ] } },
{ "type": "Feature", "properties": { "edge_id": 84977, "from_node": 75102, "to_node": 75103, "length_m": 0.24971906039872946 }, "geometry": { "type": "LineString", "coordinates": [ [ 80.223043545345945, 12.987060990144553 ], [ 80.223041313226929, 12.98706154407577 ] ] } },
{ "type": "Feature", "properties": { "edge_id": 85010, "from_node": 75128, "to_node": 75129, "length_m": 0.040440078453700158 }, "geometry": { "type": "LineString", "coordinates": [ [ 80.263718005817537, 12.981175979874035 ], [ 80.263718376583199, 12.981175941138641 ] ] } },
{ "type": "Feature", "properties": { "edge_id": 85074, "from_node": 75193, "to_node": 75194, "length_m": 0.48674355747485926 }, "geometry": { "type": "LineString", "coordinates": [ [ 80.261387430753061, 12.975938853012964 ], [ 80.261388775436146, 12.97593465408398 ] ] } },
{ "type": "Feature", "properties": { "edge_id": 85186, "from_node": 75297, "to_node": 75298, "length_m": 0.3541647786521227 }, "geometry": { "type": "LineString", "coordinates": [ [ 80.202217956945674, 13.018807808498288 ], [ 80.202217702503305, 13.018804615921143 ] ] } },
{ "type": "Feature", "properties": { "edge_id": 85241, "from_node": 75347, "to_node": 75342, "length_m": 0.4225619114308285 }, "geometry": { "type": "LineString", "coordinates": [ [ 80.204226972758676, 13.015920490098901 ], [ 80.204226321761354, 13.015916723047882 ] ] } },
{ "type": "Feature", "properties": { "edge_id": 85419, "from_node": 75515, "to_node": 75542, "length_m": 0.27219597700088671 }, "geometry": { "type": "LineString", "coordinates": [ [ 80.24077716218234, 12.982954028155193 ], [ 80.240774953161463, 12.982955196262829 ] ] } },
{ "type": "Feature", "properties": { "edge_id": 85447, "from_node": 75568, "to_node": 75569, "length_m": 0.22669320739790513 }, "geometry": { "type": "LineString", "coordinates": [ [ 80.237505079789614, 12.983416689292612 ], [ 80.237505133473377, 12.98341873836805 ] ] } },
{ "type": "Feature", "properties": { "edge_id": 85449, "from_node": 75570, "to_node": 75571, "length_m": 0.22729584206371986 }, "geometry": { "type": "LineString", "coordinates": [ [ 80.237510954842264, 12.983639883963656 ], [ 80.237511009431486, 12.983641938466908 ] ] } },
{ "type": "Feature", "properties": { "edge_id": 85474, "from_node": 75590, "to_node": 36579, "length_m": 0.29533501339589596 }, "geometry": { "type": "LineString", "coordinates": [ [ 80.241762550110323, 12.979236146430265 ], [ 80.241762911813154, 12.979238793178093 ] ] } },
{ "type": "Feature", "properties": { "edge_id": 85489, "from_node": 75605, "to_node": 75606, "length_m": 0.0058215113607338782 }, "geometry": { "type": "LineString", "coordinates": [ [ 80.235728835628478, 12.982133190855267 ], [ 80.235728889118803, 12.98213318649146 ] ] } },
{ "type": "Feature", "properties": { "edge_id": 85583, "from_node": 75519, "to_node": 11787, "length_m": 0.12300089531222452 }, "geometry": { "type": "LineString", "coordinates": [ [ 80.241339393706383, 12.983258715661361 ], [ 80.241339795318936, 12.983259755760136 ] ] } },
{ "type": "Feature", "properties": { "edge_id": 85593, "from_node": 75668, "to_node": 75521, "length_m": 0.4544228215466955 }, "geometry": { "type": "LineString", "coordinates": [ [ 80.241411730252182, 12.983442545524836 ], [ 80.241413251963863, 12.98344637383053 ] ] } },
{ "type": "Feature", "properties": { "edge_id": 85742, "from_node": 75815, "to_node": 75816, "length_m": 0.24559759755862695 }, "geometry": { "type": "LineString", "coordinates": [ [ 80.207084955488369, 12.990180952917679 ], [ 80.207087145286692, 12.990180387243447 ] ] } },
{ "type": "Feature", "properties": { "edge_id": 85819, "from_node": 17100, "to_node": 17101, "length_m": 0.14392532741840131 }, "geometry": { "type": "LineString", "coordinates": [ [ 80.222975045835952, 12.969329456834739 ], [ 80.222975016904826, 12.969330757890054 ] ] } },
{ "type": "Feature", "properties": { "edge_id": 86185, "from_node": 74969, "to_node": 76187, "length_m": 0.22615801935933116 }, "geometry": { "type": "LineString", "coordinates": [ [ 80.249494199377935, 12.96347853862671 ], [ 80.249496281754901, 12.96347864228226 ] ] } },
{ "type": "Feature", "properties": { "edge_id": 86362, "from_node": 76347, "to_node": 76348, "length_m": 0.3672942811014081 }, "geometry": { "type": "LineString", "coordinates": [ [ 80.20017472911907, 13.107541997814522 ], [ 80.200171343240385, 13.107542120222625 ] ] } },
{ "type": "Feature", "properties": { "edge_id": 86398, "from_node": 76390, "to_node": 76220, "length_m": 0.38741618395870941 }, "geometry": { "type": "LineString", "coordinates": [ [ 80.201479353585128, 13.017430466426017 ], [ 80.201478037050933, 13.017427209998152 ] ] } },
{ "type": "Feature", "properties": { "edge_id": 86487, "from_node": 76474, "to_node": 76475, "length_m": 0.40635050190849453 }, "geometry": { "type": "LineString", "coordinates": [ [ 80.227393586344903, 12.981179527056353 ], [ 80.227393844250088, 12.981183192539348 ] ] } },
{ "type": "Feature", "properties": { "edge_id": 86602, "from_node": 76584, "to_node": 76283, "length_m": 0.31292556598400795 }, "geometry": { "type": "LineString", "coordinates": [ [ 80.253378544959929, 12.988515936860022 ], [ 80.253378117072344, 12.988518735043478 ] ] } },
{ "type": "Feature", "properties": { "edge_id": 86654, "from_node": 76621, "to_node": 12688, "length_m": 0.33933424570180781 }, "geometry": { "type": "LineString", "coordinates": [ [ 80.194107167800382, 12.973153881336422 ], [ 80.194106768927725, 12.973156924517538 ] ] } },
{ "type": "Feature", "properties": { "edge_id": 86705, "from_node": 76664, "to_node": 76665, "length_m": 0.13620767358254504 }, "geometry": { "type": "LineString", "coordinates": [ [ 80.224905694195201, 12.976623228641445 ], [ 80.224905475613539, 12.976624441424496 ] ] } },
{ "type": "Feature", "properties": { "edge_id": 86947, "from_node": 76888, "to_node": 24104, "length_m": 0.36615495341025278 }, "geometry": { "type": "LineString", "coordinates": [ [ 80.263298399390635, 13.097562208719095 ], [ 80.263298825023682, 13.097565493075399 ] ] } },
{ "type": "Feature", "properties": { "edge_id": 87203, "from_node": 77106, "to_node": 76360, "length_m": 0.44637545954204894 }, "geometry": { "type": "LineString", "coordinates": [ [ 80.228234056266714, 13.019594855592292 ], [ 80.228237885941297, 13.01959337596857 ] ] } },
{ "type": "Feature", "properties": { "edge_id": 87212, "from_node": 77111, "to_node": 77112, "length_m": 0.28702979025191683 }, "geometry": { "type": "LineString", "coordinates": [ [ 80.229027904421272, 13.019287429892456 ], [ 80.229030363086423, 13.019286468806621 ] ] } },
{ "type": "Feature", "properties": { "edge_id": 87443, "from_node": 77101, "to_node": 77105, "length_m": 0.37375053001723252 }, "geometry": { "type": "LineString", "coordinates": [ [ 80.228075997991098, 13.01965567163097 ], [ 80.228079284929137, 13.019654655151179 ] ] } },
{ "type": "Feature", "properties": { "edge_id": 87592, "from_node": 77429, "to_node": 77436, "length_m": 0.15333065540446381 }, "geometry": { "type": "LineString", "coordinates": [ [ 80.218286657686818, 13.018296159504235 ], [ 80.218287324255357, 13.018297382175362 ] ] } },
{ "type": "Feature", "properties": { "edge_id": 87661, "from_node": 77498, "to_node": 77496, "length_m": 0.33742033151967032 }, "geometry": { "type": "LineString", "coordinates": [ [ 80.253606024501224, 12.982889788590485 ], [ 80.253606524005107, 12.982886777218377 ] ] } },
{ "type": "Feature", "properties": { "edge_id": 87785, "from_node": 77592, "to_node": 77594, "length_m": 0.19413170858834608 }, "geometry": { "type": "LineString", "coordinates": [ [ 80.253143933786149, 12.994292177225313 ], [ 80.253143535870763, 12.994293888641208 ] ] } },
{ "type": "Feature", "properties": { "edge_id": 87867, "from_node": 77670, "to_node": 74825, "length_m": 0.11840358898825859 }, "geometry": { "type": "LineString", "coordinates": [ [ 80.259261057800018, 12.995732145155026 ], [ 80.259260926328679, 12.995731082340964 ] ] } },
{ "type": "Feature", "properties": { "edge_id": 87953, "from_node": 77748, "to_node": 77749, "length_m": 0.38830185288338709 }, "geometry": { "type": "LineString", "coordinates": [ [ 80.256586767716428, 12.994412406615769 ], [ 80.256583187330449, 12.994412407222153 ] ] } },
{ "type": "Feature", "properties": { "edge_id": 88044, "from_node": 77837, "to_node": 77838, "length_m": 0.33923037774211739 }, "geometry": { "type": "LineString", "coordinates": [ [ 80.267435123753941, 12.993204889991622 ], [ 80.267438249856625, 12.993204785778907 ] ] } },
{ "type": "Feature", "properties": { "edge_id": 88066, "from_node": 77860, "to_node": 77861, "length_m": 0.29292854014672348 }, "geometry": { "type": "LineString", "coordinates": [ [ 80.263173498591456, 12.994249573775857 ], [ 80.263173737925484, 12.994252212018832 ] ] } },
{ "type": "Feature", "properties": { "edge_id": 88233, "from_node": 78015, "to_node": 78011, "length_m": 0.40785531925775459 }, "geometry": { "type": "LineString", "coordinates": [ [ 80.260324809142034, 12.976688368806119 ], [ 80.260325041669518, 12.97669204958197 ] ] } },
{ "type": "Feature", "properties": { "edge_id": 88271, "from_node": 78051, "to_node": 78050, "length_m": 0.41473663852694415 }, "geometry": { "type": "LineString", "coordinates": [ [ 80.264647777218144, 12.967252796416849 ], [ 80.264651557105225, 12.967252230209809 ] ] } },
{ "type": "Feature", "properties": { "edge_id": 88430, "from_node": 78184, "to_node": 12184, "length_m": 0.48211945537014406 }, "geometry": { "type": "LineString", "coordinates": [ [ 80.249169664853468, 12.966590836504057 ], [ 80.24917401368802, 12.966589934895881 ] ] } },
{ "type": "Feature", "properties": { "edge_id": 88477, "from_node": 78223, "to_node": 78224, "length_m": 0.017717787323249124 }, "geometry": { "type": "LineString", "coordinates": [ [ 80.266864283347743, 13.000441954033498 ], [ 80.266864360388638, 13.000442095306893 ] ] } },
{ "type": "Feature", "properties": { "edge_id": 88857, "from_node": 66983, "to_node": 78510, "length_m": 0.29941671582028567 }, "geometry": { "type": "LineString", "coordinates": [ [ 80.247545354416829, 13.074004327702877 ], [ 80.247545566438887, 13.074001628390954 ] ] } },
{ "type": "Feature", "properties": { "edge_id": 88864, "from_node": 73748, "to_node": 73746, "length_m": 0.33639805307541143 }, "geometry": { "type": "LineString", "coordinates": [ [ 80.246052095551036, 12.950316647711098 ], [ 80.246052693187934, 12.950319632409544 ] ] } },
{ "type": "Feature", "properties": { "edge_id": 88866, "from_node": 73815, "to_node": 73817, "length_m": 0.19855079809764142 }, "geometry": { "type": "LineString", "coordinates": [ [ 80.246117700652334, 12.950706431944594 ], [ 80.24611798203054, 12.950708205902897 ] ] } },
{ "type": "Feature", "properties": { "edge_id": 88945, "from_node": 65601, "to_node": 65233, "length_m": 0.23027889632189238 }, "geometry": { "type": "LineString", "coordinates": [ [ 80.227524363244385, 13.133291695112558 ], [ 80.227526480183187, 13.133291519726869 ] ] } },
{ "type": "Feature", "properties": { "edge_id": 88975, "from_node": 78594, "to_node": 2018, "length_m": 0.33149871838770262 }, "geometry": { "type": "LineString", "coordinates": [ [ 80.254211174984732, 13.158772806666512 ], [ 80.254214142662519, 13.158772081081176 ] ] } },
{ "type": "Feature", "properties": { "edge_id": 89119, "from_node": 78697, "to_node": 62752, "length_m": 0.097286896993290656 }, "geometry": { "type": "LineString", "coordinates": [ [ 80.201074479077619, 13.17312114794197 ], [ 80.201074637745805, 13.173122013736608 ] ] } },
{ "type": "Feature", "properties": { "edge_id": 89440, "from_node": 78894, "to_node": 70400, "length_m": 0.37296285194439749 }, "geometry": { "type": "LineString", "coordinates": [ [ 80.174090056033378, 13.038595428255462 ], [ 80.174086618560338, 13.038595543879982 ] ] } },
{ "type": "Feature", "properties": { "edge_id": 89587, "from_node": 78966, "to_node": 78968, "length_m": 0.40189443821925386 }, "geometry": { "type": "LineString", "coordinates": [ [ 80.199169823879984, 13.084977094599614 ], [ 80.199169927452289, 13.084980727035873 ] ] } },
{ "type": "Feature", "properties": { "edge_id": 89816, "from_node": 72881, "to_node": 14704, "length_m": 0.22235979897701053 }, "geometry": { "type": "LineString", "coordinates": [ [ 80.242089606623892, 12.938182318880013 ], [ 80.24209001366512, 12.93818428941954 ] ] } },
{ "type": "Feature", "properties": { "edge_id": 89937, "from_node": 64426, "to_node": 65116, "length_m": 0.15057224170108707 }, "geometry": { "type": "LineString", "coordinates": [ [ 80.242033390772775, 13.165476619128043 ], [ 80.242033461388147, 13.165475259436722 ] ] } },
{ "type": "Feature", "properties": { "edge_id": 89939, "from_node": 78503, "to_node": 78502, "length_m": 0.1435611376603517 }, "geometry": { "type": "LineString", "coordinates": [ [ 80.242050119110644, 13.165152001473777 ], [ 80.24205018584037, 13.165150705064137 ] ] } },
{ "type": "Feature", "properties": { "edge_id": 90018, "from_node": 79216, "to_node": 79217, "length_m": 0.21956088087776179 }, "geometry": { "type": "LineString", "coordinates": [ [ 80.20061357738696, 13.092907093812045 ], [ 80.200611554226811, 13.09290718429162 ] ] } },
{ "type": "Feature", "properties": { "edge_id": 90069, "from_node": 79244, "to_node": 36802, "length_m": 0.19846228777777461 }, "geometry": { "type": "LineString", "coordinates": [ [ 80.219866750830533, 13.059418870172147 ], [ 80.219868574662939, 13.059419022152708 ] ] } },
{ "type": "Feature", "properties": { "edge_id": 90092, "from_node": 79256, "to_node": 70033, "length_m": 0.25172566516828604 }, "geometry": { "type": "LineString", "coordinates": [ [ 80.248865053151704, 13.110630726432795 ], [ 80.248862750627964, 13.110631021721916 ] ] } },
{ "type": "Feature", "properties": { "edge_id": 90117, "from_node": 79274, "to_node": 76886, "length_m": 0.083977199302464153 }, "geometry": { "type": "LineString", "coordinates": [ [ 80.213868945872761, 12.982083927655387 ], [ 80.213869719331754, 12.982083962544543 ] ] } },
{ "type": "Feature", "properties": { "edge_id": 90213, "from_node": 38113, "to_node": 79326, "length_m": 6.5868396412013527e-06 }, "geometry": { "type": "LineString", "coordinates": [ [ 80.239691303021843, 13.141098605888024 ], [ 80.239691303077066, 13.141098605863135 ] ] } },
{ "type": "Feature", "properties": { "edge_id": 90614, "from_node": 79562, "to_node": 72849, "length_m": 0.37665911658959 }, "geometry": { "type": "LineString", "coordinates": [ [ 80.236598010112772, 12.926356636550498 ], [ 80.236601306079962, 12.926355565663279 ] ] } },
{ "type": "Feature", "properties": { "edge_id": 90637, "from_node": 33741, "to_node": 20053, "length_m": 0.28436937260254824 }, "geometry": { "type": "LineString", "coordinates": [ [ 80.249577977489878, 13.120643808746021 ], [ 80.249577463907585, 13.120641287262815 ] ] } },
{ "type": "Feature", "properties": { "edge_id": 90660, "from_node": 79589, "to_node": 79590, "length_m": 0.038126631738852855 }, "geometry": { "type": "LineString", "coordinates": [ [ 80.249831373202184, 12.873491351003704 ], [ 80.24983171395175, 12.873491435166304 ] ] } },
{ "type": "Feature", "properties": { "edge_id": 90829, "from_node": 79704, "to_node": 66742, "length_m": 0.48734022953588962 }, "geometry": { "type": "LineString", "coordinates": [ [ 80.199330328237195, 13.09204307706389 ], [ 80.199330455142317, 13.092047481745247 ] ] } },
{ "type": "Feature", "properties": { "edge_id": 90847, "from_node": 33634, "to_node": 61763, "length_m": 0.17780359889001968 }, "geometry": { "type": "LineString", "coordinates": [ [ 80.247125160299518, 13.145335411822995 ], [ 80.247125465484658, 13.145336991434426 ] ] } },
{ "type": "Feature", "properties": { "edge_id": 90898, "from_node": 3012, "to_node": 3009, "length_m": 0.025743735238210625 }, "geometry": { "type": "LineString", "coordinates": [ [ 80.246382847327254, 13.131339115891318 ], [ 80.246382610186799, 13.131339128759665 ] ] } },
{ "type": "Feature", "properties": { "edge_id": 91067, "from_node": 16321, "to_node": 16320, "length_m": 0.036003472698956714 }, "geometry": { "type": "LineString", "coordinates": [ [ 80.252124996646501, 12.992992300066746 ], [ 80.252125316338919, 12.992992387790268 ] ] } },
{ "type": "Feature", "properties": { "edge_id": 91289, "from_node": 79989, "to_node": 79990, "length_m": 0.094821094222272348 }, "geometry": { "type": "LineString", "coordinates": [ [ 80.252787804298379, 13.134734692717961 ], [ 80.25278867884829, 13.134734713342032 ] ] } },
{ "type": "Feature", "properties": { "edge_id": 91326, "from_node": 80023, "to_node": 80024, "length_m": 0.4480000456653993 }, "geometry": { "type": "LineString", "coordinates": [ [ 80.260651569872564, 13.005142567838593 ], [ 80.260651556031618, 13.005146618629565 ] ] } },
{ "type": "Feature", "properties": { "edge_id": 91331, "from_node": 80028, "to_node": 80029, "length_m": 0.21830185531002477 }, "geometry": { "type": "LineString", "coordinates": [ [ 80.260630496290446, 13.00648307943068 ], [ 80.260630482144975, 13.006485053265791 ] ] } },
{ "type": "Feature", "properties": { "edge_id": 91366, "from_node": 38121, "to_node": 79989, "length_m": 0.24446752405605174 }, "geometry": { "type": "LineString", "coordinates": [ [ 80.252787934598217, 13.134732485961667 ], [ 80.252787804298379, 13.134734692717961 ] ] } },
{ "type": "Feature", "properties": { "edge_id": 91375, "from_node": 61389, "to_node": 61387, "length_m": 0.045579055232813602 }, "geometry": { "type": "LineString", "coordinates": [ [ 80.249203359844373, 13.130421978977235 ], [ 80.249203769178976, 13.130422073303352 ] ] } },
{ "type": "Feature", "properties": { "edge_id": 91380, "from_node": 80060, "to_node": 38110, "length_m": 3.8199776821248127e-05 }, "geometry": { "type": "LineString", "coordinates": [ [ 80.239610044785721, 13.140670254238865 ], [ 80.239610044436319, 13.140670254284064 ] ] } },
{ "type": "Feature", "properties": { "edge_id": 91414, "from_node": 70771, "to_node": 70774, "length_m": 0.48564390184549422 }, "geometry": { "type": "LineString", "coordinates": [ [ 80.251517332641029, 13.008700121062661 ], [ 80.251517550016899, 13.008704507065652 ] ] } },
{ "type": "Feature", "properties": { "edge_id": 91455, "from_node": 61360, "to_node": 61356, "length_m": 0.067525476896027711 }, "geometry": { "type": "LineString", "coordinates": [ [ 80.251917023350714, 13.132261631510328 ], [ 80.251917401985011, 13.132262116354386 ] ] } },
{ "type": "Feature", "properties": { "edge_id": 91459, "from_node": 33626, "to_node": 80101, "length_m": 0.060325946929628636 }, "geometry": { "type": "LineString", "coordinates": [ [ 80.252371755424974, 13.132892878228475 ], [ 80.25237206681183, 13.132893330325567 ] ] } },
{ "type": "Feature", "properties": { "edge_id": 91573, "from_node": 72357, "to_node": 72367, "length_m": 0.057433439532535199 }, "geometry": { "type": "LineString", "coordinates": [ [ 80.195483781373113, 13.056955970490609 ], [ 80.195484295605581, 13.056956095059416 ] ] } },
{ "type": "Feature", "properties": { "edge_id": 91608, "from_node": 80179, "to_node": 38107, "length_m": 2.0669929890617146e-05 }, "geometry": { "type": "LineString", "coordinates": [ [ 80.239565223531173, 13.140278642696067 ], [ 80.239565223340477, 13.14027864269792 ] ] } },
{ "type": "Feature", "properties": { "edge_id": 91673, "from_node": 64473, "to_node": 80199, "length_m": 0.31947026578528842 }, "geometry": { "type": "LineString", "coordinates": [ [ 80.235483717260351, 13.149839169383057 ], [ 80.235480770563242, 13.149839100035816 ] ] } },
{ "type": "Feature", "properties": { "edge_id": 91948, "from_node": 80386, "to_node": 80387, "length_m": 0.086150623813036287 }, "geometry": { "type": "LineString", "coordinates": [ [ 80.242922431505207, 13.073492515887686 ], [ 80.242922352701257, 13.073491740761467 ] ] } },
{ "type": "Feature", "properties": { "edge_id": 91982, "from_node": 69464, "to_node": 69466, "length_m": 0.019904018970949237 }, "geometry": { "type": "LineString", "coordinates": [ [ 80.227143814742064, 13.115049278662708 ], [ 80.227143865862729, 13.11504945151624 ] ] } },
{ "type": "Feature", "properties": { "edge_id": 92090, "from_node": 79590, "to_node": 80439, "length_m": 0.010031948766621149 }, "geometry": { "type": "LineString", "coordinates": [ [ 80.24983171395175, 12.873491435166304 ], [ 80.249831677334569, 12.873491351874176 ] ] } },
{ "type": "Feature", "properties": { "edge_id": 92091, "from_node": 80440, "to_node": 38433, "length_m": 0.37378266515698239 }, "geometry": { "type": "LineString", "coordinates": [ [ 80.250032446813364, 12.874089757642011 ], [ 80.250031472156408, 12.874086515972262 ] ] } },
{ "type": "Feature", "properties": { "edge_id": 92390, "from_node": 14221, "to_node": 80598, "length_m": 0.13664380555843123 }, "geometry": { "type": "LineString", "coordinates": [ [ 80.246561901811504, 12.935706781344617 ], [ 80.24656213047065, 12.935707996352612 ] ] } },
{ "type": "Feature", "properties": { "edge_id": 92405, "from_node": 80604, "to_node": 26868, "length_m": 0.44427969728740663 }, "geometry": { "type": "LineString", "coordinates": [ [ 80.267830591953455, 13.128191180748827 ], [ 80.26783460021754, 13.128190341303055 ] ] } },
{ "type": "Feature", "properties": { "edge_id": 92485, "from_node": 30367, "to_node": 30369, "length_m": 0.32296625310862098 }, "geometry": { "type": "LineString", "coordinates": [ [ 80.266943561851392, 13.12878182366045 ], [ 80.266946471646278, 13.128781195394748 ] ] } },
{ "type": "Feature", "properties": { "edge_id": 93002, "from_node": 63404, "to_node": 63403, "length_m": 0.15819102485028011 }, "geometry": { "type": "LineString", "coordinates": [ [ 80.219238639588568, 13.167214940718372 ], [ 80.219238789882482, 13.167213517989556 ] ] } },
{ "type": "Feature", "properties": { "edge_id": 93124, "from_node": 3181, "to_node": 3178, "length_m": 0.32825729285138777 }, "geometry": { "type": "LineString", "coordinates": [ [ 80.279489527251883, 13.133389075657867 ], [ 80.27949038341491, 13.133391922661934 ] ] } },
{ "type": "Feature", "properties": { "edge_id": 93397, "from_node": 81114, "to_node": 80423, "length_m": 0.047952058826430624 }, "geometry": { "type": "LineString", "coordinates": [ [ 80.228814768844302, 12.883147354091408 ], [ 80.228815207707285, 12.883147302939676 ] ] } },
{ "type": "Feature", "properties": { "edge_id": 93471, "from_node": 81152, "to_node": 81153, "length_m": 0.16839991030923718 }, "geometry": { "type": "LineString", "coordinates": [ [ 80.220882278014386, 13.074328145290705 ], [ 80.220883830488674, 13.074328097529435 ] ] } },
{ "type": "Feature", "properties": { "edge_id": 93539, "from_node": 54566, "to_node": 61783, "length_m": 0.45090758545855925 }, "geometry": { "type": "LineString", "coordinates": [ [ 80.25640765040815, 13.139901369389801 ], [ 80.256407422262356, 13.139905440311944 ] ] } },
{ "type": "Feature", "properties": { "edge_id": 93758, "from_node": 69289, "to_node": 69292, "length_m": 0.4427699284833444 }, "geometry": { "type": "LineString", "coordinates": [ [ 80.249797714138751, 13.114830852092767 ], [ 80.249797942797542, 13.114834849294677 ] ] } },
{ "type": "Feature", "properties": { "edge_id": 93809, "from_node": 11636, "to_node": 74622, "length_m": 0.27563455924586933 }, "geometry": { "type": "LineString", "coordinates": [ [ 80.215260147446386, 12.977779312116727 ], [ 80.215260409573361, 12.977777753168594 ], [ 80.215260560838175, 12.97777685304523 ] ] } },
{ "type": "Feature", "properties": { "edge_id": 94251, "from_node": 79714, "to_node": 81529, "length_m": 1.0699547019517618e-05 }, "geometry": { "type": "LineString", "coordinates": [ [ 80.247116572254981, 13.145290986385172 ], [ 80.247116572352098, 13.14529098636786 ] ] } },
{ "type": "Feature", "properties": { "edge_id": 94433, "from_node": 31638, "to_node": 70855, "length_m": 0.38825303539237277 }, "geometry": { "type": "LineString", "coordinates": [ [ 80.181630967524455, 13.051927545582783 ], [ 80.181634547119785, 13.051927458347546 ] ] } },
{ "type": "Feature", "properties": { "edge_id": 94766, "from_node": 25178, "to_node": 25176, "length_m": 0.40418790189352144 }, "geometry": { "type": "LineString", "coordinates": [ [ 80.270498987176083, 13.063251491301655 ], [ 80.270502700478644, 13.063251168128257 ] ] } },
{ "type": "Feature", "properties": { "edge_id": 94855, "from_node": 23148, "to_node": 23149, "length_m": 0.21734583115542422 }, "geometry": { "type": "LineString", "coordinates": [ [ 80.27816334408179, 13.127654228968915 ], [ 80.27816527288843, 13.127653691859557 ] ] } },
{ "type": "Feature", "properties": { "edge_id": 94954, "from_node": 68563, "to_node": 78619, "length_m": 0.44839091251111735 }, "geometry": { "type": "LineString", "coordinates": [ [ 80.234612019825875, 13.112243561665144 ], [ 80.234611718678934, 13.112239518132668 ] ] } },
{ "type": "Feature", "properties": { "edge_id": 95028, "from_node": 81921, "to_node": 61717, "length_m": 1.6809943841999573e-05 }, "geometry": { "type": "LineString", "coordinates": [ [ 80.247570649289742, 13.145875089678771 ], [ 80.247570649329745, 13.145875089825621 ] ] } },
{ "type": "Feature", "properties": { "edge_id": 95200, "from_node": 82006, "to_node": 79612, "length_m": 3.4798168775610933e-05 }, "geometry": { "type": "LineString", "coordinates": [ [ 80.236282145182599, 12.961447791607831 ], [ 80.236282145227733, 12.961447791919348 ] ] } },
{ "type": "Feature", "properties": { "edge_id": 95211, "from_node": 82012, "to_node": 82013, "length_m": 0.28094031436666467 }, "geometry": { "type": "LineString", "coordinates": [ [ 80.25823782072024, 13.153950953555173 ], [ 80.258235291878378, 13.153951511373871 ] ] } },
{ "type": "Feature", "properties": { "edge_id": 95229, "from_node": 82023, "to_node": 81873, "length_m": 0.10507088200669805 }, "geometry": { "type": "LineString", "coordinates": [ [ 80.235714978906969, 13.111006496896414 ], [ 80.235715940514808, 13.111006377682726 ] ] } },
{ "type": "Feature", "properties": { "edge_id": 95925, "from_node": 80287, "to_node": 80289, "length_m": 0.28444724396179039 }, "geometry": { "type": "LineString", "coordinates": [ [ 80.249074440879525, 12.979038907249445 ], [ 80.249074885862441, 12.979040558704236 ], [ 80.24907510001924, 12.979041396614326 ] ] } },
{ "type": "Feature", "properties": { "edge_id": 95929, "from_node": 74774, "to_node": 74776, "length_m": 0.18617368211524646 }, "geometry": { "type": "LineString", "coordinates": [ [ 80.249163241447974, 12.97941764391399 ], [ 80.249163597933389, 12.979419290592183 ] ] } },
{ "type": "Feature", "properties": { "edge_id": 95936, "from_node": 82342, "to_node": 82343, "length_m": 0.30574461697545841 }, "geometry": { "type": "LineString", "coordinates": [ [ 80.24933808696521, 12.980189089088123 ], [ 80.249338725215338, 12.98019178183776 ] ] } },
{ "type": "Feature", "properties": { "edge_id": 96194, "from_node": 82467, "to_node": 82468, "length_m": 0.0056089215829605871 }, "geometry": { "type": "LineString", "coordinates": [ [ 80.226913368665961, 13.027504068747032 ], [ 80.22691337865561, 13.027504118507567 ] ] } },
{ "type": "Feature", "properties": { "edge_id": 96330, "from_node": 67377, "to_node": 82540, "length_m": 0.19695829604514858 }, "geometry": { "type": "LineString", "coordinates": [ [ 80.229431484590634, 13.069417085915218 ], [ 80.229431228116098, 13.069415322878474 ] ] } },
{ "type": "Feature", "properties": { "edge_id": 96369, "from_node": 27320, "to_node": 34136, "length_m": 0.47430844276143302 }, "geometry": { "type": "LineString", "coordinates": [ [ 80.275656602732653, 13.125726571309274 ], [ 80.275657318236554, 13.125730802255095 ] ] } },
{ "type": "Feature", "properties": { "edge_id": 96523, "from_node": 10116, "to_node": 82620, "length_m": 0.38497902513084969 }, "geometry": { "type": "LineString", "coordinates": [ [ 80.179679344686704, 13.027652081893432 ], [ 80.179679405159291, 13.027655562296481 ] ] } },
{ "type": "Feature", "properties": { "edge_id": 96870, "from_node": 82813, "to_node": 82812, "length_m": 0.27622076692518832 }, "geometry": { "type": "LineString", "coordinates": [ [ 80.238789739305631, 12.980153279353399 ], [ 80.238790384927356, 12.980153208906854 ], [ 80.238792246634034, 12.980152850866716 ] ] } },
{ "type": "Feature", "properties": { "edge_id": 97145, "from_node": 62975, "to_node": 62973, "length_m": 0.23892837984091611 }, "geometry": { "type": "LineString", "coordinates": [ [ 80.20861112604203, 13.172330324758789 ], [ 80.208611512287931, 13.172332451681635 ] ] } },
{ "type": "Feature", "properties": { "edge_id": 97539, "from_node": 80630, "to_node": 80637, "length_m": 0.44398869253576573 }, "geometry": { "type": "LineString", "coordinates": [ [ 80.237690022727918, 12.928698113587735 ], [ 80.237688808341417, 12.928694279832987 ] ] } },
{ "type": "Feature", "properties": { "edge_id": 97551, "from_node": 14920, "to_node": 14916, "length_m": 0.24807605645207337 }, "geometry": { "type": "LineString", "coordinates": [ [ 80.239809546577277, 12.92966945198777 ], [ 80.239808914277276, 12.929667296331397 ] ] } },
{ "type": "Feature", "properties": { "edge_id": 97807, "from_node": 80782, "to_node": 80781, "length_m": 0.33764132296673832 }, "geometry": { "type": "LineString", "coordinates": [ [ 80.265152395197148, 12.984980479509725 ], [ 80.265154364269321, 12.984979985049266 ], [ 80.265155407896103, 12.984979710407769 ] ] } },
{ "type": "Feature", "properties": { "edge_id": 98045, "from_node": 27500, "to_node": 27502, "length_m": 0.44568199685308618 }, "geometry": { "type": "LineString", "coordinates": [ [ 80.289116703476097, 13.104732656828688 ], [ 80.289115173028733, 13.104733317196564 ], [ 80.289112947959381, 13.104734296640528 ] ] } },
{ "type": "Feature", "properties": { "edge_id": 98323, "from_node": 62849, "to_node": 62942, "length_m": 0.038975891569447106 }, "geometry": { "type": "LineString", "coordinates": [ [ 80.208881545976581, 13.170494758000565 ], [ 80.208881495030042, 13.170495106857755 ] ] } },
{ "type": "Feature", "properties": { "edge_id": 98325, "from_node": 62950, "to_node": 83376, "length_m": 0.32017994774598019 }, "geometry": { "type": "LineString", "coordinates": [ [ 80.208822549003614, 13.170884605843959 ], [ 80.208822111670941, 13.170887468943912 ] ] } },
{ "type": "Feature", "properties": { "edge_id": 98327, "from_node": 19354, "to_node": 19355, "length_m": 0.30765579871726489 }, "geometry": { "type": "LineString", "coordinates": [ [ 80.208765398212975, 13.171277885290536 ], [ 80.208765038719875, 13.171280644649364 ] ] } },
{ "type": "Feature", "properties": { "edge_id": 98339, "from_node": 40070, "to_node": 40072, "length_m": 0.46850912419865359 }, "geometry": { "type": "LineString", "coordinates": [ [ 80.199973732699647, 13.176315863701392 ], [ 80.199977985443141, 13.176315903187213 ], [ 80.199978055570071, 13.176315903405946 ] ] } },
{ "type": "Feature", "properties": { "edge_id": 98496, "from_node": 31042, "to_node": 31043, "length_m": 0.43932327334233634 }, "geometry": { "type": "LineString", "coordinates": [ [ 80.28505394985828, 13.100094604635849 ], [ 80.285054902972092, 13.100094532229527 ], [ 80.285057994642074, 13.100094360864723 ] ] } },
{ "type": "Feature", "properties": { "edge_id": 98544, "from_node": 83119, "to_node": 83443, "length_m": 4.2427062995799954e-05 }, "geometry": { "type": "LineString", "coordinates": [ [ 80.204696796871261, 13.037975059333583 ], [ 80.2046967964841, 13.037975059389018 ] ] } },
{ "type": "Feature", "properties": { "edge_id": 98721, "from_node": 80907, "to_node": 62912, "length_m": 0.38350521708017082 }, "geometry": { "type": "LineString", "coordinates": [ [ 80.219274242390895, 13.166805572900486 ], [ 80.219277767055118, 13.166805880194165 ] ] } },
{ "type": "Feature", "properties": { "edge_id": 98895, "from_node": 3614, "to_node": 31068, "length_m": 0.44178784500544438 }, "geometry": { "type": "LineString", "coordinates": [ [ 80.292782159398442, 13.099804316149422 ], [ 80.292781752316799, 13.099808290811447 ] ] } },
{ "type": "Feature", "properties": { "edge_id": 98896, "from_node": 31068, "to_node": 27571, "length_m": 0.47694290042768656 }, "geometry": { "type": "LineString", "coordinates": [ [ 80.292781752316799, 13.099808290811447 ], [ 80.292781313890814, 13.099812581858393 ] ] } },
{ "type": "Feature", "properties": { "edge_id": 98928, "from_node": 31076, "to_node": 31078, "length_m": 0.33626597966904198 }, "geometry": { "type": "LineString", "coordinates": [ [ 80.293776702590264, 13.100775650600774 ], [ 80.293773675010016, 13.100776312323342 ] ] } },
{ "type": "Feature", "properties": { "edge_id": 98989, "from_node": 71761, "to_node": 83201, "length_m": 0.094331860946966009 }, "geometry": { "type": "LineString", "coordinates": [ [ 80.208503323901823, 13.038768356911852 ], [ 80.208503211312845, 13.038767511149242 ] ] } },
{ "type": "Feature", "properties": { "edge_id": 99081, "from_node": 79860, "to_node": 75441, "length_m": 0.41955035540841856 }, "geometry": { "type": "LineString", "coordinates": [ [ 80.207415875883527, 12.990638968162902 ], [ 80.207417004944517, 12.990642596519971 ] ] } },
{ "type": "Feature", "properties": { "edge_id": 99323, "from_node": 79812, "to_node": 79814, "length_m": 0.4966254619816301 }, "geometry": { "type": "LineString", "coordinates": [ [ 80.20829599389387, 13.041248965776985 ], [ 80.20830054934406, 13.041248501387127 ] ] } },
{ "type": "Feature", "properties": { "edge_id": 99442, "from_node": 39759, "to_node": 39760, "length_m": 0.47448697658415462 }, "geometry": { "type": "LineString", "coordinates": [ [ 80.259289049923225, 13.110366185033671 ], [ 80.259293423920511, 13.110366346798457 ] ] } },
{ "type": "Feature", "properties": { "edge_id": 99543, "from_node": 64112, "to_node": 83785, "length_m": 0.31312266104865677 }, "geometry": { "type": "LineString", "coordinates": [ [ 80.205686622727512, 13.140099928350528 ], [ 80.205685133234212, 13.140102354194775 ] ] } },
{ "type": "Feature", "properties": { "edge_id": 99728, "from_node": 83848, "to_node": 83847, "length_m": 0.3215845919486417 }, "geometry": { "type": "LineString", "coordinates": [ [ 80.235885678724088, 13.109752842706595 ], [ 80.2358882807669, 13.109751446212595 ] ] } },
{ "type": "Feature", "properties": { "edge_id": 99768, "from_node": 71928, "to_node": 71927, "length_m": 0.45477477909383512 }, "geometry": { "type": "LineString", "coordinates": [ [ 80.220707884607378, 13.044459113266202 ], [ 80.220711970293493, 13.044458184299183 ] ] } },
{ "type": "Feature", "properties": { "edge_id": 99891, "from_node": 76831, "to_node": 51073, "length_m": 0.42447521729308513 }, "geometry": { "type": "LineString", "coordinates": [ [ 80.205599496655338, 12.99143673716882 ], [ 80.205597973609798, 12.991433201637147 ] ] } },
{ "type": "Feature", "properties": { "edge_id": 100116, "from_node": 79508, "to_node": 79515, "length_m": 0.23991302647376095 }, "geometry": { "type": "LineString", "coordinates": [ [ 80.238431836549665, 12.926762069703763 ], [ 80.238431335035159, 12.92675995692367 ] ] } },
{ "type": "Feature", "properties": { "edge_id": 100168, "from_node": 82846, "to_node": 82848, "length_m": 0.21355338702373419 }, "geometry": { "type": "LineString", "coordinates": [ [ 80.212259001062691, 12.923609774492908 ], [ 80.212258611545394, 12.923607881732531 ] ] } },
{ "type": "Feature", "properties": { "edge_id": 100438, "from_node": 84081, "to_node": 69562, "length_m": 0.44228230874406754 }, "geometry": { "type": "LineString", "coordinates": [ [ 80.216889975054983, 13.117388456109001 ], [ 80.216885897125408, 13.117388586571847 ] ] } },
{ "type": "Feature", "properties": { "edge_id": 100526, "from_node": 73328, "to_node": 81477, "length_m": 0.400459347784758 }, "geometry": { "type": "LineString", "coordinates": [ [ 80.23473368619517, 12.879174412377019 ], [ 80.234731709216931, 12.879177470055355 ] ] } },
{ "type": "Feature", "properties": { "edge_id": 100777, "from_node": 73362, "to_node": 73316, "length_m": 0.37012606068510673 }, "geometry": { "type": "LineString", "coordinates": [ [ 80.234306499569186, 12.886647584455638 ], [ 80.234307366239534, 12.886650821335953 ] ] } },
{ "type": "Feature", "properties": { "edge_id": 100780, "from_node": 76182, "to_node": 82085, "length_m": 0.44661263949694135 }, "geometry": { "type": "LineString", "coordinates": [ [ 80.26016237594753, 12.966689903443623 ], [ 80.260166379146213, 12.966688958169966 ] ] } },
{ "type": "Feature", "properties": { "edge_id": 100931, "from_node": 84242, "to_node": 23814, "length_m": 0.39410924780948975 }, "geometry": { "type": "LineString", "coordinates": [ [ 80.267214965156839, 13.12341824973217 ], [ 80.267214950806448, 13.123414686253748 ] ] } },
{ "type": "Feature", "properties": { "edge_id": 100933, "from_node": 64615, "to_node": 64613, "length_m": 0.42253280364340134 }, "geometry": { "type": "LineString", "coordinates": [ [ 80.178079144077174, 13.143098133036506 ], [ 80.178078057469406, 13.143094464026248 ] ] } },
{ "type": "Feature", "properties": { "edge_id": 100960, "from_node": 31236, "to_node": 61832, "length_m": 0.36570443049805701 }, "geometry": { "type": "LineString", "coordinates": [ [ 80.26663456512469, 13.124471559835897 ], [ 80.266634591536388, 13.124468253265942 ] ] } },
{ "type": "Feature", "properties": { "edge_id": 101176, "from_node": 76440, "to_node": 76446, "length_m": 0.4615487513122738 }, "geometry": { "type": "LineString", "coordinates": [ [ 80.201857703259336, 13.016813553809826 ], [ 80.201857153997963, 13.016809415445385 ] ] } },
{ "type": "Feature", "properties": { "edge_id": 101178, "from_node": 76444, "to_node": 76441, "length_m": 0.48764356872524994 }, "geometry": { "type": "LineString", "coordinates": [ [ 80.201819901804299, 13.0164090615168 ], [ 80.201819535947138, 13.016404666926242 ] ] } },
{ "type": "Feature", "properties": { "edge_id": 101267, "from_node": 84367, "to_node": 84382, "length_m": 0.38255563042003626 }, "geometry": { "type": "LineString", "coordinates": [ [ 80.209221206659009, 13.011639611280708 ], [ 80.209217689615599, 13.011639343772684 ] ] } },
{ "type": "Feature", "properties": { "edge_id": 101523, "from_node": 82319, "to_node": 82318, "length_m": 0.14201256922573346 }, "geometry": { "type": "LineString", "coordinates": [ [ 80.229071911589799, 13.112367643782447 ], [ 80.22907158428508, 13.112366400446184 ] ] } },
{ "type": "Feature", "properties": { "edge_id": 101665, "from_node": 37447, "to_node": 56260, "length_m": 0.34932547951827403 }, "geometry": { "type": "LineString", "coordinates": [ [ 80.258776027226219, 13.119275771953768 ], [ 80.258774535460887, 13.11927332000424 ], [ 80.258774376644737, 13.119273059138973 ] ] } },
{ "type": "Feature", "properties": { "edge_id": 101748, "from_node": 84543, "to_node": 34493, "length_m": 1.4074510288966384e-05 }, "geometry": { "type": "LineString", "coordinates": [ [ 80.2474436356013, 13.112894645410009 ], [ 80.247443635540918, 13.112894645297349 ] ] } },
{ "type": "Feature", "properties": { "edge_id": 101880, "from_node": 73911, "to_node": 73908, "length_m": 0.38491875686374638 }, "geometry": { "type": "LineString", "coordinates": [ [ 80.234314166557368, 12.913366509035713 ], [ 80.234317714290981, 12.913366553789553 ] ] } },
{ "type": "Feature", "properties": { "edge_id": 102115, "from_node": 83888, "to_node": 83887, "length_m": 0.3321017469519692 }, "geometry": { "type": "LineString", "coordinates": [ [ 80.228780444447466, 13.124312874646794 ], [ 80.228783477252605, 13.124312448817339 ] ] } },
{ "type": "Feature", "properties": { "edge_id": 102395, "from_node": 27909, "to_node": 4241, "length_m": 0.4556704168157607 }, "geometry": { "type": "LineString", "coordinates": [ [ 80.262493698168086, 13.107521492046203 ], [ 80.26249789785102, 13.107521316894312 ] ] } },
{ "type": "Feature", "properties": { "edge_id": 102720, "from_node": 66128, "to_node": 84919, "length_m": 0.49929463676807945 }, "geometry": { "type": "LineString", "coordinates": [ [ 80.295920365025651, 13.132182498593046 ], [ 80.295921040518564, 13.132181146852874 ], [ 80.295921515113577, 13.132179715897472 ], [ 80.295921780427634, 13.132178233734157 ] ] } },
{ "type": "Feature", "properties": { "edge_id": 102828, "from_node": 82446, "to_node": 66926, "length_m": 0.35863421494236014 }, "geometry": { "type": "LineString", "coordinates": [ [ 80.231360238930506, 13.079904789275691 ], [ 80.231360491794135, 13.079908022516802 ] ] } },
{ "type": "Feature", "properties": { "edge_id": 102839, "from_node": 82124, "to_node": 39973, "length_m": 0.4346466276413245 }, "geometry": { "type": "LineString", "coordinates": [ [ 80.174038525231822, 13.132641519695598 ], [ 80.174041467905354, 13.132638850064209 ] ] } },
{ "type": "Feature", "properties": { "edge_id": 102959, "from_node": 84995, "to_node": 84996, "length_m": 0.23387111911783579 }, "geometry": { "type": "LineString", "coordinates": [ [ 80.2189929579406, 13.064149136258735 ], [ 80.218995097635442, 13.064148868752451 ] ] } },
{ "type": "Feature", "properties": { "edge_id": 102965, "from_node": 66485, "to_node": 84994, "length_m": 0.40329137300471585 }, "geometry": { "type": "LineString", "coordinates": [ [ 80.218563892011872, 13.064217242764734 ], [ 80.218567575497929, 13.064216735796565 ] ] } },
{ "type": "Feature", "properties": { "edge_id": 103055, "from_node": 85019, "to_node": 28014, "length_m": 0.11588899747509629 }, "geometry": { "type": "LineString", "coordinates": [ [ 80.266208363052172, 13.094028071211692 ], [ 80.266207300974187, 13.094028190257635 ] ] } },
{ "type": "Feature", "properties": { "edge_id": 103059, "from_node": 28033, "to_node": 61908, "length_m": 0.45599484602868939 }, "geometry": { "type": "LineString", "coordinates": [ [ 80.264906686458929, 13.094168755213989 ], [ 80.264902505552953, 13.094169207154799 ] ] } },
{ "type": "Feature", "properties": { "edge_id": 103090, "from_node": 85027, "to_node": 85036, "length_m": 0.27403286193122139 }, "geometry": { "type": "LineString", "coordinates": [ [ 80.257018262914912, 13.023648894608035 ], [ 80.257020566235596, 13.023649913913548 ] ] } },
{ "type": "Feature", "properties": { "edge_id": 103245, "from_node": 85091, "to_node": 76259, "length_m": 4.9384221432383789e-05 }, "geometry": { "type": "LineString", "coordinates": [ [ 80.190438969674801, 12.970150419338699 ], [ 80.190438970092416, 12.970150419160831 ] ] } },
{ "type": "Feature", "properties": { "edge_id": 103290, "from_node": 56885, "to_node": 56883, "length_m": 0.41768845825646855 }, "geometry": { "type": "LineString", "coordinates": [ [ 80.276880248460699, 13.0921962848285 ], [ 80.276884074172443, 13.092195837120521 ] ] } },
{ "type": "Feature", "properties": { "edge_id": 103708, "from_node": 66982, "to_node": 83426, "length_m": 0.1642262162361981 }, "geometry": { "type": "LineString", "coordinates": [ [ 80.247021610113137, 13.073931634345611 ], [ 80.247021791676971, 13.07393016013115 ] ] } },
{ "type": "Feature", "properties": { "edge_id": 104116, "from_node": 75987, "to_node": 82066, "length_m": 0.2687948294259373 }, "geometry": { "type": "LineString", "coordinates": [ [ 80.23623187043448, 12.983100614002273 ], [ 80.236234246745951, 12.983099923843453 ] ] } },
{ "type": "Feature", "properties": { "edge_id": 104588, "from_node": 24432, "to_node": 57433, "length_m": 0.18974838691685858 }, "geometry": { "type": "LineString", "coordinates": [ [ 80.236342121451386, 13.094775645760492 ], [ 80.236341910848964, 13.094773942542563 ] ] } },
{ "type": "Feature", "properties": { "edge_id": 105045, "from_node": 85737, "to_node": 85738, "length_m": 0.0073109512304987065 }, "geometry": { "type": "LineString", "coordinates": [ [ 80.217546553425294, 13.127069163219884 ], [ 80.217546620782343, 13.12706915980789 ] ] } },
{ "type": "Feature", "properties": { "edge_id": 105071, "from_node": 85765, "to_node": 85766, "length_m": 0.084777943742360182 }, "geometry": { "type": "LineString", "coordinates": [ [ 80.205652814060159, 13.120489786341116 ], [ 80.205652712909227, 13.120490546448496 ] ] } },
{ "type": "Feature", "properties": { "edge_id": 105075, "from_node": 85768, "to_node": 85769, "length_m": 0.058387755188417996 }, "geometry": { "type": "LineString", "coordinates": [ [ 80.205434060366954, 13.121658702409441 ], [ 80.205434029152997, 13.12165922945278 ] ] } },
{ "type": "Feature", "properties": { "edge_id": 105108, "from_node": 85788, "to_node": 20402, "length_m": 0.30159577277916699 }, "geometry": { "type": "LineString", "coordinates": [ [ 80.206480772548232, 13.127306398156252 ], [ 80.206481040601631, 13.127309112440344 ] ] } },
{ "type": "Feature", "properties": { "edge_id": 105132, "from_node": 85806, "to_node": 85723, "length_m": 0.041164304468648646 }, "geometry": { "type": "LineString", "coordinates": [ [ 80.206710092881266, 13.122072955114016 ], [ 80.206710472104263, 13.122072935486148 ] ] } },
{ "type": "Feature", "properties": { "edge_id": 105240, "from_node": 85902, "to_node": 85903, "length_m": 0.32046247643858083 }, "geometry": { "type": "LineString", "coordinates": [ [ 80.216023208967485, 13.121758738402916 ], [ 80.216022899088955, 13.121761620006758 ] ] } },
{ "type": "Feature", "properties": { "edge_id": 105392, "from_node": 20427, "to_node": 86007, "length_m": 0.41033949508657919 }, "geometry": { "type": "LineString", "coordinates": [ [ 80.210159464177423, 13.12518720958775 ], [ 80.210163243137032, 13.125187428241043 ] ] } },
{ "type": "Feature", "properties": { "edge_id": 105397, "from_node": 86012, "to_node": 86010, "length_m": 0.22928028742658976 }, "geometry": { "type": "LineString", "coordinates": [ [ 80.216859153768866, 13.117857727779162 ], [ 80.216859282090809, 13.117855658484883 ] ] } },
{ "type": "Feature", "properties": { "edge_id": 105478, "from_node": 85956, "to_node": 3884, "length_m": 0.19197046656573499 }, "geometry": { "type": "LineString", "coordinates": [ [ 80.217630849682152, 13.11992883274476 ], [ 80.217631932996113, 13.119930205879578 ] ] } },
{ "type": "Feature", "properties": { "edge_id": 105630, "from_node": 85935, "to_node": 86087, "length_m": 0.39602556872929728 }, "geometry": { "type": "LineString", "coordinates": [ [ 80.214293897645589, 13.119956602812703 ], [ 80.214293844760249, 13.11996018323004 ] ] } },
{ "type": "Feature", "properties": { "edge_id": 105647, "from_node": 3682, "to_node": 31690, "length_m": 0.20427141294156639 }, "geometry": { "type": "LineString", "coordinates": [ [ 80.211074314096223, 13.116842018903471 ], [ 80.211073391062925, 13.11684362914435 ] ] } },
{ "type": "Feature", "properties": { "edge_id": 105756, "from_node": 85820, "to_node": 86197, "length_m": 0.2885597348743289 }, "geometry": { "type": "LineString", "coordinates": [ [ 80.204971400522012, 13.122888134381641 ], [ 80.204974061360417, 13.122888055796381 ] ] } },
{ "type": "Feature", "properties": { "edge_id": 105822, "from_node": 86214, "to_node": 86212, "length_m": 0.10719724841576878 }, "geometry": { "type": "LineString", "coordinates": [ [ 80.201573213119758, 13.062726427803177 ], [ 80.201574199791352, 13.062726489622154 ] ] } },
{ "type": "Feature", "properties": { "edge_id": 105878, "from_node": 86239, "to_node": 85804, "length_m": 0.038967936745071451 }, "geometry": { "type": "LineString", "coordinates": [ [ 80.205693599621782, 13.119992221697196 ], [ 80.20569357727463, 13.119992573356184 ] ] } },
{ "type": "Feature", "properties": { "edge_id": 105892, "from_node": 86110, "to_node": 85555, "length_m": 0.28167488327569123 }, "geometry": { "type": "LineString", "coordinates": [ [ 80.208910872828014, 13.123835814138499 ], [ 80.208913459777051, 13.123836054463325 ] ] } },
{ "type": "Feature", "properties": { "edge_id": 106041, "from_node": 86311, "to_node": 76133, "length_m": 2.6813713792625733e-05 }, "geometry": { "type": "LineString", "coordinates": [ [ 80.241889787910736, 12.952892987148806 ], [ 80.241889787675305, 12.952892987222693 ] ] } },
{ "type": "Feature", "properties": { "edge_id": 106074, "from_node": 76134, "to_node": 86331, "length_m": 1.7063383193167963e-06 }, "geometry": { "type": "LineString", "coordinates": [ [ 80.242012148774222, 12.953186208193472 ], [ 80.24201214878893, 12.953186208188011 ] ] } },
{ "type": "Feature", "properties": { "edge_id": 106166, "from_node": 86393, "to_node": 57544, "length_m": 0.46041008916454762 }, "geometry": { "type": "LineString", "coordinates": [ [ 80.207171520353441, 13.109470192470001 ], [ 80.207171758881827, 13.109474348842031 ] ] } },
{ "type": "Feature", "properties": { "edge_id": 106630, "from_node": 76132, "to_node": 86749, "length_m": 6.1048499572991159e-05 }, "geometry": { "type": "LineString", "coordinates": [ [ 80.241744124321841, 12.952525785247868 ], [ 80.241744124855046, 12.952525785071222 ] ] } },
{ "type": "Feature", "properties": { "edge_id": 106656, "from_node": 86777, "to_node": 86778, "length_m": 0.41368066198101489 }, "geometry": { "type": "LineString", "coordinates": [ [ 80.257539423671375, 12.983213849086255 ], [ 80.257543193675062, 12.983213281159667 ] ] } },
{ "type": "Feature", "properties": { "edge_id": 106765, "from_node": 86857, "to_node": 86702, "length_m": 0.17554856883552203 }, "geometry": { "type": "LineString", "coordinates": [ [ 80.256027597706748, 12.983896196797767 ], [ 80.25602740969336, 12.983894620232597 ] ] } },
{ "type": "Feature", "properties": { "edge_id": 106832, "from_node": 86613, "to_node": 30095, "length_m": 0.25734774185397441 }, "geometry": { "type": "LineString", "coordinates": [ [ 80.254478063435158, 13.092670190657733 ], [ 80.254477439577897, 13.092672435782372 ] ] } },
{ "type": "Feature", "properties": { "edge_id": 106932, "from_node": 67666, "to_node": 86113, "length_m": 0.093646407883660202 }, "geometry": { "type": "LineString", "coordinates": [ [ 80.225256828530917, 13.080453989334565 ], [ 80.225256722313631, 13.080453149022125 ] ] } },
{ "type": "Feature", "properties": { "edge_id": 107013, "from_node": 86627, "to_node": 86625, "length_m": 0.39022000182786282 }, "geometry": { "type": "LineString", "coordinates": [ [ 80.234338389914271, 13.156139018506435 ], [ 80.234341860200331, 13.156138078549303 ] ] } },
{ "type": "Feature", "properties": { "edge_id": 107104, "from_node": 87042, "to_node": 51079, "length_m": 0.36610333271441708 }, "geometry": { "type": "LineString", "coordinates": [ [ 80.188698624146994, 13.035775498781421 ], [ 80.188698500861065, 13.035778806816353 ] ] } },
{ "type": "Feature", "properties": { "edge_id": 107312, "from_node": 31911, "to_node": 82988, "length_m": 0.4715741504757785 }, "geometry": { "type": "LineString", "coordinates": [ [ 80.221977606193335, 13.089635835697608 ], [ 80.221981948763059, 13.089635589286784 ] ] } },
{ "type": "Feature", "properties": { "edge_id": 107362, "from_node": 76136, "to_node": 87192, "length_m": 1.7100886156431558e-06 }, "geometry": { "type": "LineString", "coordinates": [ [ 80.244551719228539, 12.959380089803435 ], [ 80.244551719243404, 12.959380089798314 ] ] } },
{ "type": "Feature", "properties": { "edge_id": 107414, "from_node": 86751, "to_node": 86748, "length_m": 0.010374006112362713 }, "geometry": { "type": "LineString", "coordinates": [ [ 80.241380292708371, 12.952653651143974 ], [ 80.241380321016464, 12.952653740742489 ] ] } },
{ "type": "Feature", "properties": { "edge_id": 107430, "from_node": 59760, "to_node": 59766, "length_m": 0.0095425354623657425 }, "geometry": { "type": "LineString", "coordinates": [ [ 80.274234419223518, 13.059287549093863 ], [ 80.27423450686598, 13.059287541201982 ] ] } },
{ "type": "Feature", "properties": { "edge_id": 107515, "from_node": 87257, "to_node": 76135, "length_m": 1.2683418667836072e-05 }, "geometry": { "type": "LineString", "coordinates": [ [ 80.24237143166043, 12.954007047091034 ], [ 80.242371431554901, 12.954007047140427 ] ] } },
{ "type": "Feature", "properties": { "edge_id": 107522, "from_node": 87206, "to_node": 87209, "length_m": 0.32530362745129521 }, "geometry": { "type": "LineString", "coordinates": [ [ 80.239397990320853, 12.954910716514657 ], [ 80.239395010594208, 12.954911049605304 ] ] } },
{ "type": "Feature", "properties": { "edge_id": 107567, "from_node": 87283, "to_node": 87284, "length_m": 3.8087088655425188e-05 }, "geometry": { "type": "LineString", "coordinates": [ [ 80.277088524808605, 13.11374404170472 ], [ 80.277088525159101, 13.113744041728824 ] ] } },
{ "type": "Feature", "properties": { "edge_id": 107578, "from_node": 46371, "to_node": 46370, "length_m": 0.40004935956895182 }, "geometry": { "type": "LineString", "coordinates": [ [ 80.209371098531804, 12.920463600495761 ], [ 80.209371541675779, 12.920467191507841 ] ] } },
{ "type": "Feature", "properties": { "edge_id": 107849, "from_node": 13449, "to_node": 13452, "length_m": 0.34735817387185985 }, "geometry": { "type": "LineString", "coordinates": [ [ 80.210681104107692, 12.920595595142954 ], [ 80.210680801441711, 12.920592468410886 ] ] } },
{ "type": "Feature", "properties": { "edge_id": 107853, "from_node": 53405, "to_node": 53408, "length_m": 0.162456793588419 }, "geometry": { "type": "LineString", "coordinates": [ [ 80.210550475364727, 12.919487608494178 ], [ 80.210550309420171, 12.919486148614716 ] ] } },
{ "type": "Feature", "properties": { "edge_id": 107855, "from_node": 54580, "to_node": 54577, "length_m": 0.23933901760762857 }, "geometry": { "type": "LineString", "coordinates": [ [ 80.210518354111528, 12.919208479978183 ], [ 80.210518193138427, 12.919207198241011 ], [ 80.210518080634699, 12.919206332582096 ] ] } },
{ "type": "Feature", "properties": { "edge_id": 107923, "from_node": 86409, "to_node": 86433, "length_m": 0.020540934476052888 }, "geometry": { "type": "LineString", "coordinates": [ [ 80.232758057824228, 12.902048537379102 ], [ 80.232757880653935, 12.902048602866349 ] ] } },
{ "type": "Feature", "properties": { "edge_id": 108054, "from_node": 17534, "to_node": 17552, "length_m": 0.49169266741804785 }, "geometry": { "type": "LineString", "coordinates": [ [ 80.280335565506888, 13.118165854890774 ], [ 80.280337160448468, 13.118170016854526 ] ] } },
{ "type": "Feature", "properties": { "edge_id": 108066, "from_node": 87487, "to_node": 87488, "length_m": 0.23963006852778512 }, "geometry": { "type": "LineString", "coordinates": [ [ 80.23823310297108, 12.953812062144271 ], [ 80.238230961591498, 12.953812594789108 ] ] } },
{ "type": "Feature", "properties": { "edge_id": 108068, "from_node": 86935, "to_node": 86934, "length_m": 0.2030791475860344 }, "geometry": { "type": "LineString", "coordinates": [ [ 80.237916581711104, 12.953890850256753 ], [ 80.237914766934963, 12.953891301571653 ] ] } },
{ "type": "Feature", "properties": { "edge_id": 108101, "from_node": 17495, "to_node": 17490, "length_m": 0.25238546016639662 }, "geometry": { "type": "LineString", "coordinates": [ [ 80.220379445495283, 13.14498037150619 ], [ 80.220380245286321, 13.144982162411688 ], [ 80.220380379042325, 13.144982462102924 ] ] } },
{ "type": "Feature", "properties": { "edge_id": 108119, "from_node": 87444, "to_node": 26967, "length_m": 0.078013907307974237 }, "geometry": { "type": "LineString", "coordinates": [ [ 80.242282493701438, 13.130577274454325 ], [ 80.2422830125318, 13.130577763341105 ] ] } },
{ "type": "Feature", "properties": { "edge_id": 108162, "from_node": 80307, "to_node": 80306, "length_m": 0.17269308040522999 }, "geometry": { "type": "LineString", "coordinates": [ [ 80.263772381373343, 12.98184146983875 ], [ 80.263773968539667, 12.98184134503056 ] ] } },
{ "type": "Feature", "properties": { "edge_id": 108383, "from_node": 86868, "to_node": 74387, "length_m": 0.46743797359188088 }, "geometry": { "type": "LineString", "coordinates": [ [ 80.236756614130215, 12.960805565369951 ], [ 80.236752370055029, 12.960806298899486 ] ] } },
{ "type": "Feature", "properties": { "edge_id": 108666, "from_node": 86663, "to_node": 86307, "length_m": 0.47489925434299496 }, "geometry": { "type": "LineString", "coordinates": [ [ 80.288997721307936, 13.110553180574701 ], [ 80.288993355907039, 13.110553541965059 ] ] } },
{ "type": "Feature", "properties": { "edge_id": 109446, "from_node": 63358, "to_node": 63357, "length_m": 0.14112760309125744 }, "geometry": { "type": "LineString", "coordinates": [ [ 80.270120441971386, 13.061931441472149 ], [ 80.270119141353092, 13.06193149205305 ] ] } },
{ "type": "Feature", "properties": { "edge_id": 109448, "from_node": 87890, "to_node": 87891, "length_m": 0.49245654909787667 }, "geometry": { "type": "LineString", "coordinates": [ [ 80.269770327857273, 13.061968796542329 ], [ 80.269765818007798, 13.061969325422943 ] ] } },
{ "type": "Feature", "properties": { "edge_id": 109452, "from_node": 28851, "to_node": 28852, "length_m": 0.19547138012885351 }, "geometry": { "type": "LineString", "coordinates": [ [ 80.268839180612943, 13.062317038634678 ], [ 80.268837881148613, 13.062318263769113 ] ] } },
{ "type": "Feature", "properties": { "edge_id": 109639, "from_node": 25354, "to_node": 25352, "length_m": 0.0040000006556513571 }, "geometry": { "type": "LineString", "coordinates": [ [ 80.251942229365085, 13.058708705652771 ], [ 80.251942229473926, 13.058708669485162 ] ] } },
{ "type": "Feature", "properties": { "edge_id": 109680, "from_node": 32415, "to_node": 32423, "length_m": 0.032300155578212454 }, "geometry": { "type": "LineString", "coordinates": [ [ 80.251506852579993, 13.033500736024791 ], [ 80.2515068525354, 13.033500443968194 ] ] } },
{ "type": "Feature", "properties": { "edge_id": 110583, "from_node": 426, "to_node": 39761, "length_m": 0.0013152961268393896 }, "geometry": { "type": "LineString", "coordinates": [ [ 80.297914213846013, 13.157541230164801 ], [ 80.297914215657897, 13.157541241924363 ] ] } },
{ "type": "Feature", "properties": { "edge_id": 110609, "from_node": 88195, "to_node": 53656, "length_m": 2.1229345064556704e-05 }, "geometry": { "type": "LineString", "coordinates": [ [ 80.188504401952201, 13.066187020346993 ], [ 80.188504401760383, 13.066187020385494 ] ] } },
{ "type": "Feature", "properties": { "edge_id": 110620, "from_node": 88197, "to_node": 26806, "length_m": 6.3690545590993467e-05 }, "geometry": { "type": "LineString", "coordinates": [ [ 80.26763660353086, 13.038969634314462 ], [ 80.267636603059842, 13.038969634658539 ] ] } },
{ "type": "Feature", "properties": { "edge_id": 110622, "from_node": 88198, "to_node": 23322, "length_m": 3.5412181516212718e-05 }, "geometry": { "type": "LineString", "coordinates": [ [ 80.286936967057073, 13.11599224303653 ], [ 80.286936966744818, 13.115992243130584 ] ] } },
{ "type": "Feature", "properties": { "edge_id": 110642, "from_node": 88219, "to_node": 88220, "length_m": 7.2509790588848917e-06 }, "geometry": { "type": "LineString", "coordinates": [ [ 80.272719550783094, 13.202494305773268 ], [ 80.272719550782, 13.202494305707713 ] ] } },
{ "type": "Feature", "properties": { "edge_id": 110746, "from_node": 88272, "to_node": 10311, "length_m": 0.2150508082930675 }, "geometry": { "type": "LineString", "coordinates": [ [ 80.167201798922775, 13.022605401191136 ], [ 80.16720211434118, 13.022607320881999 ] ] } },
{ "type": "Feature", "properties": { "edge_id": 110813, "from_node": 61392, "to_node": 88293, "length_m": 2.9241387073916837e-05 }, "geometry": { "type": "LineString", "coordinates": [ [ 80.246384488233318, 13.132196644292097 ], [ 80.246384488388344, 13.132196644508483 ] ] } },
{ "type": "Feature", "properties": { "edge_id": 110820, "from_node": 88297, "to_node": 13863, "length_m": 2.5313122820096775e-06 }, "geometry": { "type": "LineString", "coordinates": [ [ 80.251464846872864, 12.940550228490119 ], [ 80.251464846849686, 12.940550228492736 ] ] } },
{ "type": "Feature", "properties": { "edge_id": 110836, "from_node": 88308, "to_node": 62448, "length_m": 1.6854364010235205e-05 }, "geometry": { "type": "LineString", "coordinates": [ [ 80.242827371793609, 13.060504445138196 ], [ 80.242827371942909, 13.06050444509577 ] ] } },
{ "type": "Feature", "properties": { "edge_id": 110936, "from_node": 88395, "to_node": 88396, "length_m": 0.38311591151172086 }, "geometry": { "type": "LineString", "coordinates": [ [ 80.203560551257084, 12.915347181231398 ], [ 80.203564035473974, 12.915346616780765 ] ] } },
{ "type": "Feature", "properties": { "edge_id": 110945, "from_node": 88404, "to_node": 88405, "length_m": 0.28459747087884107 }, "geometry": { "type": "LineString", "coordinates": [ [ 80.203448768030185, 12.913204269070357 ], [ 80.203446209278567, 12.913204836341876 ] ] } },
{ "type": "Feature", "properties": { "edge_id": 110988, "from_node": 88442, "to_node": 53374, "length_m": 4.3091017551104089e-05 }, "geometry": { "type": "LineString", "coordinates": [ [ 80.20551606580878, 12.920425332033256 ], [ 80.205516065817463, 12.92042533242279 ] ] } },
{ "type": "Feature", "properties": { "edge_id": 110990, "from_node": 88444, "to_node": 53373, "length_m": 1.4079707993751719e-05 }, "geometry": { "type": "LineString", "coordinates": [ [ 80.205220365750208, 12.920456517059556 ], [ 80.205220365755181, 12.920456517186773 ] ] } },
{ "type": "Feature", "properties": { "edge_id": 110998, "from_node": 87395, "to_node": 88453, "length_m": 0.11260157088745208 }, "geometry": { "type": "LineString", "coordinates": [ [ 80.210098150566395, 12.918050259020912 ], [ 80.210097141356556, 12.918050496871659 ] ] } },
{ "type": "Feature", "properties": { "edge_id": 111010, "from_node": 88466, "to_node": 59212, "length_m": 0.44429111184786274 }, "geometry": { "type": "LineString", "coordinates": [ [ 80.202312722211019, 12.925864966670986 ], [ 80.20231277498938, 12.925868983586694 ] ] } }
]
}
